Series ID,A2335980C,A2335981F,A2335982J,A2335983K,A2335984L,A2335985R,A2335986T,A2335987V,A2335988W,A2335989X,A2335990J,A2335991K,A2335992L,A2335993R,A2335994T,A2335995V,A2335996W,A2335997X,A2335998A,A2336009X,A2336010J,A2336002J,A2336003K,A2336004L,A2336005R,A2335999C,A2336000C,A2336001F,A2713894R,A2713928A,A2336008W,A2336011K,A2336012L,A2336013R,A2335824A,A2335825C,A2335826F,A2335827J,A2335828K,A2335829L,A2335830W,A2335831X,A2335832A,A2335833C,A2335834F,A2335835J,A2478899T,A2336349V,A2335836K,A2335837L,A2335838R,A2335839T,A2335840A,A2335841C,A2335842F,A2335843J,A2335844K,A2335845L,A2335846R,A2335847T,A2335848V,A2335849W,A2335850F,A2335851J,A2335852K,A2335853L,A2335854R,A2335865W,A2335866X,A2335858X,A2335859A,A2335860K,A2335861L,A2335855T,A2335856V,A2335857W,A2713890F,A2713924T,A2335864V,A2335867A,A2335868C,A2335869F,A2335870R,A2335871T,A2335872V,A2335873W,A2335874X,A2335875A,A2335876C,A2335877F,A2335878J,A2335879K,A2335880V,A2335881W,A2478900R,A2336323W,A2714472J,A2714473K,A2714474L,A2714476T,A2714477V,A2714478W,A2714480J,A2714481K,A2714482L,A2714484T,A2714485V,A2714486W,A2714488A,A2714489C,A2714490L,A2714492T,A2714493V,A2714494W,A2714496A,A2714497C,A2714498F,A2714500F,A2714501J,A2714502K,A2714504R,A2714505T,A2714506V,A2714508X,A2714509A,A2714510K,A2714512R,A2714513T,A2714514V,A2714516X,A2714517A,A2714518C,A2714520R,A2714521T,A2714522V,A2714524X,A2714525A,A2714526C,A2714528J,A2714529K,A2714530V,A2714532X,A2714533A,A2714534C,A2714536J,A2714537K,A2714538L,A2714540X,A2714541A,A2714542C,A2714544J,A2714545K,A2714546L,A2335085J,A2335503L,A2335087L,A2335506V,A2335507W,A2335508X,A83748446J,A2334382K,A2334383L,A2334384R,A2334390K,A2334391L,A2334386V,A2334385T,A2713869L,A2713903F,A2334389A,A2334392R,A2334393T,A2334394V,A2334395W,A2334396X,A2334397A,A2334398C,A2334399F,A2334400C,A2334401F,A2334402J,A2715301J,A2715302K,A2715303L,A2715304R,A2715305T,A2715306V,A2715307W,A2715308X,A2715309A,A2715310K,A2715311L,A2715312R,A2715313T,A2715314V,A2715315W,A2715316X,A2715317A,A2715318C,A2715319F,A2334268F,A2334270T,A2715075W,A2715076X,A2715077A,A2715078C,A2715079F,A2715080R,A2715081T,A2715082V,A2715083W,A2715084X,A2715085A,A2715086C,A2715087F,A2715088J,A2715089K,A2715090V,A2715091W,A2715092X,A2715093A,A2529250J,A2478172C,A2478173F,A2478174J,A2478175K,A2714970X,A2714971A,A2714972C,A2714973F,A2714974J,A2714975K,A2714976L,A2714977R,A2714978T,A2714979V,A2714980C,A2714981F,A2714982J,A2714983K,A2714984L,A2714985R,A2714986T,A2714987V,A2714988W,A2529251K,A2477966L,A2477967R,A2477968T,A2715643J,A2715644K,A2715645L,A2715646R,A2715647T,A2715648V,A2715649W,A2715650F,A2715651J,A2715652K,A2715653L,A2715654R,A2715655T,A2715656V,A2715657W,A2715658X,A2715659A,A2715660K,A2715661L,A2529252L,A2477987X,A2477988A,A2477989C,A2714475R,A2714479X,A2714483R,A2714487X,A2714491R,A2714495X,A2714499J,A2714503L,A2714507W,A2714511L,A2714515W,A2714519F,A2714523W,A2714527F,A2714531W,A2714535F,A2714539R,A2714543F,A2714547R,A2529285J,A2478754C,A2478755F,A2478756J,A2478757K,A2714010R,A2714011T,A2714012V,A2714013W,A2714014X,A2714015A,A2714016C,A2714017F,A2714018J,A2714019K,A2714020V,A2714021W,A2714022X,A2714023A,A2714024C,A2714025F,A2714026J,A2714027K,A2714028L,A2529286K,A2478541X,A2478542A,A2478543C,A2715837F,A2715838J,A2715839K,A2715840V,A2715841W,A2715842X,A2715843A,A2715844C,A2715845F,A2715846J,A2715847K,A2715848L,A2715849R,A2715850X,A2715851A,A2715852C,A2715853F,A2715942J,A2715951K,A2529287L,A2478563L,A2478565T,A2714799K,A2714800J,A2714801K,A2714802L,A2714803R,A2714804T,A2714805V,A2714806W,A2714807X,A2714808A,A2714809C,A2714810L,A2714811R,A2714812T,A2714813V,A2714814W,A2714815X,A2714816A,A2714817C,A2529271V,A2528585T,A2528586V,A2528587W
Jun-1990,3312,8228,11366,3640,3570,845,6852,1507,1379,1547,3325,180,1910,1924,2425,5211,42,32061,43378,2818,1656,1730,684,210,2734,1536,-61,1471,369,424,4447,8210,887,587,1452,396,1084,1412,3075,11144,54532,2998,2691,811,986,2418,2576,59656,2097,3568,5665,1844,632,902,2874,362,1209,717,2138,257,1628,378,984,2610,22,16558,22223,1379,323,1009,309,99,1417,1954,-90,1864,320,372,3973,5675,480,429,909,433,607,1041,1950,7625,29848,2934,2098,471,677,243,466,31187,484,1399,1883,219,639,858,2580,2420,5000,429,467,896,1072,877,1949,900,540,1440,991,575,1566,521,143,665,987,838,1825,289,511,800,765,624,1389,148,583,731,614,234,848,495,144,640,1348,175,1523,1191,88,1279,1708,212,1920,140,72,211,478,219,697,1916,15360,12676,28036,2983,168,31187,,,,,,,,,,,,,,,,,,,,,,0,0,0,0,0,0,0,0,0,0,0,0,0,0,0,0,0,0,0,0,0,3802,2502,8926,5514,3200,2177,2198,1330,2685,462,2847,1481,2235,1805,3435,4042,3105,212,1954,5454,56530,4405,-1276,59656,,,,,,,,,,,,,,,,,,,,,,,,,,,,,,,,,,,,,,,,,,,,,,,1884,859,5911,1405,1702,1539,1611,515,1530,664,1470,773,911,707,1847,1517,1524,101,857,2059,29384,2248,-445,31187,,,,,,,,,,,,,,,,,,,,,,,,11.1,4.7,10.6,9.6,6.1,7.6,8.2,6.3,7.6,5.1,6.8,6.1,5.5,8.9,8.1,8.8,8.1,3.3,10.9,6.8,7,7.7,,,,,,,,,,,,,,,,,,,,,,,
Jun-1991,3423,8510,11752,3819,3321,841,7085,1559,1358,1619,3525,184,2002,1846,2391,5418,121,33022,44721,2934,1612,1414,925,150,2535,1392,-44,1346,378,456,4194,7954,772,580,1345,417,1093,1450,3013,10829,55396,3609,2725,897,948,918,2294,59442,2238,3870,6107,2010,681,930,3156,389,1244,817,2389,270,1762,405,1046,2882,67,18047,24155,1492,315,852,442,74,1368,1808,-66,1741,259,413,3782,5589,430,435,865,440,631,1071,1936,7525,31679,3090,2249,549,698,-948,419,31843,447,801,1248,218,677,895,2612,1984,4596,466,445,911,1150,966,2116,981,599,1580,987,607,1594,515,153,668,1044,849,1893,310,617,928,839,627,1466,154,642,796,637,245,882,516,159,675,1403,192,1595,1310,97,1407,1868,237,2105,143,73,216,506,242,747,2074,16107,12288,28395,3170,277,31843,0.0,0.0,0.0,0.0,0.0,0.0,0.0,0.0,0.0,0.0,0.0,0.0,0.0,0.0,0.0,0.0,0.0,0.0,0.0,0.0,0.0,0,0,0,0,0,0,0,0,0,0,0,0,0,0,0,0,0,0,0,0,0,3730,2421,8804,5405,3242,2053,2246,1290,2533,489,2753,1523,2216,1884,3497,4019,3240,210,2033,5608,56364,4356,-1277,59442,-1.9,-3.2,-1.4,-2.0,1.3,-5.7,2.2,-3.0,-5.7,5.9,-3.3,2.8,-0.9,4.4,1.8,-0.6,4.4,-0.9,4.0,2.8,-0.3,-1.1,-0.4,-0.1,-0.1,-0.2,-0.2,0.1,-0.2,0.1,-0.1,-0.3,0,-0.2,0.1,0,0.1,0.1,0,0.2,0,0.1,0.3,-0.1,0,-0.4,1251,900,5475,1401,1850,1684,1632,511,1600,767,1541,827,943,745,1978,1663,1665,102,911,2217,29663,2441,-261,31843,-33.6,4.7,-7.4,-0.3,8.7,9.4,1.3,-0.7,4.6,15.5,4.8,7.1,3.5,5.5,7.1,9.7,9.2,1.1,6.2,7.7,0.9,8.6,2.1,9.5,4.5,10.5,9.2,6.7,7.9,8.1,5.8,7.8,5.4,7.1,6.2,5.5,9,8,9,8,3.4,11,6.8,7.4,7.7,0,0,0,0,0,0,0,0,0,0,0,0,0,0,0,0,0,0,0,0,0,0,0
Jun-1992,3574,8696,12105,3848,3257,799,7281,1530,1347,1661,3529,197,2042,1916,2404,5482,387,33580,45626,2850,1672,733,746,88,1560,1398,-34,1364,290,446,3559,7094,744,696,1457,449,986,1412,3081,10023,55271,4265,2992,919,991,86,1809,58367,2398,4123,6521,2068,709,899,3397,403,1250,913,2382,301,1839,464,1106,3014,218,18964,25484,1483,315,437,368,44,849,1838,-51,1787,197,381,3214,5012,411,516,927,479,569,1048,1975,6987,32472,3599,2409,570,740,-1459,108,32140,410,997,1407,169,753,921,2573,2007,4579,448,534,982,933,783,1716,927,544,1471,1024,580,1604,519,138,657,1232,710,1943,308,725,1032,850,767,1617,149,529,679,626,194,819,533,130,663,1320,230,1550,1312,120,1432,1847,257,2103,153,80,233,561,265,825,2323,15894,12663,28558,3102,481,32140,0.0,0.0,0.0,0.0,0.0,0.0,0.0,0.0,0.0,0.0,0.0,0.0,0.0,0.0,0.0,0.0,0.0,0.0,0.0,0.0,0.0,0,0,0,0,0,0,0,0,0,0,0,0,0,0,0,0,0,0,0,0,0,3871,2609,8477,5267,2648,1937,2194,1266,2527,529,2890,1516,2272,1976,3487,4034,3290,209,1991,5744,55698,4335,-1667,58367,3.8,7.8,-3.7,-2.6,-18.3,-5.7,-2.3,-1.8,-0.2,8.0,5.0,-0.4,2.5,4.9,-0.3,0.4,1.5,-0.6,-2.1,2.4,-1.2,-0.5,-1.8,0.2,0.3,-0.6,-0.2,-1,-0.2,-0.1,0,0,0.1,0.2,0,0.1,0.2,0,0,0.1,0,-0.1,0.2,0,-0.7,-1.8,1408,924,5458,1526,1492,1578,1643,503,1625,851,1697,709,875,723,1864,1694,1669,107,1001,2496,29842,2438,-140,32140,12.5,2.7,-0.3,9,-19.3,-6.3,0.7,-1.6,1.6,11,10.1,-14.3,-7.2,-3.1,-5.8,1.8,0.2,5.5,9.9,12.6,0.6,-0.1,0.9,10.9,4.7,10.2,9.5,6,7.6,8.1,5.4,7.8,5.3,7.1,6.1,5.3,9,7.3,8.7,7.6,3.2,11,7.3,7.5,7.6,0,0,0,0,0,0,0,0,0,0,0,0,0,0,0,0,0,0,0,0,0,0,0
Jun-1993,3581,9465,12792,3625,3011,762,7419,1639,1364,1639,3571,220,2018,1862,2250,5469,550,33447,46154,2989,1781,705,454,41,1221,1326,-50,1273,355,586,3403,7027,610,601,1230,453,1167,1558,3025,9903,55630,4580,3495,984,1025,1954,1397,60025,2426,4539,6964,2010,764,871,3517,441,1269,895,2454,337,1888,488,1079,3063,313,19390,26354,1554,372,423,226,20,669,1821,-79,1742,219,502,3132,5059,346,449,796,443,676,1120,1915,6974,33328,3941,3093,616,820,-408,187,33751,433,1182,1616,176,820,996,2703,2024,4727,440,614,1053,893,792,1685,1005,597,1602,1049,623,1672,585,143,728,1244,823,2067,314,708,1021,924,1071,1995,161,531,692,674,195,868,580,133,714,1342,249,1591,1359,126,1485,1914,278,2192,150,96,246,577,285,862,2416,16524,13705,30229,3228,294,33751,0.0,0.0,0.0,0.0,0.0,0.0,0.0,0.0,0.0,0.0,0.0,0.0,0.0,0.0,0.0,0.0,0.0,0.0,0.0,0.0,0.0,0,0,0,0,0,0,0,0,0,0,0,0,0,0,0,0,0,0,0,0,0,3489,2592,8354,5510,2696,1877,2215,1187,2543,597,3015,1627,2144,2067,3518,4271,3327,199,2000,5893,56138,4426,-541,60025,-9.9,-0.7,-1.5,4.6,1.8,-3.1,0.9,-6.3,0.6,13.0,4.3,7.4,-5.6,4.6,0.9,5.9,1.1,-4.9,0.4,2.6,0.8,2.1,2.8,-0.7,0,-0.2,0.4,0.1,-0.1,0,-0.1,0,0.1,0.2,0.2,-0.2,0.2,0.1,0.4,0.1,0,0,0.3,0.2,1.9,2.8,1616,1004,5648,1649,1473,1715,1713,557,1735,843,2093,730,925,775,1919,1755,1741,111,1044,2562,31609,2553,-411,33751,14.8,8.7,3.5,8,-1.3,8.7,4.3,10.8,6.8,-0.9,23.4,3.1,5.8,7.2,2.9,3.6,4.3,3.3,4.2,2.7,5.9,4.7,5,11.2,4.9,9.9,10.2,5.8,7.8,7.8,5.7,8,5.1,7.5,6.1,5.2,9,7.2,8.3,7.6,3.1,10.8,7.3,7.6,7.6,0,0,0,0,0,0,0,0,0,0,0,0,0,0,0,0,0,0,0,0,0,0,0
Jun-1994,3754,9155,12734,3740,2955,773,7642,1597,1396,1671,3599,241,2146,1876,2552,5278,283,33904,46561,3249,1873,507,526,56,1083,1314,-32,1281,358,604,3352,7176,474,460,946,477,1116,1550,2726,9787,55882,4891,3129,1097,939,1860,2172,61834,2558,4531,7089,2120,838,883,3652,435,1322,936,2522,366,2050,520,1252,3003,164,20062,27151,1746,410,307,263,28,597,1849,-52,1797,232,511,3137,5294,287,306,592,459,634,1093,1685,6979,34130,4013,2838,689,757,-507,347,35077,459,1247,1706,176,753,929,2710,2400,5110,404,500,904,928,738,1666,1011,657,1668,1070,626,1696,585,198,783,1258,761,2019,338,826,1164,969,1127,2096,199,423,622,836,164,1000,674,111,786,1535,264,1799,1456,146,1602,2043,294,2338,183,104,287,596,278,874,2472,17431,14089,31519,3468,90,35077,0.0,0.0,0.0,0.0,0.0,0.0,0.0,0.0,0.0,0.0,0.0,0.0,0.0,0.0,0.0,0.0,0.0,0.0,0.0,0.0,0.0,0,0,0,0,0,0,0,0,0,0,0,0,0,0,0,0,0,0,0,0,0,3413,2742,8805,5741,2614,2045,2308,1201,2744,654,3395,1605,2311,2182,3584,4381,3437,191,2044,6068,58634,4616,-1419,61834,-2.2,5.8,5.4,4.2,-3.0,9.0,4.2,1.2,7.9,9.5,12.6,-1.4,7.8,5.6,1.9,2.6,3.3,-4.0,2.2,3.0,4.4,4.3,3.0,-0.1,0.3,0.8,0.4,-0.1,0.3,0.2,0,0.3,0.1,0.6,0,0.3,0.2,0.1,0.2,0.2,0,0.1,0.3,0.3,-1.5,3,1702,931,6071,1419,1454,1782,1741,602,1684,963,2202,674,1073,844,2122,1891,1858,130,1060,2640,32843,2738,-504,35077,5.3,-7.4,7.5,-13.9,-1.2,3.9,1.6,8,-2.9,14.2,5.2,-7.7,16,8.9,10.6,7.8,6.8,16.8,1.6,3.1,3.9,7.2,3.9,10.9,4.6,9.8,8.8,5.4,7.5,7.7,5.3,7.7,5.3,7,6.1,5.9,9.5,7.8,8.5,7.8,3.4,10.9,7.3,7.4,7.5,0,0,0,0,0,0,0,0,0,0,0,0,0,0,0,0,0,0,0,0,0,0,0
Jun-1995,3828,9150,12819,3786,3155,824,7864,1689,1423,1713,3711,260,2348,1883,3132,5360,443,35671,48437,2803,1656,707,535,-55,1209,1940,-18,1927,381,629,4434,8158,615,374,993,539,1228,1725,2972,11016,59108,4609,3466,1214,1087,-155,2301,62524,2619,4530,7149,2210,944,931,3764,460,1368,987,2644,400,2251,559,1586,3127,265,21496,28645,1572,425,439,272,-28,682,2650,-27,2622,270,527,4102,6098,386,242,628,504,701,1206,1833,7932,36577,4074,3142,759,869,-1163,252,36487,475,1304,1779,183,695,879,2756,2423,5179,382,536,918,917,715,1633,984,683,1667,1145,703,1848,623,229,852,1242,932,2175,340,734,1074,919,1562,2482,219,391,610,980,150,1131,724,107,832,1417,241,1658,1421,143,1564,2181,299,2481,199,100,299,635,262,897,2484,17746,14694,32440,3795,252,36487,0.0,0.0,0.0,0.0,0.0,0.0,0.0,0.0,0.0,0.0,0.0,0.0,0.0,0.0,0.0,0.0,0.0,0.0,0.0,0.0,0.0,0,0,0,0,0,0,0,0,0,0,0,0,0,0,0,0,0,0,0,0,0,2574,2680,9118,5398,2447,2249,2423,1259,2925,727,3415,1686,2808,2504,3576,4383,3557,201,2114,6251,59880,5004,-2379,62524,-24.6,-2.3,3.6,-6.0,-6.4,10.0,5.0,4.8,6.6,11.2,0.6,5.0,21.5,14.8,-0.2,0.0,3.5,5.4,3.4,3.0,2.1,8.4,1.1,-1.4,-0.1,0.5,-0.6,-0.3,0.3,0.2,0.1,0.3,0.1,0,0.1,0.8,0.5,0,0,0.2,0,0.1,0.3,0.6,-1.6,1.1,1775,882,6166,1430,1416,1778,1894,660,1836,890,2589,643,1189,869,1985,1845,1970,135,1087,2754,33791,2947,-252,36487,4.3,-5.2,1.6,0.7,-2.7,-0.3,8.8,9.7,9,-7.6,17.6,-4.5,10.8,3,-6.5,-2.4,6,3.9,2.5,4.3,2.9,7.7,4,11.9,4.1,9.5,9.5,4.8,7.2,7.7,5.4,7.4,5,7.3,6,5.9,9.2,6.9,8.2,7.9,3.2,10.9,7.2,7.3,7.4,0,0,0,0,0,0,0,0,0,0,0,0,0,0,0,0,0,0,0,0,0,0,0
Jun-1996,4114,9337,13336,3888,3133,844,8041,1671,1418,1841,3859,299,2615,1853,3422,5439,262,36871,50147,2359,1475,792,538,174,1512,1653,50,1716,430,723,4430,7758,605,139,743,554,1138,1671,2655,10330,59944,5101,3316,1318,1074,867,2101,64940,2940,4508,7448,2327,1010,954,3868,467,1389,1102,2809,459,2493,601,1767,3291,163,22701,30148,1302,358,505,281,91,877,2228,74,2302,227,606,4013,5674,403,86,489,512,650,1161,1650,7324,37472,4717,3039,840,870,-647,259,38732,482,1807,2289,231,852,1082,3011,2404,5415,373,594,967,911,701,1612,1052,790,1842,1215,751,1966,671,251,922,1271,1035,2306,373,798,1171,909,1463,2371,227,435,662,1024,140,1164,729,115,844,1526,226,1752,1467,137,1604,2367,296,2663,239,81,320,649,275,925,2489,18727,15639,34366,4107,260,38732,0.0,0.0,0.0,0.0,0.0,0.0,0.0,0.0,0.0,0.0,0.0,0.0,0.0,0.0,0.0,0.0,0.0,0.0,0.0,0.0,0.0,0,0,0,0,0,0,0,0,0,0,0,0,0,0,0,0,0,0,0,0,0,3049,2703,9244,4954,2351,2402,2591,1225,3135,789,3655,1757,2785,2576,3733,4419,3741,198,2180,6320,61971,5117,-2165,64940,18.4,0.9,1.4,-8.2,-3.9,6.8,6.9,-2.7,7.2,8.4,7.0,4.2,-0.8,2.9,4.4,0.8,5.2,-1.3,3.1,1.1,3.5,2.3,3.9,0.8,0,0.2,-0.7,-0.2,0.2,0.3,-0.1,0.3,0.1,0.4,0.1,0,0.1,0.2,0.1,0.3,0,0.1,0.1,0.2,0.3,3.9,2287,1085,6468,1529,1396,1949,2015,717,1939,973,2540,696,1226,882,2101,1888,2111,146,1122,2774,35846,3146,-259,38732,28.8,23,4.9,7,-1.4,9.6,6.4,8.6,5.6,9.3,-1.9,8.2,3.1,1.6,5.8,2.3,7.2,8.4,3.3,0.7,6.1,6.7,6.2,12.8,4.5,9.6,10.5,4.5,7.3,7.6,5.6,7.5,5.1,6.6,5.9,5.6,8.9,6.8,8.1,7.9,3.2,10.5,7,7.3,7.3,0,0,0,0,0,0,0,0,0,0,0,0,0,0,0,0,0,0,0,0,0,0,0
Jun-1997,4114,9654,13611,4059,3151,777,8206,1731,1337,1700,3957,341,2771,1885,3142,5698,325,37377,50920,2438,1482,1091,562,157,1846,2185,-50,2140,472,856,5420,9047,577,277,843,613,1284,1870,2985,11947,62522,6095,3860,1404,1197,-46,2009,66927,2929,4710,7639,2487,1051,884,3981,505,1319,1087,2872,515,2613,646,1676,3462,205,23303,30941,1318,362,702,294,83,1079,2767,-69,2698,271,713,4762,6442,391,172,563,545,735,1280,1843,8285,39227,5340,3356,906,946,-864,325,40632,575,1606,2181,229,902,1130,2987,2845,5833,345,846,1191,1079,725,1803,1075,731,1806,1369,696,2064,717,206,923,1377,939,2316,385,841,1226,957,1665,2622,233,490,723,1036,141,1177,713,121,834,1668,253,1920,1610,146,1756,2332,275,2607,245,87,332,672,277,949,2776,19603,16566,36169,4138,325,40632,0.0,0.0,0.0,0.0,0.0,0.0,0.0,0.0,0.0,0.0,0.0,0.0,0.0,0.0,0.0,0.0,0.0,0.0,0.0,0.0,0.0,0,0,0,0,0,0,0,0,0,0,0,0,0,0,0,0,0,0,0,0,0,3083,2753,9246,4649,2598,2326,2634,1255,3192,851,3985,1892,2828,2650,4101,4626,3832,209,2285,6560,63772,5207,-2066,66927,1.1,1.8,0.0,-6.1,10.5,-3.1,1.7,2.4,1.8,7.9,9.0,7.7,1.5,2.9,9.9,4.7,2.4,5.3,4.8,3.8,2.9,1.8,3.1,0.1,0.1,0,-0.5,0.4,-0.1,0.1,0,0.1,0.1,0.5,0.2,0.1,0.1,0.6,0.3,0.1,0,0.2,0.4,0.1,0.2,3.1,2184,1183,6972,1857,1581,1932,2083,716,1905,1020,2555,758,1250,881,2320,2083,2212,151,1158,2986,37789,3167,-325,40632,-4.5,9,7.8,21.4,13.2,-0.9,3.4,0,-1.8,4.9,0.6,9,1.9,-0.1,10.4,10.4,4.8,3.3,3.2,7.6,5.4,0.7,4.9,12.1,4.9,10.2,12.7,4.7,6.9,7.3,5.4,7.1,4.9,6.2,5.9,5.3,8.6,6.9,8.3,7.8,3.1,10.2,6.9,7,7.3,0,0,0,0,0,0,0,0,0,0,0,0,0,0,0,0,0,0,0,0,0,0.1,0
Jun-1998,4413,10211,14473,4228,3116,821,8405,1794,1471,1744,4338,374,2968,1922,3051,6034,266,39075,53459,2783,1597,1342,940,374,2659,2552,-97,2457,419,871,6395,10551,446,292,725,555,1255,1770,2746,13280,66453,5569,4327,1438,1249,413,2221,70517,3181,5162,8343,2619,1066,935,4173,533,1451,1140,3069,562,2801,697,1657,3820,168,24688,33032,1480,429,878,496,202,1577,3263,-133,3130,269,725,5701,7610,308,179,487,508,732,1239,1727,9337,42368,5156,3922,939,1049,-502,412,43403,577,1795,2372,218,937,1155,3013,3511,6524,359,908,1267,1138,914,2052,1219,719,1939,1492,734,2226,794,215,1009,1202,968,2169,405,1039,1444,1070,1638,2708,267,502,769,1158,147,1305,805,137,942,1800,284,2084,1648,152,1800,2322,278,2600,248,142,390,691,279,970,2930,20426,18229,38655,4337,412,43403,0.0,0.0,0.0,0.0,0.0,0.0,0.0,0.0,0.0,0.0,0.0,0.0,0.0,0.0,0.0,0.0,0.0,0.0,0.0,0.0,0.0,0,0,0,0,0,0,0,0,0,0,0,0,0,0,0,0,0,0,0,0,0,3135,2651,10157,4866,3164,2581,2818,1310,3018,980,4237,1947,2908,2794,4232,4731,3924,214,2237,6704,67209,5577,-2286,70517,1.7,-3.7,9.9,4.7,21.8,10.9,7.0,4.3,-5.4,15.2,6.3,2.9,2.8,5.4,3.2,2.3,2.4,2.5,-2.1,2.2,5.4,7.1,5.4,0.1,-0.2,1.4,0.3,0.8,0.4,0.3,0.1,-0.3,0.2,0.4,0.1,0.1,0.2,0.2,0.2,0.1,0,-0.1,0.2,0.6,-0.3,5.4,2368,1165,7747,2013,1801,2077,2215,789,1820,1206,2747,827,1388,998,2497,2136,2221,175,1186,3139,40515,3300,-412,43403,8.4,-1.5,11.1,8.4,14,7.5,6.3,10.1,-4.4,18.2,7.5,9,11,13.2,7.6,2.5,0.4,16.2,2.5,5.1,7.2,4.2,6.8,13.2,4.5,10.5,12.8,5.2,7.3,7.5,5.4,6.5,5.2,6.2,5.9,5.4,8.5,7.1,8,7.7,3.1,10.3,6.8,7,7.4,0,0,0,0,0,0,0,0,0,0,0,0,0,0,0,0,0,0,0,0,0,0,0
Jun-1999,4162,10576,14479,4233,3341,838,8645,1893,1440,1890,4544,427,3126,2009,3404,6385,229,40834,55263,3027,1673,1082,742,78,1926,1954,-115,1837,466,875,5060,9110,515,456,945,534,1050,1572,2760,11814,66585,6135,4095,1492,1296,1242,2041,72106,2917,5507,8424,2756,1160,944,4365,573,1415,1221,3179,618,2942,783,1879,4053,146,26035,34459,1679,456,708,394,43,1145,2567,-158,2409,277,729,4560,6695,346,291,638,505,640,1146,1784,8479,42937,5430,3842,983,1142,-597,331,44101,612,1974,2587,222,935,1157,3050,2958,6008,361,939,1299,1061,738,1799,1157,706,1862,1476,760,2236,833,266,1098,1273,821,2094,420,1118,1538,1079,1738,2817,273,443,716,1261,131,1391,935,107,1042,1832,525,2357,1699,243,1941,2406,340,2746,266,147,413,698,288,986,3083,20914,18259,39173,4597,331,44101,0.0,0.0,0.0,0.0,0.0,0.0,0.0,0.0,0.0,0.0,0.0,0.0,0.0,0.0,0.0,0.0,0.0,0.0,0.0,0.0,0.0,0,0,0,0,0,0,0,0,0,0,0,0,0,0,0,0,0,0,0,0,0,3410,2673,10087,4977,2866,2630,2920,1421,2925,1040,4463,1881,3067,2936,4172,4793,4133,236,2303,6827,68389,5799,-2098,72106,8.8,0.8,-0.7,2.3,-9.4,1.9,3.6,8.5,-3.1,6.1,5.3,-3.4,5.5,5.1,-1.4,1.3,5.3,10.3,3.0,1.8,1.8,4.0,2.3,0.4,0,-0.1,0.2,-0.4,0.1,0.1,0.2,-0.1,0.1,0.3,-0.1,0.2,0.2,-0.1,0.1,0.3,0,0.1,0.2,0.3,0.3,2.3,2592,1212,7203,2102,1598,2038,2287,862,1793,1261,2817,774,1477,1095,2463,2302,2432,186,1213,3263,40971,3461,-331,44101,9.5,4.1,-7,4.4,-11.3,-1.9,3.2,9.2,-1.5,4.6,2.6,-6.4,6.5,9.7,-1.3,7.8,9.5,6.3,2.2,4,1.1,4.9,1.6,13.7,4.8,9.7,13,4.3,6.8,7.4,5.4,6,5.2,5.9,5.7,5.1,8.1,6.7,8.1,7.8,3.1,9.8,6.7,7,7.1,0,0,0,0,0,0,0,0,0,0,0,0,0,0,0,0,0,0,0,0,0,0,0
Jun-2000,4517,10843,15147,4247,3392,855,8869,1942,1561,1976,4347,483,3260,2120,3558,6762,65,41900,56976,3559,1916,1034,1488,5326,7377,2284,-110,2173,523,859,9167,14637,557,-4317,-3533,640,1326,1941,-1499,13639,70274,6671,4611,1763,1385,61,1888,74660,3254,5809,9063,2814,1244,953,4575,603,1536,1388,3150,666,3066,859,2030,4365,42,27291,36353,2120,597,688,834,3058,4580,2877,-143,2734,328,712,8353,11070,374,-2740,-2366,596,805,1401,-965,10105,46459,6135,4469,1179,1219,-1738,237,46583,637,1939,2576,193,1073,1265,3234,2804,6038,409,721,1129,1238,1128,2366,1269,769,2038,1542,763,2306,897,311,1209,1345,980,2325,442,1134,1576,1104,2197,3300,267,500,767,1216,178,1394,1022,104,1126,1936,427,2363,1756,215,1972,2509,370,2879,284,181,466,765,293,1059,3313,22064,19402,41465,4881,237,46583,0.0,0.0,0.0,0.0,0.0,0.0,0.0,0.0,0.0,0.0,0.0,0.0,0.0,0.0,0.0,0.0,0.0,0.0,0.0,0.0,0.0,0,0,0,0,0,0,0,0,0,0,0,0,0,0,0,0,0,0,0,0,0,3340,2437,10392,4882,3782,2825,2984,1385,3221,1070,4850,1759,2872,2785,4449,4889,4360,258,2219,7030,70698,5882,-1936,74660,-2.0,-8.8,3.0,-1.9,32.0,7.4,2.2,-2.5,10.1,2.9,8.7,-6.5,-6.4,-5.1,6.6,2.0,5.5,9.4,-3.7,3.0,3.4,1.4,3.5,-0.1,-0.3,0.4,-0.1,1.3,0.3,0.1,0,0.4,0,0.5,-0.2,-0.3,-0.2,0.4,0.1,0.3,0,-0.1,0.3,0.1,0.2,3.5,2595,1267,7327,1849,2214,2194,2359,955,2004,1281,3114,838,1478,1169,2667,2301,2671,204,1312,3448,43247,3572,-237,46583,0.1,4.5,1.7,-12,38.5,7.7,3.1,10.8,11.8,1.5,10.5,8.3,0.1,6.8,8.3,0,9.8,9.3,8.2,5.7,5.6,3.2,5.6,12.6,4.5,9.6,11.3,5.3,6.9,7.3,5.6,6.5,5.1,6,5.5,4.6,7.5,7.1,7.8,7.9,3,9.8,6.6,6.8,7,0,0,0,0,0,0,0,0,0,0,0,0,0,0,0,0,0,0,0,0,0,0,0
Jun-2001,4286,10955,14969,4350,3452,830,9074,2034,1628,2296,4495,540,3362,2141,3805,6824,140,43448,58390,2682,1842,951,1070,2166,3988,2638,-173,2462,450,1027,7361,11740,307,-1499,-1112,618,1216,1820,884,12753,70645,8128,4750,1893,1536,1242,1500,77122,3207,6158,9365,2916,1395,1003,4832,707,1658,1569,3385,798,3260,924,2345,4586,97,29475,38840,1743,582,662,625,1265,2552,3386,-223,3163,306,885,6907,9232,202,-921,-720,586,776,1362,643,9875,48715,8413,5263,1281,1499,-2112,254,49788,687,2818,3505,195,1429,1624,3269,2608,5877,425,659,1084,1153,762,1915,1290,736,2026,1590,789,2379,943,332,1275,1361,965,2326,458,1206,1663,1450,2280,3729,275,498,774,1361,200,1561,1124,113,1236,1959,514,2474,1925,257,2182,2629,372,3000,290,190,480,769,290,1058,3711,23152,20728,43879,5655,254,49788,0.0,0.0,0.0,0.0,0.0,0.0,0.0,0.0,0.0,0.0,0.0,0.0,0.0,0.0,0.0,0.0,0.0,0.0,0.0,0.0,0.0,0,0,0,0,0,0,0,0,0,0,0,0,0,0,0,0,0,0,0,0,0,3766,2862,10518,5091,3083,2801,3146,1477,3383,1109,5195,1770,3184,2934,4257,4985,4580,274,2379,7230,72901,5734,-1532,77122,12.7,17.4,1.2,4.3,-18.5,-0.8,5.4,6.6,5.0,3.6,7.1,0.6,10.9,5.3,-4.3,2.0,5.0,5.9,7.2,2.8,3.1,-2.5,3.3,0.6,0.6,0.2,0.3,-0.9,0,0.2,0.1,0.2,0.1,0.5,0,0.4,0.2,-0.3,0.1,0.3,0,0.2,0.3,-0.2,0.5,3.3,3533,1693,7121,1835,1868,2227,2484,1003,2132,1356,3492,848,1688,1328,2639,2561,2855,216,1334,3563,45773,4268,-254,49788,36.1,33.6,-2.8,-0.8,-15.6,1.5,5.3,5,6.4,5.9,12.1,1.1,14.2,13.6,-1,11.3,6.9,6.2,1.6,3.3,5.8,19.5,6.9,14.3,4.8,9.2,10.4,5.1,6.8,7.3,5.5,6.6,5.1,6.4,5.2,4.6,7.4,6.6,8,7.8,3,9.6,6.6,7,7.1,0,0,0,0,0,0,0,0,0,0,0,0,0,0,0,0,0,0,0,0,0,0,0
Jun-2002,4718,11137,15648,4598,3472,890,9239,1966,1801,2462,4619,566,3572,2273,3975,6967,135,45203,60818,3220,2171,1209,1756,255,3152,2871,-153,2715,466,1078,7195,12119,351,122,471,604,1243,1824,2297,14465,74910,8782,5089,1871,1340,-1546,2294,79882,3544,6575,10120,3199,1459,1047,5119,708,1894,1715,3393,845,3533,1004,2538,4878,96,31428,41547,2177,758,877,1061,152,2090,3692,-196,3497,348,945,6879,9814,249,82,331,587,819,1406,1737,11551,53098,9160,5491,1295,1351,-3951,877,53639,688,3693,4381,204,1364,1568,3455,2594,6049,444,1008,1452,1335,1136,2471,1314,844,2159,1676,927,2603,949,337,1286,1389,949,2338,462,1216,1677,1211,2089,3300,301,551,852,1542,213,1755,1278,159,1437,2170,574,2744,2008,309,2317,2934,417,3351,314,199,513,834,334,1168,3358,24507,22270,46777,5984,877,53639,0.0,0.0,0.0,0.0,0.0,0.0,0.0,0.0,0.0,0.0,0.0,0.0,0.0,0.0,0.0,0.0,0.0,0.0,0.0,0.0,0.0,0,0,0,0,0,0,0,0,0,0,0,0,0,0,0,0,0,0,0,0,0,4194,2774,10232,4840,4017,3003,3439,1578,3467,1107,5274,1851,3429,3239,4748,5026,4973,276,2381,7246,76222,5989,-2348,79882,11.3,-3.1,-2.7,-4.9,30.3,7.2,9.3,6.9,2.5,-0.1,1.5,4.6,7.7,10.4,11.5,0.8,8.6,1.0,0.1,0.2,4.6,4.5,3.6,0.6,-0.1,-0.4,-0.3,1.2,0.3,0.4,0.1,0.1,0,0.1,0.1,0.3,0.4,0.6,0.1,0.5,0,0,0,0.3,-1.1,3.6,4369,1653,7337,2279,2527,2427,2785,1015,2237,1365,3447,935,1893,1526,3043,2607,3139,231,1462,3770,50048,4468,-877,53639,23.7,-2.4,3,24.2,35.3,9,12.1,1.2,4.9,0.7,-1.3,10.3,12.2,15,15.3,1.8,10,6.8,9.6,5.8,9.3,4.7,7.7,14.7,4.5,9.2,12,5.9,6.8,7.5,5.5,6.5,4.9,6,5.3,4.9,7.6,7.1,7.7,8,3.1,9.6,6.6,7,7.1,0,0,0,0,0,0,0,0,0,0,0,0,0,0,0,0,0,0,0,0,0,0,0
Jun-2003,4812,11035,15664,4757,3555,983,9459,2067,1924,2583,4673,601,3881,2183,4328,7069,147,47061,62724,3701,2093,1361,2138,55,3486,3805,-195,3607,323,1224,8650,14205,271,378,635,730,1339,2066,2696,16958,79555,8312,5779,1932,1360,-3704,2355,81310,3695,6553,10248,3461,1556,1175,5506,847,2020,1887,3571,939,3826,1048,2862,5088,108,33892,44140,2627,904,1015,1334,34,2383,4726,-239,4487,258,1063,8191,11722,188,256,443,677,882,1559,2002,13724,57863,8448,6057,1378,1351,-4463,876,56695,801,2572,3373,225,1260,1485,3423,3217,6640,543,1389,1932,1219,1568,2787,1521,1060,2582,1802,952,2755,850,367,1217,1439,847,2286,531,1307,1839,1394,2149,3543,390,617,1007,1720,201,1921,1359,172,1530,2301,684,2985,2085,345,2429,3237,434,3671,264,279,544,780,384,1164,3470,25886,23275,49162,6657,876,56695,0.0,0.0,0.0,0.0,0.0,0.0,0.0,0.0,0.0,0.0,0.0,0.0,0.0,0.0,0.0,0.0,0.0,0.0,0.0,0.0,0.0,0,0,0,0,0,0,0,0,0,0,0,0,0,0,0,0,0,0,0,0,0,3209,2520,10546,4819,4674,3186,3793,1670,3796,1266,5433,1984,3521,3191,4920,5002,5210,303,2281,7311,77431,6249,-2410,81310,-23.5,-9.1,3.1,-0.4,16.3,6.1,10.3,5.8,9.5,14.4,3.0,7.2,2.7,-1.5,3.6,-0.5,4.8,9.7,-4.2,0.9,1.6,4.3,1.8,-1.2,-0.3,0.4,0,0.8,0.2,0.4,0.1,0.4,0.2,0.2,0.2,0.1,-0.1,0.2,0,0.3,0,-0.1,0.1,0.3,-0.1,1.8,3423,1552,8057,2480,2853,2749,3099,958,2477,1546,3590,1069,2060,1673,3284,2659,3388,259,1431,3984,52589,4982,-876,56695,-21.7,-6.1,9.8,8.8,12.9,13.3,11.3,-5.6,10.7,13.2,4.1,14.4,8.8,9.6,7.9,2,7.9,11.9,-2.1,5.7,5.1,11.5,5.7,14.8,4.2,9.3,12.2,5.8,6.9,7.9,5.1,6.7,5.3,6.1,5.3,4.9,7.4,7.3,7.3,8.1,3.3,8.8,6.6,7.1,7.1,0,0,0,0,0,0,0,0,0,0,0,0,0,0,0,0,0,0,0,0,0,0,0
Jun-2004,5042,11372,16241,4822,3469,1048,9704,2124,2022,2394,4777,618,4376,2248,4179,7403,12,48288,64516,4328,2011,1694,2126,62,3845,4275,-186,4084,384,1290,9649,15847,320,425,730,740,1319,2061,2781,18710,83238,8647,5644,1995,1534,-5741,2241,83202,3909,6944,10853,3627,1589,1255,5921,969,2084,1771,3710,981,4219,1117,2891,5364,9,35505,46358,3220,1097,1312,1373,40,2725,4859,-209,4651,327,1110,8812,13129,222,294,515,640,881,1521,2037,15166,61524,7984,5259,1445,1369,-5552,865,59639,858,2873,3730,236,1228,1464,3322,3320,6642,539,1150,1689,1498,1737,3234,1449,1216,2665,1887,1018,2906,843,423,1266,1477,931,2408,625,957,1582,1402,2144,3546,339,624,962,1967,363,2330,1631,178,1809,2578,743,3321,2286,359,2645,3405,469,3873,307,277,583,880,435,1315,3692,27527,24136,51664,7110,865,59639,0.0,0.0,0.0,0.0,0.0,0.0,0.0,0.0,0.0,0.0,0.0,0.0,0.0,0.0,0.0,0.0,0.0,0.0,0.0,0.0,0.0,0,0,0,0,0,0,0,0,0,0,0,0,0,0,0,0,0,0,0,0,0,4107,2401,10125,4743,4732,3340,3690,1778,3737,1280,5538,1989,3727,3294,4775,5135,5299,350,2348,7479,79055,6396,-2293,83202,28.0,-4.7,-4.0,-1.6,1.2,4.8,-2.7,6.5,-1.6,1.1,1.9,0.3,5.9,3.2,-2.9,2.7,1.7,15.5,2.9,2.3,2.1,2.3,2.3,1.1,-0.1,-0.5,-0.1,0.1,0.2,-0.1,0.1,-0.1,0,0.1,0,0.3,0.1,-0.2,0.2,0.1,0.1,0.1,0.2,0.2,0.1,2.3,3786,1549,8160,2584,3071,2933,3047,1082,2572,1590,3614,1051,2290,1950,3369,2815,3591,305,1556,4285,55198,5306,-865,59639,10.6,-0.2,1.3,4.2,7.6,6.7,-1.7,12.9,3.9,2.8,0.7,-1.7,11.2,16.5,2.6,5.9,6,17.9,8.7,7.5,5,6.5,5.2,14.4,4.5,8.7,12.1,5.4,6.9,7.3,5.2,6.4,5.1,5.8,5.3,5,7.7,7,7.4,7.8,3.5,8.6,6.7,7.1,6.9,0,0,0,0,0,0,0,0,0,0,0,0,0,0,0,0,0,0,0,0,0,-0.1,0
Jun-2005,5327,12209,17335,5058,3530,1132,9967,2145,2088,2533,4991,665,4709,2267,3866,7800,49,50079,67366,4657,1830,2003,1937,-180,3792,4538,-103,4429,354,1406,10118,16541,388,441,812,895,1574,2473,3275,19866,87277,8613,6135,2082,1789,-8155,2537,84430,4253,7782,12035,3865,1639,1330,6394,986,2105,1937,3968,1074,4509,1220,2764,5697,37,37526,49561,3605,1066,1602,1300,-121,2781,5040,-112,4928,303,1219,9231,13902,275,324,599,768,1070,1838,2437,16339,65899,8093,5771,1544,1608,-7428,1119,61849,843,2373,3216,265,1227,1492,3460,3205,6665,628,1204,1832,1788,1863,3651,1561,1211,2772,2024,1003,3027,879,394,1273,1675,876,2551,717,913,1631,1449,2169,3617,420,585,1005,2107,437,2544,1638,226,1865,2640,826,3467,2430,388,2818,3742,521,4262,278,278,556,874,419,1293,4060,29418,24179,53598,7132,1119,61849,0.0,0.0,0.0,0.0,0.0,0.0,0.0,0.0,0.0,0.0,0.0,0.0,0.0,0.0,0.0,0.0,0.0,0.0,0.0,0.0,0.0,0,0,0,0,0,0,0,0,0,0,0,0,0,0,0,0,0,0,0,0,0,4195,2700,9967,4755,5087,3419,3891,1836,3966,1324,5469,2007,3716,3326,4564,5132,5643,377,2173,7800,80509,6480,-2597,84430,2.1,12.4,-1.6,0.2,7.5,2.4,5.5,3.2,6.1,3.5,-1.3,0.9,-0.3,1.0,-4.4,-0.1,6.5,7.5,-7.5,4.3,1.8,1.3,1.5,0.1,0.4,-0.2,0,0.4,0.1,0.2,0.1,0.3,0.1,-0.1,0,0,0,-0.3,0,0.4,0,-0.2,0.4,0.1,-0.4,1.5,3279,1940,8282,2757,3462,3023,3200,1132,2862,1699,3699,1151,2477,2075,3281,3034,3901,325,1533,4653,57764,5204,-1119,61849,-13.4,25.2,1.5,6.7,12.7,3.1,5,4.6,11.3,6.8,2.4,9.5,8.2,6.4,-2.6,7.8,8.6,6.6,-1.5,8.6,4.6,-1.9,3.7,12.3,4.2,8.7,12,5.5,6.8,7.3,5.1,6.4,5.2,5.4,5.3,4.9,7.5,6.5,7.4,8,3.6,8.1,6.7,6.9,6.7,0,0,0,0,0,0,0,0,0,0,0,0,0,0,0,0,0,0,0,0,0,0,0
Jun-2006,5490,12296,17603,5163,3520,1203,10218,2228,1952,2669,5044,708,4818,2366,3909,8190,20,51265,68827,4510,1827,2077,1325,6,3484,4650,-120,4523,324,1631,10171,16460,480,338,798,888,1533,2428,3216,19730,88552,9143,6420,2412,1810,-7039,1459,86297,4490,8250,12740,4163,1696,1396,6903,1013,1975,2079,4231,1145,4602,1349,2896,6138,15,39601,52341,3578,1151,1718,910,4,2632,5141,-129,5012,286,1466,9396,14126,337,253,590,811,1164,1976,2565,16691,69032,9150,6363,1839,1658,-6747,595,65848,828,2634,3462,476,1908,2385,3279,3345,6624,700,1258,1958,1820,1727,3547,1633,1208,2841,2109,1040,3149,954,495,1450,1672,1101,2773,793,1503,2296,1406,2395,3801,478,528,1006,2194,475,2669,1623,254,1878,2885,854,3739,2704,416,3120,4177,570,4747,284,267,552,827,397,1224,4357,30843,26735,57578,7675,595,65848,0.0,0.0,0.0,0.0,0.0,0.0,0.0,0.0,0.0,0.0,0.0,0.0,0.0,0.0,0.0,0.0,0.0,0.0,0.0,0.0,0.0,0,0,0,0,0,0,0,0,0,0,0,0,0,0,0,0,0,0,0,0,0,4699,2768,9694,4187,5005,3457,3888,1972,4174,1416,5648,1897,3627,3309,4507,5236,5989,397,2009,7989,81171,6575,-1492,86297,12.0,2.5,-2.7,-12.0,-1.6,1.1,-0.1,7.4,5.3,6.9,3.3,-5.5,-2.4,-0.5,-1.3,2.0,6.1,5.4,-7.5,2.4,0.8,1.5,2.2,0.6,0.1,-0.3,-0.7,-0.1,0,0,0.2,0.2,0.1,0.2,-0.1,-0.1,0,-0.1,0.1,0.4,0,-0.2,0.2,0.1,1.3,2.2,3524,2770,8312,2488,3458,3072,3329,1253,3071,1749,4027,1111,2569,2088,3412,3488,4361,345,1457,5041,60925,5517,-595,65848,7.5,42.8,0.4,-9.8,-0.1,1.6,4,10.7,7.3,3,8.9,-3.5,3.7,0.6,4,15,11.8,6.2,-5,8.3,5.5,6,6.5,13,4.2,8.4,10.4,5.2,6.7,7.2,5.4,6.6,5.3,5.4,4.8,4.6,7,6.3,7.9,8.1,3.8,7.6,6.7,7,6.6,0,0,0,0,0,0,0,0,0,0,0,0,0,0,0,0,0,0,0,0,0,0,0
Jun-2007,5815,12347,18018,5405,3631,1332,10464,2291,2191,2801,5308,731,4973,2418,4025,8753,27,53707,71703,4568,1930,2034,2173,-74,4128,4426,-155,4266,335,1932,10694,17152,250,519,764,924,1607,2538,3296,20508,92202,8119,6995,2491,1969,-6606,1113,88355,4984,8693,13677,4634,1846,1520,7472,1073,2218,2321,4631,1188,4756,1431,3099,6658,21,42869,56546,3693,1282,1755,1659,-60,3354,4807,-164,4643,296,1797,10091,15066,182,416,598,841,1218,2059,2657,17723,74269,9112,6946,1952,1813,-5984,274,70863,753,2144,2897,628,2138,2766,3644,3437,7081,740,1233,1974,2120,1991,4112,1855,1156,3011,2379,1308,3687,1044,480,1524,1817,1676,3494,831,1532,2363,1630,2720,4350,529,519,1048,2526,621,3147,1800,337,2138,3190,790,3980,2778,442,3220,4509,605,5115,345,230,575,822,394,1216,4877,33943,28630,62573,8016,274,70863,0.0,0.0,0.0,0.0,0.0,0.0,0.0,0.0,0.0,0.0,0.0,0.0,0.0,0.0,0.0,0.0,0.0,0.0,0.0,0.0,0.0,0,0,0,0,0,0,0,0,0,0,0,0,0,0,0,0,0,0,0,0,0,3653,2607,10058,4463,5310,3489,4161,2031,4412,1473,6071,1797,3746,3357,4853,5347,6166,447,1968,8060,82731,6719,-1141,88355,-22.3,-5.8,3.8,6.6,6.1,0.9,7.0,3.0,5.7,4.1,7.5,-5.2,3.3,1.5,7.7,2.1,3.0,12.5,-2.1,0.9,1.9,2.2,2.4,-1.2,-0.2,0.4,0.3,0.4,0,0.3,0.1,0.3,0.1,0.5,-0.1,0.1,0.1,0.4,0.1,0.2,0.1,0,0.1,0.2,0.4,2.4,2940,2857,8678,2722,3947,3211,3690,1356,3596,1813,4436,1234,2921,2360,3681,3690,4772,366,1465,5541,65277,5861,-274,70863,-16.6,3.1,4.4,9.4,14.1,4.5,10.8,8.2,17.1,3.6,10.2,11.1,13.7,13,7.9,5.8,9.4,6.2,0.6,9.9,7.1,6.2,7.6,12.3,3.7,8.6,10.9,5.2,6.6,7.2,5.4,6.6,5.2,5.2,4.7,4.6,6.8,6.4,7.8,8,4,7.3,6.7,6.9,6.5,0,0,0,0,0,0,0,0,0,0,0,0,0,0,0,0,0,0,0,0,0,0,0
Jun-2008,5999,12581,18443,5656,3690,1422,10649,2471,2389,3077,5691,764,5388,2430,4264,9427,156,56945,75389,4556,2024,1821,2090,-145,3753,4163,-164,3995,307,2192,10289,16777,111,460,574,1131,1718,2873,3449,20270,95555,9383,7743,2573,2292,-6068,1094,92502,5344,9280,14624,5044,1972,1641,8000,1206,2418,2596,5238,1261,5173,1492,3439,7210,129,46818,61442,3848,1531,1640,1642,-123,3160,4297,-165,4131,301,2126,9718,15097,84,387,471,1042,1439,2480,2952,18049,79491,10567,7683,2075,2044,-5779,141,76768,918,2789,3707,698,2235,2932,3559,3809,7369,830,1143,1973,2387,2106,4493,2212,1282,3494,2564,1402,3966,1100,542,1641,1991,1745,3736,886,1589,2475,1546,3328,4873,625,562,1187,2711,676,3387,1996,331,2327,3663,732,4395,2828,445,3272,4771,603,5374,343,257,601,922,416,1339,5418,36550,31407,67956,8670,141,76768,0.0,0.0,0.0,0.0,0.0,0.0,0.0,0.0,0.0,0.0,0.0,0.0,0.0,0.0,0.0,0.0,0.0,0.0,0.0,0.0,0.0,0,0,0,0,0,0,0,0,0,0,0,0,0,0,0,0,0,0,0,0,0,5175,2759,9891,4258,5790,3779,4654,2164,4589,1541,6579,1599,3690,3465,4963,5458,6380,485,1958,8142,86751,6845,-1121,92502,41.7,5.8,-1.7,-4.6,9.0,8.3,11.8,6.5,4.0,4.6,8.4,-11.0,-1.5,3.2,2.3,2.1,3.5,8.5,-0.5,1.0,4.9,1.9,4.7,1.7,0.2,-0.2,-0.2,0.5,0.3,0.6,0.1,0.2,0.1,0.6,-0.2,-0.1,0.1,0.1,0.1,0.2,0,0,0.1,0.1,0,4.7,3762,3098,8815,2725,4355,3702,4230,1568,3767,1910,4927,1264,3124,2522,3834,3786,5259,419,1505,6031,70600,6309,-141,76768,27.9,8.4,1.6,0.1,10.3,15.3,14.6,15.6,4.7,5.4,11.1,2.4,6.9,6.9,4.2,2.6,10.2,14.2,2.7,8.8,8.2,7.6,8.3,13.7,3.7,8.1,10.3,5.2,6.9,7.6,5.8,6.5,5.1,5.4,4.3,4.4,6.6,6.5,7.6,7.9,4.2,7.1,6.6,7.1,6.5,0,0,0,0,0,0,0,0,0,0,0,0,0,0,0,0,0,0,0,0,0,0,0
Jun-2009,6336,12996,19207,5917,3741,1532,10835,2588,2606,3354,5297,792,5456,2594,4392,9104,241,57936,77133,4658,1682,2010,2334,-140,4187,4169,-213,3954,336,1979,10442,16746,114,751,876,1149,2165,3326,4196,20956,97998,8874,6855,2620,2255,-6154,988,95215,5874,10074,15947,5479,2089,1682,8672,1294,2618,2839,4684,1275,5335,1703,3576,7556,205,49007,64954,4162,1356,1908,1980,-126,3762,4397,-223,4174,312,1971,10219,15737,95,673,768,1121,1915,3036,3804,19541,84495,9661,7474,2180,2201,-6408,234,80488,773,2715,3489,800,2288,3088,3998,3074,7072,937,1149,2087,2298,2735,5033,2223,1297,3520,2594,1493,4087,1283,643,1926,2027,1803,3831,978,1737,2715,1512,4159,5671,575,699,1274,2905,954,3860,1860,370,2230,3462,835,4296,3136,528,3664,5406,680,6086,426,254,680,959,476,1435,5693,38152,33581,71733,8521,234,80488,0.0,0.0,0.0,0.0,0.0,0.0,0.0,0.0,0.0,0.0,0.0,-0.1,0.0,0.0,0.0,0.0,0.0,0.0,0.0,0.0,0.0,0,0,0,0,0,0,0,0,0,0,0,0,0,0,0,0,0,0,0,0,0,5553,3030,9142,4245,6304,3968,4328,2323,4569,1706,6860,1802,3990,3117,5219,5567,7153,576,2240,8286,89412,6816,-1013,95215,7.3,9.8,-7.6,-0.3,8.9,5.0,-7.0,7.4,-0.4,10.7,4.3,12.7,8.1,-10.0,5.2,2.0,12.1,18.9,14.4,1.8,3.1,-0.4,2.9,0.4,0.3,-0.8,0,0.6,0.2,-0.4,0.2,0,0.2,0.3,0.2,0.3,-0.4,0.3,0.1,0.8,0.1,0.3,0.2,0,0.1,2.9,3536,3025,8651,2715,5004,3854,4115,1841,3820,2184,5748,1371,3523,2356,4133,4105,5946,478,1829,6535,74768,5954,-234,80488,-6,-2.4,-1.9,-0.3,14.9,4.1,-2.7,17.4,1.4,14.3,16.7,8.5,12.8,-6.6,7.8,8.4,13.1,14.2,21.5,8.4,5.9,-5.6,4.8,12.2,2.6,8.1,9.8,5.5,7.2,7.1,6.4,6.5,5.6,5.6,4.7,4.5,6.3,6.5,7.5,8.3,4.6,7.9,6.5,7.2,6.4,0,0,0,0,0,0,0,0,0,0,0,0,0,0,0,0,0,0,0,0,0,0,0
Jun-2010,6403,13199,19473,5755,3709,1721,11070,2537,2576,3507,5434,796,5775,2804,4440,9211,212,59094,78558,4652,1667,1622,2361,-48,3896,4433,-358,4073,300,1909,10196,16472,144,1884,2062,1625,3095,4736,6762,23175,101789,8450,7509,2633,2510,-6492,739,97099,6069,10681,16750,5414,2170,1862,9278,1283,2645,3027,4869,1282,5661,1969,3739,7846,184,51229,67979,4297,1417,1533,2034,-43,3524,4432,-365,4066,301,1903,9795,15509,121,1660,1781,1572,2720,4293,6074,21582,89561,8294,7066,2288,2189,-5665,-381,84842,711,2755,3467,732,3067,3799,3648,3301,6949,1001,1062,2062,2474,3213,5687,2435,1441,3877,2613,1767,4380,1141,715,1856,2121,2046,4167,1002,1908,2911,1620,4311,5931,656,718,1373,2951,1193,4144,1995,415,2409,3727,890,4618,3489,507,3996,5569,752,6321,389,304,693,1024,501,1525,6213,39298,37077,76376,8848,-381,84842,0.0,0.0,0.0,0.0,0.0,0.0,0.0,0.0,0.0,0.0,0.0,-0.1,0.0,0.0,0.0,0.0,0.0,0.0,0.0,0.0,0.0,0,0,0,0,0,0,0,0,0,0,0,0,0,0,0,0,0,0,0,0,0,6189,3065,9240,4036,6691,4177,4321,2374,4729,1738,6733,1871,4215,2856,5159,5663,7660,602,2091,8299,91110,6757,-761,97099,11.4,1.2,1.1,-4.9,6.1,5.3,-0.2,2.2,3.5,1.9,-1.9,3.9,5.6,-8.4,-1.1,1.7,7.1,4.4,-6.6,0.2,1.9,-0.9,2.0,0.7,0,0.1,-0.2,0.4,0.2,0,0.1,0.2,0,-0.1,0.1,0.2,-0.3,-0.1,0.1,0.5,0,-0.2,0,-0.1,0.3,2,3507,3214,8429,2782,5659,4115,4141,2026,4021,2323,5726,1489,3810,2373,4307,4460,6664,523,1790,6945,78305,6156,381,84842,-0.8,6.3,-2.6,2.5,13.1,6.8,0.6,10,5.3,6.4,-0.4,8.7,8.1,0.7,4.2,8.7,12.1,9.4,-2.1,6.3,4.7,3.4,5.4,12.3,3.4,8.1,9.2,5.8,7.3,7,6.6,6.6,5.6,5.5,4.8,4.6,5.9,6.4,7.6,8.5,4.8,7.4,6.5,6.8,6.5,0,0,0,0,0,0,0,0,0,0,0,0,0,0,0,0,0,0,0,0,0,0,0
Jun-2011,6540,13335,19751,5876,3649,1792,11303,2519,2633,3531,5781,856,6079,2898,4435,9289,109,60438,80181,4609,1440,1711,3093,-394,4339,4480,-249,4232,382,2095,11059,17104,141,1127,1287,1552,3046,4611,5891,22973,103172,10279,8156,2501,3130,-6354,299,98612,6393,11250,17643,5609,2402,1948,9920,1404,2689,3085,5267,1320,5898,2149,3837,8053,97,53680,71323,4327,1324,1654,2770,-366,4058,4287,-241,4046,423,2096,10623,16274,123,1001,1124,1479,2693,4171,5296,21570,92893,11305,7544,2218,2560,-5239,-306,90766,640,4208,4847,764,3046,3810,3719,2949,6668,946,1371,2316,3032,2941,5973,2663,1426,4089,2824,1535,4359,1292,724,2016,2244,2108,4352,988,1994,2981,2146,4312,6458,628,864,1493,3028,1545,4573,2021,517,2538,4117,957,5074,3755,541,4295,6132,694,6826,455,261,716,1079,499,1577,6580,42471,39073,81543,9529,-306,90766,0.0,0.0,0.0,0.0,0.0,0.0,0.0,0.0,0.0,0.0,0.0,0.0,0.0,0.0,0.0,0.0,0.0,0.0,0.0,0.0,0.0,0,0,0,0,0,0,0,0,0,0,0,0,0,0,0,0,0,0,0,0,-1,6597,3278,8922,3740,6771,4028,4340,2411,4783,1821,7118,1917,4616,2914,5109,5665,7682,653,1895,8494,92135,6797,-310,98612,6.6,7.0,-3.5,-7.3,1.2,-3.5,0.4,1.6,1.2,4.8,5.7,2.4,9.5,2.0,-1.0,0.0,0.3,8.5,-9.4,2.4,1.1,0.6,1.6,0.4,0.2,-0.3,-0.3,0.1,-0.2,0,0,0.1,0.1,0.4,0,0.4,0.1,-0.1,0,0,0.1,-0.2,0.2,0,0.5,1.6,4882,4152,8169,2835,5987,4219,4329,2162,4216,2347,6338,1598,4203,2573,4444,4716,7209,572,1688,7348,83986,6474,306,90766,39.2,29.2,-3.1,1.9,5.8,2.5,4.5,6.7,4.8,1,10.7,7.3,10.3,8.4,3.2,5.7,8.2,9.5,-5.7,5.8,7.3,5.2,7,15.1,3.2,7.8,8.4,5.7,7.1,6.8,6.6,6.4,5.7,5.7,4.9,4.7,5.6,6.1,7.3,8.3,5,6.6,6.5,7,6.4,0,0,-0.1,0,0,0,0,0,0,0,0,0,0,0,0,0,0,0,0,0,0,0,0
Jun-2012,7045,13543,20499,5958,3600,1720,11499,2471,2596,3628,5924,892,6108,2993,4435,9384,142,61064,81556,4297,1317,2240,2731,21,4952,4934,-293,4641,301,2405,12292,17923,209,924,1148,1586,2859,4464,5608,23532,105113,10860,8742,2369,3210,-6833,11,99569,7027,11846,18873,5744,2463,1889,10469,1702,2670,3199,5563,1344,5889,2349,3974,8290,130,55673,74546,4002,1245,2104,2452,19,4575,4630,-274,4356,323,2447,11700,16947,189,843,1032,1480,2547,4027,5059,22006,96551,11523,8166,2153,2600,-6051,-352,93057,805,3361,4166,905,2718,3623,4018,2645,6663,904,1744,2648,3211,2651,5863,2670,1495,4165,2954,1713,4667,1267,834,2101,2347,2228,4575,927,1934,2861,2326,4421,6747,581,1213,1794,3288,1434,4722,2310,408,2718,4306,928,5235,3971,593,4564,6382,832,7213,466,282,748,1101,561,1663,7018,44740,39014,83753,9656,-352,93057,0.0,0.0,0.0,0.0,1.1,0.0,0.0,0.0,0.0,0.0,0.1,0.0,0.0,0.0,0.0,0.0,0.0,0.0,0.0,0.0,0.0,0,0,0,0,0,0,0,0,1,0,0,0,0,0,1,0,0,0,0,0,2,5791,3600,9068,3635,6682,4092,4481,2582,4655,1727,7209,2098,4556,3022,5171,5770,7826,695,1954,8552,92797,6803,-18,99569,-12.2,9.8,1.6,-2.8,-1.3,1.6,3.2,7.1,-2.7,-5.1,1.3,9.4,-1.3,3.7,1.2,1.9,1.9,6.4,3.1,0.7,0.7,0.1,1.0,-0.8,0.3,0.1,-0.1,-0.1,0.1,0.1,0.2,-0.1,-0.1,0.1,0.2,-0.1,0.1,0.1,0.1,0.1,0,0.1,0.1,0,0.3,1,4228,4204,8354,3119,5882,4258,4640,2385,4340,2226,6430,1869,4347,2802,4649,5044,7477,629,1840,7748,86472,6233,352,93057,-13.4,1.3,2.3,10,-1.8,0.9,7.2,10.4,3,-5.1,1.5,16.9,3.4,8.9,4.6,7,3.7,9.9,9,5.4,3,-3.7,2.5,12.5,3.1,7.9,8.2,5,6.8,6.8,6.8,6.1,5.3,5.5,5,4.4,5.9,6,7.5,8.2,5.2,6.5,6.4,6.7,6.2,0,0,0,0,0,0,0,0,0,0,0,0.2,0.2,0,0.1,0,0,0,0,0,0,0,0
Jun-2013,7321,13697,20945,6116,3508,1596,11643,2287,2407,3867,6135,888,5889,3080,4471,9479,36,61111,82052,3757,1398,2439,3065,-125,5334,4427,-271,4156,356,2503,12352,17533,328,929,1273,1302,2920,4231,5500,23033,105099,10756,8506,2371,3409,-5005,-671,100633,7344,12199,19543,5937,2514,1705,10887,1839,2437,3492,5735,1396,5712,2570,4088,8553,34,56899,76441,3538,1313,2335,2830,-118,5047,4098,-252,3845,365,2575,11833,16683,298,866,1164,1227,2658,3885,5050,21733,98174,10833,7916,2198,2797,-4338,-790,95365,658,3741,4399,976,2684,3660,3788,2621,6409,761,2010,2772,3268,2875,6143,2866,1604,4470,2972,1658,4629,1263,808,2071,2288,2108,4396,926,1807,2733,2404,4340,6744,657,1226,1883,3889,1055,4944,2395,326,2721,4556,951,5507,4207,553,4761,7072,877,7949,410,270,680,1137,504,1641,7195,46493,39215,85707,10447,-790,95365,0.0,0.0,0.0,0.0,-2.6,0.0,0.0,0.0,0.0,0.0,-0.2,0.0,0.0,0.0,-0.1,0.0,0.0,0.0,0.0,0.0,0.0,0,0,1,1,0,0,0,0,0,0,0,0,1,1,0,1,1,0,0,-1,5,5470,3886,7957,3434,6963,4501,4535,2544,4225,1652,7387,2304,4877,2890,5293,5994,8096,703,2052,8581,93135,6841,670,100633,-5.5,8.0,-12.2,-5.5,4.2,10.0,1.2,-1.5,-9.2,-4.3,2.5,9.8,7.0,-4.4,2.4,3.9,3.4,1.2,5.0,0.3,0.4,0.6,1.1,-0.3,0.3,-1.1,-0.2,0.3,0.4,0.1,0,-0.4,-0.1,0.2,0.2,0.3,-0.1,0.1,0.2,0.3,0,0.1,0,0,0.7,1.1,4467,4075,7364,3299,6265,4656,4655,2439,3979,2138,6680,2093,4722,2679,4841,5301,7820,641,1968,8051,88134,6442,790,95365,5.7,-3.1,-11.9,5.8,6.5,9.3,0.3,2.3,-8.3,-4,3.9,12,8.6,-4.4,4.1,5.1,4.6,1.9,7,3.9,1.9,3.3,2.5,12.8,3.5,7.3,7.6,5.1,7.2,6.7,6.8,5.3,5,5.4,5.1,4.5,5.6,6.1,7.5,8.1,5.3,7.1,6.3,6.7,6.2,0,0,0.1,0,0,0,0,0,0,0,0,-1.5,0.1,0,0,0,0,0,0,0,0,0,0
Jun-2014,7743,13605,21311,6208,3440,1540,11807,2174,2411,3948,6093,993,5805,3133,4484,9855,3,61680,82988,4220,1505,2662,2987,-179,5429,4258,-332,3926,361,2528,12255,17999,385,459,852,1181,2659,3847,4696,22721,105717,11787,9111,2631,3353,-5300,-933,101438,7749,12524,20273,6145,2644,1671,11175,1816,2446,3691,5945,1418,5660,2764,4179,9116,3,58673,78946,4005,1408,2570,2830,-172,5228,4097,-321,3775,367,2623,11993,17406,359,433,793,1127,2454,3581,4374,21780,100725,12560,9082,2504,3035,-4960,-935,97778,911,3592,4504,1040,3233,4273,3447,2595,6042,846,1852,2698,3688,2927,6615,3037,1447,4484,2963,1596,4559,1227,698,1925,2443,2103,4546,903,1766,2669,2418,4554,6972,637,1602,2239,3521,1342,4863,2712,314,3027,4527,1036,5563,4412,549,4961,7457,811,8268,422,280,703,1220,541,1761,7265,47832,40102,87934,10779,-935,97778,0.0,0.0,0.0,0.0,-2.6,0.0,0.0,0.0,0.0,0.0,-0.2,0.0,0.0,0.0,-0.2,0.0,0.0,0.0,0.0,0.0,0.0,0,0,1,0,1,1,0,0,0,0,1,0,1,1,1,0,1,0,1,0,8,5152,4302,7815,3232,7200,4460,4625,2459,4270,1670,7596,2340,4615,2873,5535,5913,8416,733,2032,8616,93714,6803,932,101438,-5.8,10.7,-1.8,-5.9,3.4,-0.9,2.0,-3.3,1.0,1.1,2.8,1.5,-5.4,-0.6,4.6,-1.4,3.9,4.3,-0.9,0.4,0.6,-0.5,0.8,-0.3,0.4,-0.1,-0.2,0.2,0,0.1,-0.1,0,0,0.2,0,-0.3,0,0.2,-0.1,0.3,0,0,0,0,0.3,0.8,4584,4620,7323,3180,6499,4650,4696,2372,3999,2105,7005,2147,4451,2671,5085,5600,8146,685,1988,8301,90106,6736,935,97778,2.6,13.4,-0.5,-3.6,3.7,-0.1,0.9,-2.7,0.5,-1.5,4.9,2.5,-5.7,-0.3,5,5.6,4.2,6.8,1,3.1,2.2,4.6,2.5,12.9,3.5,7.2,7.4,5,7.2,6.7,6.5,5.3,4.9,5.5,4.9,4.3,5.3,6.2,7.5,8.1,5.3,6.7,6.2,6.5,6.1,0,0,0,0,0,0,0,0,0,0,0,-1.3,0,0,0,0,0,0,0,0,-0.1,0,0
Jun-2015,8080,13560,21622,6285,3331,1610,11987,2200,2531,4171,6022,1116,5925,3115,4610,10141,-26,62892,84511,4635,1536,2993,2783,-59,5679,4644,-390,4254,304,2356,12582,18768,335,529,872,1347,1852,3217,4086,22904,107422,11401,8997,2796,3377,-6234,-680,102333,8048,12793,20841,6365,2739,1721,11486,1904,2528,3981,5780,1449,5819,2869,4357,9530,-24,60505,81345,4451,1677,2890,2682,-58,5515,4553,-386,4167,306,2418,12406,18534,315,506,821,1324,1750,3074,3895,22429,103775,11613,8915,2709,3215,-5851,-832,99284,1121,3581,4702,1125,2790,3914,3500,2480,5980,1032,2006,3038,3681,3172,6853,2662,1561,4223,3082,1652,4735,1295,694,1989,2604,2078,4682,914,1696,2610,2103,4920,7023,629,1490,2119,3504,1412,4916,2887,381,3268,4513,1111,5624,4493,551,5043,8089,892,8981,430,290,720,1139,519,1659,7393,48803,40669,89472,10644,-832,99284,0.0,0.0,0.0,-0.1,-10.4,0.0,0.0,0.0,0.0,0.0,-0.8,0.0,0.0,0.0,-0.7,-0.2,0.0,0.0,0.0,0.0,-0.1,-2,5,1,1,12,1,1,0,-5,0,1,0,0,0,1,0,2,0,0,0,18,5320,4055,7630,3582,7137,4528,4767,2589,4301,1767,7867,2298,4548,3022,5584,5926,8719,713,2006,8644,94871,6798,679,102333,3.3,-5.7,-2.4,10.9,-0.9,1.5,3.1,5.3,0.7,5.8,3.6,-1.8,-1.5,5.2,0.9,0.2,3.6,-2.8,-1.3,0.3,1.2,-0.1,0.9,0.2,-0.2,-0.2,0.3,-0.1,0.1,0.1,0.1,0,0.1,0.3,0,-0.1,0.1,0,0,0.3,0,0,0,0,-0.2,0.9,4816,3829,7272,3357,6722,4599,4758,2517,4144,2105,7451,2191,4440,2893,5236,5656,8602,681,1944,8397,91610,6843,832,99284,5.1,-17.1,-0.7,5.6,3.4,-1.1,1.3,6.1,3.6,0,6.4,2.1,-0.2,8.3,3,1,5.6,-0.6,-2.2,1.2,1.7,1.6,1.5,12.5,3.6,7.1,8.1,5.1,7.1,6.7,6.5,5.3,4.8,5.4,4.7,4.2,5.5,6.2,7.3,7.9,5.1,6.5,6.1,6.3,6.1,0,0.2,0.1,0.1,0.1,0,-1.7,1,0.4,0,0.2,-3.3,-0.7,1.1,-0.1,0,0,0.2,-0.8,0,-0.1,-1.1,-0.1
Jun-2016,8545,13704,22243,6531,3238,1719,12174,2263,2640,4337,6029,1257,6044,3031,4722,10464,-12,64393,86633,4775,1572,2408,2696,-69,5002,4135,-371,3763,331,2075,11163,17526,512,547,1068,1293,2048,3356,4419,21976,108596,12456,9322,3237,3252,-8758,-354,102602,8526,13194,21720,6536,2835,1822,11775,1871,2694,4215,5849,1424,6044,2888,4558,10069,-11,62568,84288,4639,1622,2333,2615,-68,4881,4280,-383,3897,340,2101,11220,17481,495,536,1032,1318,1973,3291,4323,21804,106092,11841,9225,3167,3334,-8251,-702,99589,1168,3001,4168,789,2848,3638,3516,2265,5781,1173,1886,3059,3469,3139,6607,2841,1481,4322,3256,1665,4920,1324,719,2043,2589,2093,4683,888,1685,2573,2053,5413,7465,577,1589,2165,3865,991,4856,2876,346,3222,4974,1059,6033,4330,571,4901,8033,907,8940,443,271,714,1170,481,1651,7410,49333,39820,89153,11138,-702,99589,-0.3,0.0,-0.1,0.2,1.6,0.0,-2.1,3.8,0.0,-0.7,-0.2,-0.3,-1.0,-0.9,-0.4,-0.1,0.0,0.0,0.0,0.0,0.1,-2,-12,72,-18,-104,-23,-13,2,-31,74,-70,0,2,3,-22,-5,-21,8,8,12,-136,4833,4076,6916,3748,6976,4471,5021,2687,4176,1877,7960,2392,4675,3011,5678,6186,8922,705,2115,8791,95152,7101,352,102602,-9.2,0.5,-9.4,4.6,-2.3,-1.3,5.3,3.8,-2.9,6.2,1.2,4.1,2.8,-0.4,1.7,4.4,2.3,-1.1,5.4,1.7,0.3,4.5,0.3,-0.5,0,-0.7,0.2,-0.2,-0.1,0.2,0.1,-0.1,0.1,0.1,0.1,0.1,0,0.1,0.3,0.2,0,0.1,0.1,0.3,-0.3,0.3,4501,3741,6693,3367,6616,4528,4998,2626,4080,2086,7573,2281,4489,2843,5530,5795,8848,673,2009,8555,91830,7058,702,99589,-6.5,-2.3,-8,0.3,-1.6,-1.5,5,4.3,-1.5,-0.9,1.6,4.1,1.1,-1.7,5.6,2.5,2.9,-1.2,3.3,1.9,0.2,3.1,0.3,11.3,3.9,6.6,8.2,5,6.8,6.8,6.5,5.1,4.7,5.2,4.5,4.1,5.3,6.1,7.2,7.8,4.9,6.7,6,6,6,-0.2,-0.1,0.2,0.6,0.1,-0.1,1.3,-0.4,-0.7,0.3,-0.4,1.6,1.3,-0.1,-0.7,2.1,-0.4,0.1,3.2,0,0.3,0.1,0.1
Jun-2017,9065,14263,23325,6767,3198,1749,12342,2506,2742,4491,6151,1371,6080,3119,4914,10803,20,66202,89526,4973,1553,2200,2750,-2358,2556,4141,-449,3691,383,2191,8883,15402,602,1001,1618,1510,4546,6034,7647,23024,112540,12334,10223,3612,3566,-9875,-697,104125,9037,13954,22991,6869,2957,1817,12115,2148,2800,4425,5964,1425,6101,3039,4819,10597,20,65097,88088,4877,1579,2164,2683,-2342,2504,4175,-453,3722,431,2201,8858,15314,581,985,1567,1519,4447,5966,7532,22847,110935,11699,9913,3562,3506,-9368,-701,102708,1225,4328,5553,736,2254,2991,3436,2322,5759,1243,2002,3246,3514,3320,6835,2999,1481,4479,3414,1531,4945,1392,734,2126,2645,2116,4761,891,1725,2616,2089,5494,7583,588,1639,2227,4070,1060,5130,3077,332,3410,4879,1271,6150,4532,575,5107,8176,950,9126,456,269,725,1196,523,1719,7547,50559,41474,92033,11376,-701,102708,0.0,-0.1,-0.1,0.3,0.6,-2.3,-0.9,4.0,-1.0,-1.5,-0.8,-2.7,9.2,6.4,0.6,0.0,0.0,0.0,0.2,0.0,-0.9,-108,-689,146,-183,-60,-32,-203,13,-191,145,-175,5,-101,22,52,28,18,8,11,2,-1296,5727,3449,6766,3775,6934,4810,4989,2652,4180,1987,8042,2414,4824,2851,5651,6108,9221,692,2148,8958,96153,7275,697,104125,18.5,-15.4,-2.2,0.7,-0.6,7.6,-0.6,-1.3,0.1,5.8,1.0,0.9,3.2,-5.3,-0.5,-1.3,3.3,-1.8,1.6,1.9,1.1,2.4,1.5,0.9,-0.6,-0.1,0,0,0.3,0,0,0,0.1,0.1,0,0.1,-0.2,0,-0.1,0.3,0,0,0.2,0.2,0.3,1.5,5948,3141,6642,3631,6890,4784,5019,2632,4146,2111,7757,2359,4747,2754,5597,5919,9171,666,2106,8829,94849,7158,701,102708,32.1,-16.1,-0.8,7.8,4.1,5.7,0.4,0.2,1.6,1.2,2.4,3.4,5.8,-3.2,1.2,2.1,3.7,-0.9,4.8,3.2,3.3,1.4,3.1,12.5,2.4,6.5,8.3,5.2,6.9,6.6,6.4,5,4.8,5.1,4.4,4,4.9,6,7.1,7.7,4.7,6.7,6,6,5.8,-1,-6.5,0.6,-3.3,0.5,-0.3,0.3,-0.5,-1,-1.7,0,0.3,-5,-5.4,-0.1,-1.7,-0.1,0.8,-0.3,0,-0.9,0.1,-0.9
Jun-2018,9676,14890,24566,6941,3162,1772,12517,2297,2908,4738,6198,1435,6372,3145,5178,10979,-46,67596,92162,5321,1554,2482,3463,420,6365,4283,-408,3875,392,2253,12885,19760,823,165,987,1639,2713,4351,5339,25099,117261,12273,10151,3428,3659,-11956,-718,106477,9676,14890,24566,6941,3162,1772,12517,2297,2908,4738,6198,1435,6372,3145,5178,10979,-46,67596,92162,5321,1554,2482,3463,420,6365,4283,-408,3875,392,2253,12885,19760,823,165,987,1639,2713,4351,5339,25099,117261,12273,10151,3428,3659,-11956,-718,106477,1146,3966,5112,738,2308,3045,3486,2391,5877,1311,2130,3441,3792,3546,7338,2942,1511,4453,3498,1559,5056,1428,758,2186,2754,2280,5034,920,1730,2650,2174,5510,7684,629,1729,2358,4355,1282,5637,3318,308,3626,4997,1344,6341,4765,594,5359,8834,971,9805,488,254,741,1247,550,1797,7737,52820,42458,95278,11918,-718,106477,1.7,0.1,0.4,-2.5,1.2,28.6,1.1,9.5,1.2,8.5,4.1,-22.2,4.4,-1.3,1.8,0.8,0.0,0.0,2.8,1.9,0.3,93,-808,294,-334,117,-36,-451,41,-73,185,-556,208,-79,-11,247,65,-43,1,48,-13,-1102,5460,3191,6842,3913,7484,4773,5164,2733,4225,2138,8080,2503,5222,2938,5774,6182,9869,682,2204,9058,98437,7322,718,106477,-4.6,-7.5,1.1,3.7,7.9,-0.8,3.5,3.0,1.1,7.6,0.5,3.7,8.3,3.1,2.2,1.2,7.0,-1.4,2.6,1.1,2.4,0.7,2.3,-0.3,-0.2,0.1,0.1,0.5,0,0.2,0.1,0,0.1,0,0.1,0.4,0.1,0.1,0.1,0.6,0,0.1,0.1,0,0,2.3,5460,3191,6842,3913,7484,4773,5164,2733,4225,2138,8080,2503,5222,2938,5774,6182,9869,682,2204,9058,98437,7322,718,106477,-8.2,1.6,3,7.8,8.6,-0.2,2.9,3.8,1.9,1.3,4.2,6.1,10,6.7,3.2,4.4,7.6,2.3,4.7,2.6,3.8,2.3,3.7,12,2.1,6.4,8.5,5.3,6.8,6.7,6.4,4.9,4.8,5,4.6,4.1,4.8,6,7.1,7.8,4.5,6.8,5.9,5.9,5.8,7.4,-8.3,0.4,-4.5,3.1,-0.6,-0.7,-1.7,-0.4,7.2,0.3,3,0.9,-0.5,3.9,-0.3,-1.6,-5.5,0.1,-0.3,0.5,-1.5,0.3
Jun-2019,10380,14912,25292,7008,3072,1751,12697,2263,2998,4922,6121,1487,6611,3183,5283,11040,-39,68397,93689,5385,1496,2809,3549,-130,6229,4188,-478,3710,323,2337,12598,19479,776,844,1620,1531,2534,4065,5686,25165,118854,10979,10289,3528,3466,-10200,-1416,107990,10523,15264,25787,7148,3306,1752,12998,2220,3019,5012,6295,1423,6649,3251,5408,11257,-40,69698,95485,5449,1450,2873,3672,-134,6411,4318,-494,3824,329,2339,12903,19802,795,867,1662,1585,2599,4185,5847,25648,121133,11955,10954,3593,3695,-10769,-860,110403,1139,3707,4846,772,2663,3435,3480,2284,5764,1343,2312,3655,4030,3787,7817,3066,1374,4440,3624,1523,5147,1457,752,2209,2834,2457,5291,963,1640,2604,2259,5666,7925,635,1849,2484,4448,1235,5683,3453,300,3753,5271,1398,6669,4922,633,5555,9399,1042,10441,509,243,752,1287,643,1930,8003,54893,43510,98403,12334,-334,110403,,,,,,,,,,,,,,,,,,,,,,,,,,,,,,,,,,,,,,,,,,,5221,3202,6484,3919,7657,4689,5182,2658,4262,2223,8110,2550,5283,2970,5917,6244,10707,688,2318,9191,99476,7295,1219,107990,-4.4,0.3,-5.2,0.1,2.3,-1.8,0.3,-2.7,0.9,4.0,0.4,1.9,1.2,1.1,2.5,1.0,8.5,0.9,5.2,1.5,1.1,-0.4,1.4,-0.2,0,-0.3,0,0.2,-0.1,0,-0.1,0,0.1,0,0,0.1,0,0.1,0.1,0.8,0,0.1,0.1,0,0.5,1.4,5211,3719,6677,4137,8181,4690,5258,2766,4487,2100,8370,2656,5262,3084,6074,6405,10765,686,2355,9363,102243,7429,731,110403,-4.6,16.6,-2.4,5.7,9.3,-1.8,1.8,1.2,6.2,-1.8,3.6,6.1,0.8,4.9,5.2,3.6,9.1,0.6,6.8,3.4,3.9,1.5,3.7,12.8,2,6.1,8.5,5.6,6.6,6.6,6.2,5,4.9,4.9,4.6,4.1,4.6,6,7,7.9,4.4,6.8,6,6,5.7,,,,,,,,,,,,,,,,,,,,,,,
