Date,A2336275R,A2336276T,A2336277V,A2336278W,A2336279X,A2336280J,A2336281K,A2336282L,A2336283R,A2336284T,A2336285V,A2336286W,A2336287X,A2336288A,A2336289C,A2336290L,A2336291R,A2336292T,A2336293V,A2336200W,A2336201X,A2336193K,A2336194L,A2336195R,A2336196T,A2336294W,A2336295X,A2336296A,A2713898X,A2713932T,A2336199X,A2336202A,A2336203C,A2336204F,A2336205J,A2336206K,A2336207L,A2336208R,A2336209T,A2336210A,A2336211C,A2336212F,A2336213J,A2336214K,A2336215L,A2336216R,A2478893C,A2336346L,A2336217T,A2336218V,A2336219W,A2336220F,A2336221J,A2336222K,A2336223L,A2336224R,A2336225T,A2336226V,A2336227W,A2336228X,A2336229A,A2336230K,A2336231L,A2336232R,A2336233T,A2336234V,A2336235W,A2336246C,A2336131C,A2336239F,A2336240R,A2336241T,A2336242V,A2336236X,A2336237A,A2336238C,A2713899A,A2713933V,A2336245A,A2336132F,A2336133J,A2336134K,A2336135L,A2336136R,A2336137T,A2336138V,A2336139W,A2336140F,A2336141J,A2336142K,A2336143L,A2336144R,A2336145T,A2336146V,A2478894F,A2336320R,A2714244F,A2714245J,A2714246K,A2714248R,A2714249T,A2714250A,A2714252F,A2714253J,A2714254K,A2714256R,A2714257T,A2714258V,A2714260F,A2714261J,A2714262K,A2714264R,A2714265T,A2714266V,A2714268X,A2714269A,A2714270K,A2714272R,A2714273T,A2714274V,A2714276X,A2714277A,A2714278C,A2714280R,A2714281T,A2714282V,A2714284X,A2714285A,A2714286C,A2714288J,A2714289K,A2714290V,A2714292X,A2714293A,A2714294C,A2714296J,A2714297K,A2714298L,A2714300L,A2714301R,A2714302T,A2714304W,A2714305X,A2714306A,A2714308F,A2714309J,A2714310T,A2714312W,A2714313X,A2714314A,A2714316F,A2714317J,A2714318K,A2335268X,A2335485V,A2335270K,A2335488A,A2335489C,A2335490L,A83748443A,A2334591F,A2334592J,A2334593K,A2334327V,A2334328W,A2334595R,A2334594L,A2713879T,A2713913K,A2334598W,A2334329X,A2334330J,A2334331K,A2334332L,A2334333R,A2334334T,A2334335V,A2334336W,A2334337X,A2334338A,A2334339C,A2715244X,A2715245A,A2715246C,A2715247F,A2715248J,A2715249K,A2715250V,A2715251W,A2715252X,A2715253A,A2715254C,A2715255F,A2715256J,A2715257K,A2715258L,A2715259R,A2715260X,A2715261A,A2715262C,A2334208C,A2334210R,A2715757F,A2715758J,A2715759K,A2715760V,A2715761W,A2715762X,A2715763A,A2715764C,A2715765F,A2715766J,A2715767K,A2715768L,A2715769R,A2715770X,A2715771A,A2715772C,A2715773F,A2715774J,A2715775K,A2529303A,A2478208V,A2478209W,A2478210F,A2478211J,A2714913C,A2714914F,A2714915J,A2714916K,A2714917L,A2714918R,A2714919T,A2714920A,A2714921C,A2714922F,A2714923J,A2714924K,A2714925L,A2714926R,A2714927T,A2714928V,A2714929W,A2714930F,A2714931J,A2529304C,A2478230R,A2478231T,A2478232V,A2715586X,A2715587A,A2715588C,A2715589F,A2715590R,A2715591T,A2715592V,A2715593W,A2715594X,A2715595A,A2715596C,A2715597F,A2715598J,A2715599K,A2715600J,A2715601K,A2715602L,A2715603R,A2715604T,A2529305F,A2478251A,A2478252C,A2478253F,A2714247L,A2714251C,A2714255L,A2714259W,A2714263L,A2714267W,A2714271L,A2714275W,A2714279F,A2714283W,A2714287F,A2714291W,A2714295F,A2714299R,A2714303V,A2714307C,A2714311V,A2714315C,A2714319L,A2529276F,A2478797C,A2478798F,A2478799J,A2478800F,A2713953C,A2713954F,A2713955J,A2713956K,A2713957L,A2713958R,A2713959T,A2713960A,A2713961C,A2713962F,A2713963J,A2713964K,A2713965L,A2713966R,A2713967T,A2713968V,A2713969W,A2713970F,A2713971J,A2529277J,A2478819F,A2478820R,A2478821T,A2715786T,A2715787V,A2715788W,A2715789X,A2715790J,A2715791K,A2715792L,A2715793R,A2715794T,A2715795V,A2715796W,A2715797X,A2715798A,A2715799C,A2715800A,A2715801C,A2715802F,A2715939V,A2715948W,A2529278K,A2478841A,A2478843F,A2714105F,A2714106J,A2714107K,A2714108L,A2714109R,A2714110X,A2714111A,A2714112C,A2714113F,A2714114J,A2714115K,A2714116L,A2714117R,A2714118T,A2714119V,A2714120C,A2714121F,A2714122J,A2714123K,A2529268F,A2528522J,A2528523K,A2528524L
Jun-1990,14431,34869,48389,17170,14018,4726,36590,5324,6046,7095,16573,735,11198,7747,15374,23192,441,158248,206388,18027,9450,11889,2671,376,15081,6198,-280,5901,1891,1309,18704,41545,3472,3166,6408,1577,4389,5896,12121,53491,259436,14646,15617,9027,11483,43154,-2860,296303,9019,13969,22988,8777,3158,4525,16390,1354,5416,3448,10803,1063,8783,1680,6716,11361,219,83693,106681,7639,1799,6069,1247,159,7476,10187,-527,9660,1392,1785,20313,29751,2031,2329,4360,1705,2544,4248,8608,38359,145040,12640,23424,5276,7819,15526,714,147953,1189,3479,4667,974,2284,3257,12185,7376,19561,2156,2675,4831,4954,4002,8956,5233,2878,8111,4685,2226,6912,2446,979,3425,4125,1852,5978,2967,2683,5651,5678,3580,9258,1000,4002,5003,5217,1569,6786,2558,844,3402,6230,1514,7745,5725,629,6354,5232,1008,6240,887,459,1346,2122,1033,3155,12012,75563,57085,132649,16019,-715,147953,,,,,,,,,,,,,,,,,,,,,,0,0,0,0,0,0,0,0,0,0,0,0,0,0,0,0,0,0,0,0,0,6084,6865,32684,9996,19889,12605,10581,9964,12778,5245,21489,10592,15460,9656,13986,16135,13983,1971,7022,29976,262820,24453,9506,296303,,,,,,,,,,,,,,,,,,,,,,,,,,,,,,,,,,,,,,,,,,,,,,,4689,3263,18879,5476,9916,7741,7233,3663,8066,6438,9203,5698,7043,3216,6744,5836,6897,1078,3093,12443,136615,11943,-605,147953,,,,,,,,,,,,,,,,,,,,,,,,27.6,17.9,33.8,37.3,35.6,38.4,37,44.5,40.3,49.9,42.5,45.2,42.7,40.3,29.5,33.8,36.7,35.7,39.4,40.9,37,36.6,,,,,,,,,,,,,,,,,,,,,,,
Jun-1991,15454,35952,50649,17401,14086,4638,37814,5430,5828,7486,16336,760,11463,7867,14937,23934,176,159714,209964,16690,9310,11550,2814,511,14982,5450,-148,5302,1913,1363,17836,39401,3067,3384,6296,1663,4595,6190,12313,51548,260250,14781,14962,9565,10718,41967,-3278,297605,10052,15226,25278,9199,3421,4644,17588,1448,5420,3892,11299,1131,9316,1920,7003,12324,92,88696,113974,7380,1649,5971,1396,221,7588,9105,-283,8822,1087,1864,19361,28390,1833,2559,4392,1833,2736,4570,8962,37351,151326,12369,22689,5889,7836,13961,794,153815,1138,2497,3636,1107,1935,3042,12341,6647,18988,2266,3193,5460,5107,4575,9682,5749,3089,8839,4865,2235,7100,2775,1024,3799,4249,1800,6049,3102,3013,6115,6003,3649,9652,1035,4269,5303,5402,1675,7077,2641,904,3545,6430,1677,8108,6123,696,6819,5969,1137,7107,870,429,1300,2249,1076,3325,12830,79422,58350,137773,15937,106,153815,0.0,0.0,0.0,0.0,0.0,0.0,0.0,0.0,0.0,0.0,0.0,0.0,0.0,0.0,0.0,0.0,0.0,0.0,0.0,0.0,0.0,0,0,0,0,0,0,0,0,0,0,0,0,0,0,0,0,0,0,0,0,0,6807,7196,32498,10203,20132,11542,10615,9578,12958,5521,21671,10536,15516,9806,14291,16383,14647,2039,6906,30857,265825,23574,8623,297605,11.9,4.8,-0.6,2.1,1.2,-8.4,0.3,-3.9,1.4,5.3,0.8,-0.5,0.4,1.6,2.2,1.5,4.8,3.5,-1.6,2.9,1.1,-3.6,0.4,0.2,0.1,-0.1,0.1,0.1,-0.4,0,-0.1,0.1,0.1,0.1,0,0,0.1,0.1,0.1,0.2,0,0,0.3,-0.3,-0.3,0.4,3654,3090,18346,6134,10751,8417,7396,4011,8274,6981,9557,6024,7340,3351,7198,6240,7812,1029,3240,13106,141950,11895,-30,153815,-22.1,-5.3,-2.8,12,8.4,8.7,2.3,9.5,2.6,8.4,3.8,5.7,4.2,4.2,6.7,6.9,13.3,-4.6,4.8,5.3,3.9,-0.4,4,27.7,15.6,35.1,40.4,38.7,39.6,36.9,45.2,40.3,48.7,44,44.8,43,40.5,29.1,33.8,37.4,33.9,39.1,40.4,36.2,37.1,0,0,0,0,0,0,0,0,0,0,0,0,0,0,0,0,0,0,0,0,0,0,0
Jun-1992,16097,35624,51208,17541,12800,4863,38974,5382,6064,7661,16630,829,11996,7815,14707,24405,577,163124,213967,16838,10654,8670,2384,956,12002,5008,-163,4840,1365,1656,15822,36788,3017,3537,6419,1794,4486,6298,12540,49180,261036,14873,15432,9965,10659,45141,-6531,298393,10666,16140,26807,9519,3405,4938,18397,1499,5734,4188,11401,1286,9962,2063,7173,12889,306,92760,119567,7472,1789,4082,1259,390,5731,8418,-314,8103,786,2040,16661,25922,1767,2628,4395,1917,2633,4550,8945,34867,154434,12151,23433,6227,7923,16341,-965,156832,1102,2150,3251,977,1942,2919,12106,7459,19565,2399,3549,5948,4456,3880,8336,5948,2969,8916,4896,2220,7116,2917,897,3814,4382,1785,6167,3163,3724,6887,6075,4298,10373,1071,3402,4473,5682,1355,7037,2720,741,3461,6817,1792,8609,6378,725,7102,6305,1183,7489,924,437,1361,2483,1155,3638,13410,80801,59071,139871,16090,871,156832,0.0,0.0,0.0,0.0,0.0,0.0,0.0,0.0,0.0,0.0,0.0,0.0,0.0,0.0,0.0,0.0,0.0,0.0,0.0,0.0,0.0,0,0,0,0,0,0,0,0,0,0,0,0,0,0,0,0,0,0,0,0,0,6070,7414,31553,10296,18222,11487,11054,9530,13243,5894,23140,10144,16172,10258,14889,16627,14904,2093,6880,31702,267500,23665,7644,298393,-10.8,3.0,-2.9,0.9,-9.5,-0.5,4.1,-0.5,2.2,6.8,6.8,-3.7,4.2,4.6,4.2,1.5,1.8,2.6,-0.4,2.7,0.6,0.4,0.3,-0.2,0.1,-0.3,0,-0.6,0,0.1,0,0.1,0.1,0.5,-0.1,0.2,0.2,0.2,0.1,0.1,0,0,0.3,0,-0.3,0.3,3266,2946,18933,6567,9472,8552,7431,4026,8336,7872,10261,5124,7248,3273,7441,6501,8239,1054,3546,13714,143800,12231,802,156832,-10.6,-4.7,3.2,7.1,-11.9,1.6,0.5,0.4,0.7,12.8,7.4,-14.9,-1.2,-2.3,3.4,4.2,5.5,2.4,9.4,4.6,1.3,2.8,2,25.3,14.9,35.5,40.9,38.2,41.4,36.7,43.4,39.8,48.7,42.7,44.1,43.8,40.7,29.3,33.5,37.7,31.5,38.9,39.9,37.7,37.1,0,0,0,0,0,0,0,0,0,0,0,0,0,0,0,0,0,0,0,0,0,0,0
Jun-1993,16587,36954,52980,17970,12192,4544,40060,5686,5994,8009,16985,945,11928,7720,13703,24534,557,163790,216304,18646,10053,6942,1926,492,9395,5669,-224,5434,1399,2080,16098,38196,2535,3865,6362,1808,4804,6578,12769,50809,265196,16377,16394,11861,10816,46051,-5422,306852,11258,16742,28000,9886,3698,4681,18905,1624,5686,4182,11765,1466,10225,2159,6954,13129,299,94661,122660,8255,1861,3117,1020,194,4331,9858,-441,9417,774,2540,17062,27177,1513,2878,4391,1985,2774,4758,9149,36327,158987,13798,26569,7434,8649,17044,-931,161115,1234,2060,3294,967,2007,2974,12407,8638,21045,2278,3617,5895,4507,3602,8109,6211,3274,9485,5110,2393,7503,2942,921,3863,4184,1921,6104,3292,3708,7000,5965,5756,11720,1132,3451,4583,5997,1477,7474,2870,754,3624,7070,1914,8983,6775,756,7531,6148,1284,7432,831,535,1366,2520,1244,3764,13630,82439,62941,145380,16151,-417,161115,0.0,0.0,0.0,0.0,0.0,0.0,0.0,0.0,0.0,0.0,0.0,0.0,0.0,0.0,0.0,0.0,0.0,0.0,0.0,0.0,0.0,0,0,0,0,0,0,0,0,0,0,0,0,0,0,0,0,0,0,0,0,0,6443,7687,31487,10520,18499,11239,10996,9184,13175,6538,24044,11018,15666,10654,15378,17748,15175,2047,7001,32661,273140,24278,9863,306852,6.1,3.7,-0.2,2.2,1.5,-2.2,-0.5,-3.6,-0.5,10.9,3.9,8.6,-3.1,3.9,3.3,6.7,1.8,-2.2,1.8,3.0,2.1,2.6,2.8,0.1,0.1,0,0.1,0.1,-0.1,0,-0.1,0,0.2,0.3,0.3,-0.2,0.1,0.2,0.4,0.1,0,0,0.3,0.2,0.7,2.8,3315,2983,20372,6518,9158,9077,7823,4068,8245,7996,11487,5152,7652,3416,7784,6896,8193,1037,3660,13932,148766,12487,-138,161115,1.5,1.3,7.6,-0.7,-3.3,6.1,5.3,1.1,-1.1,1.6,12,0.6,5.6,4.3,4.6,6.1,-0.6,-1.6,3.2,1.6,3.5,2.1,2.7,22.9,14.4,35.6,40.2,36.4,41.1,35.6,41.3,38.2,48.3,41.1,42.9,43.2,39.7,29.4,32.8,35.8,29,38,39.8,37.3,36.3,0,0,0,0,0,0,0,0,0,0,0,0,0,0,0,0,0,0,0,0,0,0,0
Jun-1994,16739,37886,53974,18024,12461,4472,41388,5699,6117,8205,17109,1053,12086,7823,13966,23717,399,165376,218847,19962,11023,6204,2303,400,9030,6135,-286,5831,1422,2249,16795,40305,2059,4248,6364,1875,5178,6977,13174,53312,270587,19767,17529,13308,12946,50606,-5256,318537,11530,16923,28454,10114,3982,4567,19419,1627,5853,4397,12057,1624,10616,2272,7288,12884,218,96917,125371,8975,2248,2787,1220,159,4166,10833,-570,10263,815,2656,17901,29124,1277,2688,3966,2088,3060,5149,9114,38238,163609,15972,28702,8388,10461,19936,-68,168674,1291,2262,3553,968,2260,3229,12999,9783,22781,2144,3694,5838,4874,3452,8326,6481,3498,9979,5515,2331,7846,3154,1289,4442,4506,1844,6350,3274,4339,7613,6012,6810,12822,1223,2883,4106,6454,1139,7592,3108,626,3734,7360,1990,9350,7215,808,8023,6063,1364,7427,884,568,1452,2651,1194,3846,13780,86175,65914,152089,17903,-1317,168674,0.0,0.0,0.0,0.0,0.0,0.0,0.0,0.0,0.0,0.0,0.0,0.0,0.0,0.0,0.0,0.0,0.0,0.0,0.0,0.0,0.0,0,0,0,0,0,0,0,0,0,0,0,0,0,0,0,0,0,0,0,0,0,6685,7684,33000,10702,18740,11972,11261,9632,13643,7130,26282,11391,16385,11158,15922,17936,15729,2044,7029,33782,284571,25268,9144,318537,3.7,0.0,4.8,1.7,1.3,6.5,2.4,4.9,3.6,9.0,9.3,3.4,4.6,4.7,3.5,1.1,3.6,-0.2,0.4,3.4,4.2,4.1,3.8,0.1,0,0.5,0.1,0.1,0.2,0.1,0.1,0.2,0.2,0.7,0.1,0.2,0.2,0.2,0.1,0.2,0,0,0.4,0.3,-0.2,3.8,3583,3256,22061,6486,9360,9558,8244,4691,8550,8748,12563,4681,7753,3525,7948,7353,8213,1110,3750,14237,155670,13681,-678,168674,8.1,9.1,8.3,-0.5,2.2,5.3,5.4,15.3,3.7,9.4,9.4,-9.1,1.3,3.2,2.1,6.6,0.2,7.1,2.5,2.2,4.6,9.6,4.7,23,16.1,35.8,40.2,34.6,40.4,36.4,41.6,39,47.8,39.8,42.6,42.4,39.8,29,33.2,34.5,29.1,38.4,39.3,36.9,36.2,0,0,0,0,0,0,0,0,0,0,0,0,0,0,0,0,0,0,0,0,0,0,0
Jun-1995,17778,39096,56357,18774,12358,4521,42840,5896,6514,8135,18379,1160,12872,8143,14948,24334,1223,173329,229177,21361,10923,8187,3329,531,12252,7623,-276,7335,1300,2553,20945,47269,2543,4187,6783,1868,5424,7163,13750,60885,289356,20208,21406,14578,12830,45568,-4803,330671,12416,17979,30396,10804,4218,4639,20077,1683,6340,4562,13233,1811,11404,2435,8008,13660,692,103567,133962,9830,2275,3828,1799,219,5846,12954,-527,12427,792,2938,22004,34109,1632,2582,4214,2006,3240,5246,9460,43569,177531,16446,33641,9176,10294,19859,-233,178845,1421,1842,3263,933,2341,3274,13529,10268,23796,1957,3280,5237,5740,3942,9682,6330,3708,10038,5697,2672,8369,3594,1156,4750,4930,2465,7395,3508,3950,7458,6472,8330,14801,1355,2735,4090,7625,918,8543,3450,597,4047,7506,1979,9485,7329,834,8164,6213,1464,7677,1044,578,1622,2748,1145,3892,14047,91381,68250,159631,19446,-232,178845,0.0,0.0,0.0,0.0,0.0,0.0,0.0,0.0,0.0,0.0,0.0,0.0,0.0,0.0,0.0,0.0,0.0,0.0,0.0,0.0,0.0,0,0,0,0,0,0,0,0,0,0,0,0,0,0,0,0,0,0,0,0,0,5050,8171,33421,10971,20691,13353,11935,10504,14351,8087,25409,12286,18855,12802,16806,18173,16401,2129,7504,35046,298736,27664,4751,330671,-24.5,6.3,1.3,2.5,10.4,11.5,6.0,9.1,5.2,13.4,-3.3,7.9,15.1,14.7,5.6,1.3,4.3,4.2,6.8,3.7,5.0,9.5,3.8,-0.5,0.2,0.1,0.1,0.6,0.4,0.2,0.3,0.2,0.3,-0.3,0.3,0.8,0.5,0.3,0.1,0.2,0,0.1,0.4,0.8,-1.4,3.8,3305,3321,23187,5855,10731,9657,8811,5044,10051,8566,14370,4566,8535,3744,8200,7522,8538,1237,3812,14799,163852,14760,233,178845,-7.8,2,5.1,-9.7,14.7,1,6.9,7.5,17.6,-2.1,14.4,-2.5,10.1,6.2,3.2,2.3,4,11.4,1.6,3.9,5.3,7.9,6,22.1,15.6,35.6,39,36.1,39.2,36,41.6,40.8,48.5,40.3,42.4,42.5,39.8,28.4,33.3,34.3,29.3,38.1,38.7,36.7,36.2,0,0,0,0,0,0,0,0,0,0,0,0,0,0,0,0,0,0,0,0,0,0,0
Jun-1996,17589,41109,57828,19227,11566,4872,44229,5948,6647,7914,18766,1350,13818,8215,16050,24920,959,178728,236053,20827,9948,9907,3796,369,14326,7489,-291,7184,1417,2891,22082,48302,2526,3869,6450,1817,4809,6587,12836,61048,296097,21805,23062,15797,13473,52110,-5451,343824,12178,19346,31524,11481,4462,5017,21275,1716,6574,4622,13805,2100,12481,2610,8834,14595,565,110137,141661,9657,2218,4840,2116,159,7114,12433,-540,11894,569,3271,22848,34723,1718,2401,4119,1917,2918,4835,8954,43677,185337,18083,35088,10160,10908,24582,-481,191685,1450,2518,3968,1128,2532,3660,14744,9713,24457,2008,2864,4873,5867,4609,10476,6807,4360,11167,6128,2942,9070,3801,1254,5055,5009,2289,7298,3984,4030,8014,7289,9650,16939,1530,3006,4536,8638,905,9544,3682,606,4288,8371,2061,10432,7430,900,8331,6843,1497,8340,1230,479,1709,2935,1226,4162,14564,98876,72006,170882,21285,-481,191685,0.0,0.0,0.0,0.0,0.0,0.0,0.0,0.0,0.0,0.0,0.0,0.0,0.0,0.0,0.0,0.0,0.0,0.0,0.0,0.0,0.0,0,0,0,0,0,0,0,0,0,0,0,0,0,0,0,0,0,0,0,-1,0,6811,8911,33545,11123,21391,14484,12585,10937,15874,8299,26160,12650,18941,12428,17087,18472,17242,2108,8152,35767,310746,28175,5385,343824,34.9,9.1,0.4,1.4,3.4,8.5,5.4,4.1,10.6,2.6,3.0,3.0,0.5,-2.9,1.7,1.6,5.1,-1.0,8.6,2.1,4.0,1.8,4.0,0.5,0.2,0,0,0.2,0.3,0.2,0.1,0.5,0.1,0.2,0.1,0,-0.1,0.1,0.1,0.3,0,0.2,0.2,0.2,0.2,4,4028,3768,23920,5419,11537,10753,9534,5384,9960,9219,16294,5084,9544,3975,9055,7681,9310,1315,4090,15467,175338,15867,481,191685,21.8,13.5,3.2,-7.4,7.5,11.4,8.2,6.7,-0.9,7.6,13.4,11.3,11.8,6.2,10.4,2.1,9,6.3,7.3,4.5,7,7.5,7.2,22.5,15.6,35.5,37.1,36.9,40,35.9,41.8,38.6,48.2,42.2,42.9,43.4,40.2,29.5,33.1,34.7,28.9,38.2,39.2,36.8,36.3,0,0,0,0,0,0,0,0,0,0,0,0,0,0,0,0,0,0,0,0,0,0,0
Jun-1997,17386,42255,58561,19018,11919,5010,45484,6180,6685,7750,19509,1523,15020,8590,15131,26384,770,183639,241761,20533,10632,10361,2566,1000,13937,8113,-203,7908,1328,3295,23461,50309,2424,2701,5207,1863,5539,7257,12402,62642,303392,24659,25081,16990,14307,55926,-5011,356568,11867,20411,32278,11716,4718,5210,22450,1815,6667,4744,14371,2354,13470,2811,8488,15525,460,114799,147077,9708,2688,5243,1439,450,7133,12393,-342,12050,559,3635,23376,35772,1675,1665,3341,1875,3338,5213,8554,44326,191403,19101,34323,11053,11319,26856,-643,202128,1402,2991,4394,1135,2566,3701,14653,8627,23280,1859,3040,4899,6009,4586,10596,7398,4242,11640,6718,2821,9539,4156,1041,5197,5859,2315,8174,4136,4737,8873,7855,10033,17888,1693,3327,5020,9459,948,10407,3898,606,4504,9750,2122,11872,8220,839,9059,7597,1388,8985,1361,515,1875,3145,1252,4396,15926,106304,73922,180226,22545,-643,202128,0.0,0.0,0.0,0.0,0.0,0.0,0.0,0.0,0.0,0.0,0.0,0.0,0.0,0.0,0.0,0.0,0.0,0.0,0.0,0.0,0.0,0,0,0,0,0,0,0,0,0,0,0,0,0,0,0,0,0,0,0,-1,0,8146,9448,33717,11098,20668,15013,13208,11540,16913,8891,27769,13367,20053,12125,18102,19167,17673,2176,8708,37411,323249,28860,4960,356568,19.6,6.0,0.5,-0.2,-3.4,3.7,5.0,5.5,6.5,7.1,6.2,5.7,5.9,-2.4,5.9,3.8,2.5,3.2,6.8,4.6,4.0,2.4,3.7,0.4,0.2,0.1,0,-0.2,0.2,0.2,0.2,0.3,0.2,0.5,0.2,0.3,-0.1,0.3,0.2,0.1,0,0.2,0.5,0.2,-0.1,3.7,4441,3839,22857,5319,11658,11208,10220,5535,10481,10173,17557,5609,10432,4181,10301,8397,9785,1405,4314,17079,184791,16694,643,202128,10.3,1.9,-4.4,-1.8,1.1,4.2,7.2,2.8,5.2,10.4,7.7,10.3,9.3,5.2,13.8,9.3,5.1,6.9,5.5,10.4,5.4,5.2,5.4,24.7,16,33.4,36.5,35,40.1,35.8,41.6,39,49.3,42.9,43.3,44.2,40.7,30.6,33.6,34.6,29,38,39.3,37,36.4,0,0,0,0,0,0,0,0,0,0,0,0,0,0,0,0,0,0,0,0,0,0,0
Jun-1998,18676,43082,60882,20157,12380,4962,46842,6268,6570,7566,21288,1663,15868,8915,15884,28087,444,191519,251962,24999,11894,12250,2628,761,15664,9126,-278,8841,987,3562,25926,57183,1953,3440,5409,1725,5561,7083,12409,69556,320984,26817,27698,18066,14384,51903,-6418,369270,12992,21113,34105,12592,4987,5147,23842,1859,6568,4822,15367,2570,14358,3047,9068,17238,265,121730,155836,11845,3228,6588,1494,364,8446,13704,-452,13252,532,3859,26090,41163,1374,2120,3494,1767,3394,5161,8655,49818,205653,21521,38747,11896,12240,25869,-798,213154,1403,2880,4283,1193,2547,3741,15162,9831,24993,1711,2969,4680,6212,4866,11078,7825,3913,11737,7242,2792,10034,4488,1175,5663,5615,2961,8576,4324,5180,9504,8512,10548,19059,1905,3534,5439,10345,1052,11396,4459,717,5176,9789,2187,11976,8706,944,9650,7828,1429,9257,1420,748,2167,3218,1268,4486,16905,111355,78447,189803,24150,-798,213154,0.0,0.0,0.0,0.0,0.0,0.0,0.0,0.0,0.0,0.0,0.0,0.0,0.0,0.0,0.0,0.0,0.0,0.0,0.0,0.0,0.0,0,0,0,0,0,0,0,0,0,0,0,0,0,0,0,0,0,0,0,0,0,7098,9351,33760,11573,22581,15711,13452,11570,17315,9441,29541,13976,21168,13250,17451,19623,17907,2214,8841,38420,332312,31121,6338,369270,-12.9,-1.0,0.1,4.3,9.3,4.6,1.8,0.3,2.4,6.2,6.4,4.6,5.6,9.3,-3.6,2.4,1.3,1.7,1.5,2.7,2.8,7.8,3.6,-0.3,0,0,0.1,0.5,0.2,0.1,0,0.1,0.2,0.5,0.2,0.3,0.3,-0.2,0.1,0.1,0,0,0.3,0.6,0.4,3.6,4342,4082,24417,5318,12274,11329,10364,6057,10861,10999,18848,6131,11465,4825,10363,8912,9978,1605,4431,18187,194789,17567,798,213154,-2.2,6.3,6.8,0,5.3,1.1,1.4,9.4,3.6,8.1,7.4,9.3,9.9,15.4,0.6,6.1,2,14.2,2.7,6.5,5.4,5.2,5.5,24.3,15.9,33.2,33.9,35.3,39.6,35.1,41.7,38.9,47.9,42.2,44,44.4,41,29.6,33.5,34.5,28.4,38.3,39.4,37.4,36.2,0,0,0,0,0,0,0,0,0,0,0,0,0,0,0,0,0,0,0,0,0,0,0
Jun-1999,18622,45906,63286,19754,12761,5124,48477,6629,6390,8367,22889,1911,16548,9267,17732,30444,1109,201767,264670,27596,11988,14090,3102,166,17471,9418,-110,9315,1082,3811,27920,61715,2252,3314,5615,1779,5948,7482,13016,74701,339003,26231,30385,18621,15166,53890,-4482,387712,12977,23984,36961,12979,5272,5242,25326,1981,6418,5264,16298,2838,15024,3379,10405,18581,671,129680,166641,13415,3393,7943,1774,87,9805,14183,-171,14012,546,4115,28478,45286,1544,2125,3669,1867,3794,5661,9331,54616,221258,19826,42023,12381,13610,28147,-791,225189,1477,2783,4261,1086,3094,4181,15289,10361,25650,1678,2197,3875,6671,5457,12127,7957,4022,11980,7663,2861,10524,4562,1605,6167,5818,3139,8957,4542,5586,10127,9063,11269,20332,2063,3211,5274,11915,894,12809,5392,583,5975,10452,2459,12911,9354,980,10334,8232,1546,9778,1429,778,2207,3505,1342,4846,18009,118149,82175,200323,25656,-791,225189,0.0,0.0,0.0,0.0,0.0,0.0,0.0,0.0,0.0,0.0,0.0,0.0,0.0,0.0,0.0,0.0,0.0,0.0,0.0,0.0,0.0,0,0,0,0,0,0,0,0,0,0,0,0,0,0,0,0,0,0,0,0,0,7826,9667,34793,12065,25091,15860,14295,12195,18000,10125,32443,14530,23824,14498,19116,20258,18057,2295,9091,39329,351406,32358,4458,387712,10.3,3.4,3.1,4.3,11.1,0.9,6.3,5.4,4.0,7.3,9.8,4.0,12.5,9.4,9.5,3.2,0.8,3.6,2.8,2.4,5.7,4.0,5.0,0.2,0.1,0.3,0.1,0.7,0,0.2,0.2,0.2,0.2,0.8,0.1,0.7,0.3,0.5,0.2,0,0,0.1,0.2,0.3,-0.5,5,4359,4255,24644,4569,13452,11618,10990,6624,11948,11695,20227,6012,12875,5582,11329,9599,10596,1643,4804,19204,206023,18376,791,225189,0.4,4.2,0.9,-14.1,9.6,2.5,6,9.4,10,6.3,7.3,-2,12.3,15.7,9.3,7.7,6.2,2.3,8.4,5.6,5.8,4.6,5.6,23,16.7,33.2,28.4,36.1,38.5,35.4,41.5,39.7,48,42.2,44.5,44.7,41.2,30.8,33.8,34.1,27.8,38.7,39.5,37.2,36.3,0,0,0,0,0,0,0,0,0,0,0,0,0,0,0,0,0,0,0,0,0,0,0
Jun-2000,19546,45851,64338,20110,13147,5429,50095,6783,6930,8649,23750,2178,17554,9953,17931,32454,1619,211320,275398,29154,13583,13957,3709,34,17833,11618,-201,11424,1109,4241,31697,68612,2408,4286,6731,2219,5795,7964,14542,83120,358784,29834,36121,20304,16238,52091,-3805,404850,14067,24122,38189,13370,5628,5511,26831,2026,7011,6069,17325,3063,15899,3761,10897,20138,1003,138530,176719,15039,4203,8209,2184,18,10412,16459,-289,16170,608,4535,31726,50967,1656,2710,4367,2277,3622,5899,10265,61233,237952,21606,47689,13693,14566,29973,-553,240416,1449,3136,4585,841,2605,3446,15429,10973,26402,1898,2523,4421,7701,6418,14119,8669,4033,12703,7985,2567,10551,4813,1671,6484,5986,3143,9129,4780,5548,10328,10062,12650,22712,2216,3721,5937,12674,1486,14160,6270,572,6842,10507,2506,13013,9605,1054,10660,9108,1836,10944,1562,1057,2618,3762,1410,5173,19339,125318,88248,213567,27402,-553,240416,0.1,0.0,0.1,0.0,0.0,0.0,0.0,0.0,0.0,0.0,0.0,0.0,0.0,0.0,0.0,0.0,0.0,0.0,0.0,0.0,0.0,0,0,0,0,0,0,0,0,0,0,0,0,0,0,0,0,0,0,0,0,0,8564,10398,34914,12390,27080,16433,14355,12658,18853,10369,35995,15728,26158,15577,19053,20873,19157,2388,9324,40739,368019,33562,3794,404850,9.4,7.6,0.4,2.7,7.9,3.6,0.4,3.8,4.7,2.4,10.9,8.2,9.8,7.4,-0.3,3.0,6.1,4.0,2.6,3.6,4.7,3.7,4.4,0.2,0.2,0,0.1,0.5,0.1,0,0.1,0.2,0.1,0.9,0.3,0.6,0.3,0,0.2,0.3,0,0.1,0.4,0.3,-0.2,4.4,4697,3447,25935,5224,15343,12315,11142,6979,12167,11942,22954,6676,14327,6400,11317,10033,11706,1876,5123,20483,220086,19778,553,240416,7.8,-19,5.2,14.3,14.1,6,1.4,5.4,1.8,2.1,13.5,11,11.3,14.7,-0.1,4.5,10.5,14.2,6.7,6.7,6.8,7.6,6.8,22.8,12.3,33.8,31.9,36.7,38.8,34.3,40.7,39.3,47.7,44.3,44,44.9,41.2,30,33.9,34.4,27.2,38.3,39.5,37.8,36.4,0,0,0,0,0,0,0,0,0,0,0,0,0,0,0,0,0,0,0,0,0,0,0
Jun-2001,20250,46358,65643,20420,13008,5401,51681,7086,7096,8989,24159,2457,18201,10027,18584,32891,1263,216228,281619,20443,11800,9244,3173,-310,12229,12903,-581,12325,1072,4899,30384,60052,1390,3974,5349,2191,6629,8629,13970,73941,354607,30623,37071,25661,15912,57452,-4074,411286,15117,25110,40227,13834,6165,5920,28581,2326,7351,6289,18355,3700,17292,4083,12374,21383,830,148481,188709,11363,3999,5624,1958,-170,7412,18292,-815,17477,676,5370,30935,46297,932,2441,3373,2259,4280,6539,9912,56209,244918,25214,52881,17541,15829,35281,-620,253623,1465,4273,5738,877,3006,3883,16131,10668,26799,2018,2436,4454,7502,4172,11673,9133,3897,13030,8296,2733,11029,5109,1752,6861,6357,3394,9751,5022,5878,10901,10729,13336,24065,2370,3855,6225,14712,1664,16375,7194,710,7904,10963,2576,13540,9873,1200,11073,9882,1829,11711,1651,1057,2708,3918,1442,5360,19980,133202,89859,223061,31182,-620,253623,0.0,0.0,0.0,0.0,0.0,0.0,0.0,0.0,0.0,0.0,0.0,0.0,0.0,0.0,0.0,0.0,0.0,0.0,0.0,0.0,0.0,0,0,0,0,0,0,0,0,0,0,0,0,0,0,0,0,0,0,0,0,0,9707,11712,35715,12794,21535,16293,14810,13628,19607,10697,36410,15336,28543,16819,20000,21015,19784,2446,9598,42252,375075,32663,4060,411286,13.3,12.6,2.3,3.3,-20.5,-0.8,3.2,7.7,4.0,3.2,1.2,-2.5,9.1,8.0,5.0,0.7,3.3,2.5,2.9,3.7,1.9,-2.7,1.6,0.3,0.3,0.2,0.1,-1.4,0,0.1,0.2,0.2,0.1,0.1,-0.1,0.6,0.3,0.2,0,0.2,0,0.1,0.4,-0.2,0.1,1.6,5870,3919,26572,5397,12329,12616,11603,7377,12632,12604,24273,6976,16489,7372,12281,10628,12300,1985,5296,21280,229799,23204,620,253623,25,13.7,2.5,3.3,-19.6,2.4,4.1,5.7,3.8,5.5,5.7,4.5,15.1,15.2,8.5,5.9,5.1,5.8,3.4,3.9,4.4,17.3,5.5,23.8,11.1,34.3,30.6,33.9,38.7,34.3,40.7,39.3,47.5,44.2,42.8,45,41.1,30.8,33.1,33.8,27.5,38.2,39.6,38,36,0,0,0,0,0,0,0,0,0,0,0,0,0,0,0,0,0,0,0,0,0,0,0
Jun-2002,20624,47463,67075,21866,13057,5473,52977,7119,7338,9868,24103,2621,18555,10718,17970,33089,2514,222111,288957,24233,14558,8740,2792,-305,11338,11744,-732,11016,1118,5255,28443,61433,1531,4347,5860,2159,6727,8669,14468,75806,363778,31361,37953,22642,15336,59263,-4445,419311,15505,26637,42142,15450,6413,6065,30175,2386,7786,7119,18174,3949,17874,4491,12317,22476,1699,156375,198517,13687,5368,5357,1775,-166,6967,16524,-1012,15512,812,5762,29053,48107,1106,2901,4007,2255,4428,6683,10690,58798,257314,26081,52404,15821,15733,34852,-493,265438,1344,5580,6924,821,3414,4235,15376,10244,25620,1980,3401,5381,7764,5450,13214,9128,4638,13767,8451,3343,11794,5013,1637,6650,6167,4141,10308,4831,6694,11524,11091,13962,25053,2362,4307,6669,15230,1814,17045,7578,905,8482,11128,2697,13826,10121,1351,11472,10314,2020,12334,1661,1029,2690,3924,1659,5583,21588,134286,99872,234159,31772,-493,265438,0.0,0.0,0.0,0.0,0.0,0.0,0.0,0.0,0.0,0.0,0.0,0.0,0.0,0.0,0.0,0.0,0.0,0.0,0.0,0.0,0.1,0,0,0,0,0,0,0,0,0,0,0,0,0,0,0,0,0,0,0,0,0,9624,11604,36263,12748,22083,16500,15392,13126,20019,11165,39056,15032,27906,16858,19992,21838,20633,2415,9153,42531,381378,33925,4427,419311,-0.9,-0.9,1.5,-0.4,2.5,1.3,3.9,-3.7,2.1,4.4,7.3,-2.0,-2.2,0.2,0.0,3.9,4.3,-1.3,-4.6,0.7,1.7,3.9,2.0,0.0,0,0.1,0,0.1,0.1,0.1,-0.1,0.1,0.1,0.6,-0.1,-0.2,0,0,0.2,0.2,0,-0.1,0.1,0.3,0.1,2,7071,4297,25627,6085,13393,13333,12460,7232,13402,13290,25406,7513,17199,7944,12671,11300,12961,2005,5582,22481,241251,23694,493,265438,20.5,9.6,-3.6,12.8,8.6,5.7,7.4,-2,6.1,5.4,4.7,7.7,4.3,7.8,3.2,6.3,5.4,1,5.4,5.6,5,2.1,4.7,23.7,11.7,32.2,32,31.2,37.4,33.6,39.3,39.1,48,44.6,42.6,44.1,39.5,29.4,33.4,33.2,27.1,36.8,39.3,37.2,35.2,0,0,0,0,0,0,0,0,0,0,0,0,0,0,0,0,0,0,0,0,0,0,0.1
Jun-2003,21445,48161,68681,22442,13355,5684,54388,7323,7919,10668,24668,2743,19771,10664,18580,33716,1906,229276,297768,28394,14775,9903,3422,396,13772,12994,-757,12240,683,5749,31815,68934,1232,4912,6097,2541,7251,9634,15694,84546,381921,30688,43185,22599,15812,57197,-5296,428112,16297,28602,44899,16458,6749,6409,31733,2566,8430,8028,19381,4294,18983,4885,13048,23542,1327,165835,210734,16567,6184,6345,2283,221,8849,17530,-997,16533,516,6156,32053,54804,865,3249,4114,2514,4812,7326,11440,66244,276978,23804,55635,16274,15950,35653,-787,280337,1241,3951,5192,851,3325,4176,16577,11899,28476,2267,3361,5628,8120,6941,15061,9159,5525,14684,9082,3408,12490,5319,1672,6991,6127,4897,11024,4456,7204,11660,11723,14128,25851,3057,4474,7531,15796,2423,18220,8192,945,9137,11653,2775,14428,10790,1393,12183,11084,2037,13121,1727,1127,2855,4065,1897,5962,22631,141286,106013,247299,33825,-787,280337,0.0,0.0,0.0,0.0,0.0,0.0,0.0,0.0,0.0,0.0,0.0,0.0,0.0,0.0,0.0,0.0,0.0,0.0,0.0,0.0,0.0,0,0,0,0,0,0,0,0,0,0,0,0,0,0,0,0,0,0,0,-1,0,6412,11164,37210,12110,25375,16597,16010,12855,20995,11588,40092,15871,28077,16713,20456,21900,21281,2476,9486,42871,387264,35876,5264,428112,-33.4,-3.8,2.6,-5.0,14.9,0.6,4.0,-2.1,4.9,3.8,2.7,5.6,0.6,-0.9,2.3,0.3,3.1,2.6,3.6,0.8,1.5,5.7,2.1,-0.8,-0.1,0.2,-0.2,0.8,0,0.1,-0.1,0.2,0.1,0.2,0.2,0,0,0.1,0,0.2,0,0.1,0.1,0.5,0.2,2.1,5340,4182,27753,6351,15033,14325,13084,7489,14369,13623,26198,8479,18287,8764,13562,12347,13778,2113,5956,23183,254218,25332,787,280337,-24.5,-2.7,8.3,4.4,12.2,7.4,5,3.6,7.2,2.5,3.1,12.9,6.3,10.3,7,9.3,6.3,5.4,6.7,3.1,5.4,6.9,5.6,23.1,11.4,31.9,31.4,30.8,36,33.4,39.9,38.7,46.9,44.2,41.9,43.6,39,30.3,34.1,32.9,26.9,36.4,38.6,36.1,35,0,0,0,0,0,0,0,0,0,0,0,0,0,0,0,0,0,0,0,0,0,0,0
Jun-2004,22495,49007,70670,22871,13088,5966,55896,7619,8046,11323,25759,2902,20948,11033,18352,35739,1954,237297,307803,32751,13990,10834,5012,-522,15551,14683,-821,13866,1098,6232,35954,76964,1496,5058,6515,2501,7415,9725,16175,93142,401000,30531,49096,22966,19017,60821,-4490,442714,17333,30201,47535,17223,6890,6720,33383,2768,8529,8723,20323,4606,19777,5356,13394,25051,1392,174135,221669,20015,6635,7762,3475,-317,10921,17935,-979,16956,903,6512,35293,61943,1048,3342,4390,2300,5092,7391,11781,73724,295393,22401,55373,16793,17180,40833,-1982,300885,1102,4460,5563,856,3157,4013,16622,13827,30449,2311,3675,5986,8969,9724,18693,9216,5985,15200,9359,3703,13062,5684,1959,7643,6915,5207,12122,4438,8460,12898,12236,16109,28345,3628,3624,7252,17261,2423,19683,9196,977,10174,12534,2774,15308,11594,1510,13104,12116,2404,14521,1740,1280,3019,4361,2209,6570,24036,150139,117502,267641,35226,-1982,300885,0.0,0.0,0.0,0.0,0.0,0.0,0.0,0.0,0.0,0.0,0.0,0.0,0.0,0.0,0.0,0.0,0.0,0.0,0.0,0.0,0.0,0,0,0,0,0,0,0,0,0,0,0,0,0,0,0,0,0,0,0,0,0,7611,11161,37038,11600,30729,16437,16588,13126,21329,12017,43627,15761,29211,16622,20211,22149,22249,2672,9853,43839,401681,36883,4476,442714,18.7,0.0,-0.5,-4.2,21.1,-1.0,3.6,2.1,1.6,3.7,8.8,-0.7,4.0,-0.5,-1.2,1.1,4.5,7.9,3.9,2.3,3.7,2.8,3.4,0.3,0,0,-0.1,1.3,0,0.1,0.1,0.1,0.1,0.8,0,0.3,0,-0.1,0.1,0.2,0,0.1,0.2,0.2,-0.2,3.4,5713,3965,29301,6401,19575,14435,13760,8089,15266,14397,28351,8249,19878,9839,14163,12877,15246,2308,6537,24348,272699,26204,1982,300885,7,-5.2,5.6,0.8,30.2,0.8,5.2,8,6.2,5.7,8.2,-2.7,8.7,12.3,4.4,4.3,10.7,9.2,9.8,5,7.3,3.4,7.3,21.7,11.5,31.2,29.9,34.5,34,32.9,39.1,37.8,46.5,45.2,41.3,43.2,38.8,29.4,33.9,33.3,26.8,36.2,37.9,34.9,34.9,0,0,0,0,0,0,0,0,0,0,0,0,0,0,0,0,0,0,0,0,0,0,0
Jun-2005,23562,49068,71947,23775,13677,6338,57434,7524,8343,11360,26886,3129,21768,11111,18717,37655,1588,245536,317391,31534,10237,10531,6510,-484,16754,18027,-757,17268,985,6542,41288,80334,1793,5406,7164,3036,7475,10426,17507,97794,415372,31860,55599,23791,20626,61103,-5155,450746,18795,31639,50435,18051,7373,6999,35172,2937,8705,8975,21696,5050,20517,5973,14169,26537,1158,183312,233747,20279,5285,8085,4637,-316,12407,21236,-867,20369,830,6797,40403,65967,1284,3783,5067,2754,5274,8027,13094,79061,312808,26368,61505,17800,18737,43516,-3419,316831,1164,4531,5695,966,5322,6288,17648,13569,31217,2476,3999,6475,9599,10422,20021,9312,5864,15176,10002,3587,13589,5995,2013,8008,7872,5560,13431,4986,8541,13527,13057,17040,30097,3565,4083,7647,18124,2962,21086,10036,1277,11314,13183,2794,15977,12566,1575,14140,13144,2543,15686,2047,1301,3348,4638,2122,6760,25188,160378,124293,284671,35579,-3419,316831,0.0,0.0,0.0,0.0,0.0,0.0,0.0,0.0,0.0,0.0,0.0,0.0,0.0,0.0,0.0,0.0,0.0,0.0,0.0,0.0,0.0,0,0,0,0,0,0,0,0,0,0,0,0,0,0,0,0,0,0,0,0,0,8566,11418,35921,11502,29999,16559,17201,13978,22551,12161,45310,15408,29225,17144,19922,22134,23621,2925,9481,45701,408392,37546,5136,450746,12.5,2.3,-3.0,-0.9,-2.4,0.7,3.7,6.5,5.7,1.2,3.9,-2.2,0.0,3.1,-1.4,-0.1,6.2,9.5,-3.8,4.2,1.7,1.8,1.8,0.2,0.1,-0.3,0,-0.2,0,0.1,0.2,0.3,0,0.4,-0.1,0,0.1,-0.1,0,0.3,0.1,-0.1,0.4,0.1,0.1,1.8,5860,5760,29136,6715,20043,14641,14235,8744,16840,14987,30542,8755,21315,10695,14166,13687,16530,2515,6698,25753,287617,25794,3419,316831,2.6,45.3,-0.6,4.9,2.4,1.4,3.5,8.1,10.3,4.1,7.7,6.1,7.2,8.7,0,6.3,8.4,9,2.5,5.8,5.5,-1.6,5.3,22,12.4,30.6,29.2,32.1,33.1,32.4,39.7,37.8,45.8,44.8,40.1,42.3,38.4,27.9,33.3,33.7,28,35.6,37.2,34.4,34.3,0,0,0,0,0,0,0,0,0,0,0,0,0,0,0,0,0,0,0,0,0,0,0
Jun-2006,24203,49457,73035,24302,13311,6589,58843,7649,8098,11271,26717,3323,22836,11534,18368,40087,1277,250491,323451,28045,10292,11957,6166,-96,18245,19361,-1049,18317,1065,7001,44237,81151,2210,5742,7919,3417,7418,10822,18629,99662,423304,34229,61328,25144,21291,62224,-5266,457016,19834,33690,53524,19284,7391,7140,37296,3171,8431,9053,22857,5363,21587,6583,14325,28921,960,192362,245886,18489,5181,9122,4409,-64,13466,22498,-1170,21328,927,7347,43068,66738,1559,4158,5718,3245,5793,9039,14756,81494,327380,30225,67996,19299,19684,46746,-3427,332543,1128,4273,5400,1113,6797,7910,18308,13513,31821,2607,3879,6486,9462,10679,20141,9816,5822,15638,10368,3732,14100,6201,2431,8632,8499,4989,13489,5433,7696,13129,14476,19765,34241,3689,4123,7812,18663,3663,22326,10142,1513,11655,14343,3109,17451,13829,1708,15537,13715,2726,16441,2086,1323,3409,4581,2051,6632,26779,168459,130569,299028,36942,-3427,332543,0.0,0.0,0.0,0.0,0.0,0.0,0.0,0.0,0.0,0.0,0.0,0.0,0.0,0.0,0.0,0.0,0.0,0.0,0.0,0.0,0.0,0,0,0,0,0,0,0,0,0,0,0,0,0,0,0,0,0,0,0,0,-1,9078,10990,35555,11758,29925,16629,17245,13897,22767,12426,48071,15449,29399,17833,20728,22066,23775,2901,9125,46760,413899,38207,5247,457016,6.0,-3.8,-1.0,2.2,-0.2,0.4,0.3,-0.6,1.0,2.2,6.1,0.3,0.6,4.0,4.0,-0.3,0.6,-0.8,-3.7,2.3,1.3,1.8,1.4,0.1,-0.1,-0.1,0.1,0,0,0,0,0,0.1,0.6,0,0,0.2,0.2,0,0,0,-0.1,0.2,0.1,0,1.4,5567,7939,30141,7034,20185,14781,14803,8967,17290,14913,34174,8955,22651,11256,15576,14350,17652,2537,6625,27337,302733,26383,3427,332543,-5,37.8,3.4,4.7,0.7,1,4,2.5,2.7,-0.5,11.9,2.3,6.3,5.2,10,4.8,6.8,0.9,-1.1,6.2,5.3,2.3,5,20.5,12.1,30.6,29.4,30.2,32.2,32.2,38.4,36.9,45.1,45.5,38.4,40.9,37.6,28.6,32.3,32.7,27.7,34.4,36.5,33.4,33.4,0,0,0,0,0,0,0,0,0,0,0,0,0,0,0,0,0,0,0,0,0,0,0
Jun-2007,25125,48942,73587,24735,13518,7205,60290,7857,8588,11927,28747,3411,24359,11863,19900,42249,1224,262716,336333,25801,10403,12162,6187,-415,18185,18475,-1056,17425,904,7866,43913,79036,1113,6558,7666,3569,8137,11668,19290,98176,434394,34287,67578,27592,23479,66469,-6205,465480,21478,34946,56424,20923,7849,7738,39718,3423,8903,10065,25536,5538,23170,7143,15991,30981,945,207923,264348,17060,5547,9571,4735,-295,14011,20907,-1155,19752,775,8339,42876,65483,811,5139,5951,3358,6357,9715,15665,81149,345496,31636,72788,21759,21751,52683,-3670,353366,1333,3197,4530,1345,6666,8011,18514,12363,30877,2592,4171,6763,10217,11249,21466,10434,5526,15960,10638,4616,15254,7073,2442,9515,9065,6959,16024,5479,8402,13881,16586,21448,38033,4093,4170,8264,19635,4412,24047,11246,2000,13246,14910,3296,18206,14355,2000,16355,15526,2899,18424,2018,1215,3233,4780,2030,6810,28480,179839,137540,317379,39657,-3670,353366,0.0,0.0,0.0,0.0,0.0,0.0,0.0,0.0,0.0,0.0,0.0,0.0,0.0,0.0,0.0,0.0,0.0,0.0,0.0,0.0,0.0,0,0,0,0,0,0,0,0,0,0,0,0,0,0,0,0,0,0,0,0,0,7456,11970,35170,11801,29684,16700,18277,13819,24298,12970,52205,13777,28590,17873,21362,22334,24350,2939,9182,47192,420380,39284,6184,465480,-17.9,8.9,-1.1,0.4,-0.8,0.4,6.0,-0.6,6.7,4.4,8.6,-10.8,-2.8,0.2,3.1,1.2,2.4,1.3,0.6,0.9,1.6,2.8,1.9,-0.4,0.2,-0.1,0,-0.1,0,0.2,0,0.3,0.1,0.9,-0.4,-0.2,0,0.1,0.1,0.1,0,0,0.1,0.2,0.2,1.9,4655,8025,29815,7238,21430,15366,16252,9327,20188,15461,38161,9356,24374,12562,16110,14780,19273,2442,6835,29503,321152,28544,3670,353366,-16.4,1.1,-1.1,2.9,6.2,4,9.8,4,16.8,3.7,11.7,4.5,7.6,11.6,3.4,3,9.2,-3.7,3.2,7.9,6.1,8.2,6.3,19.5,10.4,29.6,29.1,28.1,31.6,31.8,37.4,37.1,44.1,45,35.8,38.5,36.1,28.1,31.4,32.2,26.4,33.9,35.8,33.7,32.5,0,0,0,0,0,0,0,0,0,0,0,0,0,0,0,0,0,0,0,0,0,0,0
Jun-2008,25371,50403,75222,24764,13766,7813,61585,8055,9401,12679,31229,3499,25398,12065,20298,44618,1201,273753,349040,25604,10821,13313,6551,-598,19553,22179,-924,21251,858,8876,50490,86899,496,7168,7703,3879,8088,11973,19638,106399,455498,35635,77043,27809,27347,68045,-5495,477101,22605,37618,60223,21456,8275,8392,42705,3768,9765,10844,29134,5768,24270,7463,16755,32934,961,222491,282714,17499,5762,10830,5186,-448,15568,23644,-958,22685,839,9423,48516,71777,376,5938,6313,3636,6963,10599,16912,88690,371403,33813,79441,22560,24300,57754,-3671,378118,1326,3435,4761,1573,7146,8719,20894,13131,34025,2757,4511,7268,11540,11444,22984,11433,5762,17195,11730,4838,16568,7464,2615,10079,9403,7549,16953,5517,9595,15113,17060,22498,39558,4305,5167,9472,20603,5626,26229,11907,1958,13864,15059,3444,18503,14902,2204,17105,17836,2970,20806,2093,1372,3466,5012,2034,7046,30511,192414,147811,340225,41564,-3671,378118,0.0,0.0,0.0,0.0,0.0,0.0,0.0,0.0,0.0,0.0,0.0,0.0,0.0,0.0,0.0,0.0,0.0,0.0,0.0,0.0,0.0,0,0,0,0,0,0,0,0,0,0,0,0,0,0,0,0,0,0,0,0,0,6788,12709,36121,11578,30730,16956,19123,13579,25421,13985,53934,13571,29001,19129,21574,22742,25910,3021,9333,47850,432274,39693,5478,477101,-9.0,6.2,2.7,-1.9,3.5,1.5,4.6,-1.7,4.6,7.8,3.3,-1.5,1.4,7.0,1.0,1.8,6.4,2.8,1.6,1.4,2.8,1.0,2.5,-0.1,0.2,0.2,0,0.2,0.1,0.2,-0.1,0.2,0.2,0.4,0,0.1,0.3,0,0.1,0.3,0,0,0.1,0.1,-0.2,2.5,4892,8930,31825,7512,22358,16611,17343,9893,21370,16728,40447,10604,26717,13922,16573,15584,21702,2595,7164,32237,345008,29440,3671,378118,5.1,11.3,6.7,3.8,4.3,8.1,6.7,6.1,5.9,8.2,6,13.3,9.6,10.8,2.9,5.4,12.6,6.3,4.8,9.3,7.4,3.1,7,17.8,10.7,29.4,28.5,26.9,31.1,31.2,36.8,36.8,44.6,44.2,36.5,37.6,36.2,28.3,31.4,32.6,25.9,33.7,35.2,33,32.1,0,0,0,0,0,0,0,0,0,0,0,0,0,0,0,0,0,0,0,0,0,0,0
Jun-2009,27133,51993,78664,24136,14106,8130,62912,8429,9839,13177,29820,3587,25975,12706,20704,42695,1036,274417,353109,23953,10134,11667,8551,-773,19696,20700,-1241,19466,872,9129,48920,83263,488,7763,8297,3302,9163,12407,20650,103840,456924,36089,72844,28863,24713,64568,-6349,482539,25197,40544,65741,21763,8770,8814,46535,4060,10131,11297,26506,5770,25221,8358,16974,34120,855,229176,294917,17110,4726,10016,7238,-613,16640,22378,-1338,21040,751,9881,48312,70149,408,6881,7289,3317,8170,11487,18776,88925,383841,43273,83093,24165,24213,57319,-2326,398966,1371,3982,5353,2187,11729,13916,21558,12840,34398,3087,4896,7984,11993,11874,23866,11425,5524,16949,12270,4880,17150,7203,3054,10257,9507,7248,16755,5329,10354,15683,16640,27778,44418,4405,5212,9616,21292,5961,27253,11317,2282,13599,16590,3847,20437,15365,2584,17949,17698,3277,20975,2208,1395,3603,5205,2264,7468,32848,196648,163829,360477,40816,-2327,398966,0.0,0.0,0.0,0.0,0.0,0.0,0.0,0.0,0.0,0.0,0.0,0.0,0.0,0.0,0.0,0.0,0.0,0.0,0.0,0.0,0.0,0,0,0,0,0,0,0,0,0,0,0,0,0,0,0,0,0,0,0,0,0,9294,12280,34331,12137,31422,16927,19427,13385,24712,14059,54677,14596,29806,17826,22314,23326,26816,3339,9135,48886,437399,39089,6329,482539,36.9,-3.4,-5.0,4.8,2.3,-0.2,1.6,-1.4,-2.8,0.5,1.4,7.6,2.8,-6.8,3.4,2.6,3.5,10.5,-2.1,2.2,1.2,-1.5,1.1,0.5,-0.1,-0.4,0.1,0.1,0,0.1,0,-0.1,0,0.2,0.2,0.2,-0.3,0.2,0.1,0.2,0.1,0,0.2,-0.1,0.2,1.1,5469,15273,31334,7923,23946,16440,18358,10611,21201,17154,45777,10975,28286,13471,17612,17065,22410,2784,7409,35046,368543,28096,2327,398966,11.8,71,-1.5,5.5,7.1,-1,5.9,7.3,-0.8,2.5,13.2,3.5,5.9,-3.2,6.3,9.5,3.3,7.3,3.4,8.7,6.8,-4.6,5.5,18.9,13.3,29.5,28.7,26.2,30.7,31.6,37,36,44.1,44.8,37.3,36.5,36.2,27.6,31.3,31.5,26.9,32.1,34.8,34,31.7,0,0,0,0,0,0,0,0,0,0,0,0,0,0,0,0,0,0,0,0,0,0,0
Jun-2010,27865,51077,78624,24815,14118,8597,64374,7954,10255,13838,31357,3592,27515,13749,22177,43869,1673,285433,364084,23951,10804,11604,7030,-524,18342,22347,-1256,21099,763,9176,49504,84318,630,8632,9308,4677,11867,16503,25797,110343,474465,38122,81111,25978,27224,67460,-5375,492315,26476,41834,68309,22494,9091,9523,49919,4430,10777,12118,28141,5776,26791,9505,18640,35843,1413,244460,312770,17806,5870,9818,6096,-413,15501,22823,-1315,21508,722,9861,47592,71269,530,7552,8082,4549,10508,15057,23139,94408,407177,35482,80695,22578,23682,59933,-3445,417347,1336,3817,5153,2152,8003,10155,21015,12653,33669,3547,5900,9447,12652,13240,25892,11573,6164,17737,12689,5160,17849,7278,3753,11031,10049,6917,16966,5468,11681,17149,16292,28297,44589,4508,5719,10226,21367,8774,30141,12529,2548,15077,17561,3809,21370,16995,2488,19483,20792,3641,24433,2301,1560,3860,5260,2434,7693,34856,205364,171415,376779,44014,-3445,417347,0.0,0.0,0.0,0.0,0.0,0.0,0.0,0.0,0.0,0.0,0.0,0.0,0.0,0.0,0.0,0.0,0.0,0.0,0.0,0.0,0.0,0,0,0,0,0,0,0,0,0,0,0,0,0,0,0,0,0,0,0,0,0,8939,13133,34641,12836,32487,17892,20077,13249,25560,14265,54510,14706,32262,18051,22968,23783,27663,3462,8970,48982,447918,39197,5371,492315,-3.8,6.9,0.9,5.8,3.4,5.7,3.3,-1.0,3.4,1.5,-0.3,0.8,8.2,1.3,2.9,2.0,3.2,3.7,-1.8,0.2,2.4,0.3,2.0,-0.1,0.2,0.1,0.1,0.2,0.2,0.1,0,0.2,0,0,0,0.5,0,0.1,0.1,0.2,0,0,0,0,-0.2,2,5259,10285,31066,8992,26333,17627,19094,11301,21934,18335,46370,11570,30660,15001,19147,18062,24121,3017,7621,37241,383037,30865,3445,417347,-3.8,-32.7,-0.9,13.5,10,7.2,4,6.5,3.5,6.9,1.3,5.4,8.4,11.4,8.7,5.8,7.6,8.4,2.9,6.3,3.9,9.9,4.6,18.4,10.8,29.9,29.8,27,31.5,32.1,37,36.1,44.1,44.4,37.3,36.7,37,28.3,30.8,30.7,27.6,31.6,34.7,34.3,32.1,0,0,0,0,0,0,0,0,0,0,0,0,0,0,0,0,0,0,0,0,0,0,0
Jun-2011,28926,51788,80453,24632,14157,8615,65904,8097,10538,14516,33703,3836,30409,14227,22541,44477,1147,294822,375296,26882,9017,11646,8503,-372,20037,21518,-1336,20186,1117,10009,51307,87797,630,7549,8217,4948,11455,16392,24628,112556,487893,38760,90602,26276,31225,77143,-3905,504340,28423,44309,72732,22810,9895,9331,53632,4915,11042,12760,30773,5904,29121,10237,19333,36671,998,257424,330156,20503,5736,10112,7642,-302,17452,21001,-1325,19676,1177,10653,48958,75197,551,6709,7260,4681,10221,14902,22162,97359,427515,40628,86516,23313,25468,71866,-3901,447437,1606,5463,7068,2471,10064,12534,21128,12659,33786,3652,6936,10588,13225,14652,27877,12680,6466,19146,13129,5812,18941,7647,4103,11750,10208,7682,17890,6086,11270,17356,16942,29867,46809,5006,5694,10699,24747,7565,32313,13247,3077,16324,18607,3889,22496,18435,2614,21049,24566,3895,28461,2438,1513,3950,5677,2468,8145,38215,221495,183902,405397,45942,-3902,447437,0.0,0.0,0.0,0.0,0.0,0.0,0.0,0.0,0.0,0.0,0.0,0.0,0.0,0.0,0.0,0.0,0.0,0.0,0.0,0.0,0.0,0,0,0,0,0,0,0,0,0,0,0,0,0,0,0,0,0,0,0,0,0,11805,13877,33957,13094,33705,18413,20334,13039,26383,14694,55260,14913,35102,19453,22878,23882,28175,3637,9143,50239,460813,39751,3910,504340,32.1,5.7,-2.0,2.0,3.7,2.9,1.3,-1.6,3.2,3.0,1.4,1.4,8.8,7.8,-0.4,0.4,1.8,5.1,1.9,2.6,2.9,1.4,2.4,0.6,0.2,-0.1,0.1,0.2,0.1,0.1,0,0.2,0.1,0.2,0,0.6,0.3,0,0,0.1,0,0,0.3,0.1,-0.3,2.4,7263,12837,30968,10075,28555,19285,20197,11678,23450,18298,49170,12299,33200,17178,19888,19498,26575,3198,8118,39737,411467,32069,3902,447437,38.1,24.8,-0.3,12,8.4,9.4,5.8,3.3,6.9,-0.2,6,6.3,8.3,14.5,3.9,8,10.2,6,6.5,6.7,7.4,3.9,7.2,22.5,9.8,29.7,29.7,27.2,32.5,31.8,35.7,35.9,44.1,44.1,37.4,36.8,37.5,27.4,30.4,30.5,28.2,31.8,35,34.5,31.6,0,0,0,0,0,0,0,0,0,0,0,0,0,0,0,0,0,0,0,0,0,0,0
Jun-2012,30083,52476,82363,25165,14250,8682,67171,8037,10826,15318,34693,4006,31365,14598,23237,44862,852,301282,383668,24759,9200,9659,11293,-122,21168,22685,-1490,21199,897,11135,54388,89475,942,7388,8365,5300,9683,15018,23386,112925,496664,42574,96927,25437,33690,84244,-2264,516038,30185,46526,76711,23452,10323,9413,57812,5858,11361,13638,32528,6026,29949,11051,20524,37573,758,270267,346978,19274,5709,8354,10213,-100,18468,21691,-1427,20264,919,11885,51535,76518,854,6809,7664,4900,8821,13720,21384,97902,444880,45028,91694,23131,27205,78726,-3060,469806,1370,5142,6512,2810,9978,12789,21823,12628,34451,4321,7932,12254,13173,14319,27492,12765,6975,19739,14289,6594,20883,8086,4444,12530,11546,8463,20009,6893,10661,17554,17168,32333,49500,5184,7028,12212,27365,8289,35654,14212,2295,16507,20264,3982,24246,19105,2990,22095,24329,4207,28536,2713,1686,4398,6141,2721,8862,40353,233556,193019,426575,46291,-3060,469806,0.0,0.0,0.0,0.0,1.3,0.0,0.0,0.0,0.0,0.0,0.1,0.0,0.0,0.0,0.1,0.0,0.0,0.0,0.0,0.0,0.0,0,0,-1,0,0,-1,0,0,0,-1,-1,0,-1,0,-1,0,0,0,0,0,-7,11051,14546,34148,13554,33876,19423,21282,13378,27774,14982,57977,16016,37045,19227,23714,24242,28203,3774,9430,50675,473646,40206,2265,516038,-6.4,4.8,0.6,3.5,0.5,5.5,4.7,2.6,5.3,2.0,4.9,7.4,5.5,-1.2,3.7,1.5,0.1,3.8,3.1,0.9,2.8,1.1,2.3,-0.1,0.1,0,0.1,0,0.2,0.2,0.1,0.3,0.1,0.5,0.2,0.4,0,0.2,0.1,0,0,0.1,0.1,0.1,-0.3,2.3,6719,12894,31516,11757,28724,20213,21931,12347,25843,18678,51653,14123,36518,17827,21306,20536,27061,3426,8845,42951,434864,31881,3060,469806,-7.5,0.4,1.8,16.7,0.6,4.8,8.6,5.7,10.2,2.1,5,14.8,10,3.8,7.1,5.3,1.8,7.1,9,8.1,5.7,-0.6,5,19.9,9.6,29.9,30.8,24.6,32.3,32.1,35.4,36.1,44.3,44,37.4,37,37.2,27.5,30.4,29.7,28.4,31.3,35.3,34.4,31.3,0,0,0,0,0,0,0,0,0,0,0,0.2,0.1,0,0.1,0,0,0,0,0,0,0,0
Jun-2013,30023,53360,83140,25864,13982,9279,68251,7585,11332,16825,35701,4005,30891,14946,22762,45109,1155,306172,389321,26333,9565,10916,12547,3024,26664,21642,-1590,20055,922,11178,58369,95583,1556,4646,6214,3938,9554,13512,19726,115092,504468,45823,95042,25323,36212,83419,-1962,525816,30277,48049,78327,24431,10538,10022,60977,6504,11674,15272,33627,6280,29714,11933,20565,39498,1051,282089,360416,21256,6448,9492,11683,2523,23698,20369,-1508,18861,888,11946,55393,83097,1411,4380,5791,3645,8801,12446,18237,101335,461750,41975,89334,23488,29629,77781,-1524,484507,1435,6139,7574,2834,7509,10343,22463,11272,33735,4971,7152,12123,12961,15160,28121,13220,7229,20449,14043,6420,20463,8596,4168,12764,10896,9953,20849,6800,10832,17632,17913,35434,53347,5735,7636,13370,26838,10056,36894,13292,2062,15353,20551,4346,24897,19967,2837,22803,24743,4885,29629,2811,1705,4516,6220,2620,8839,42745,236287,200159,436446,49586,-1524,484507,0.0,0.0,0.0,0.0,-2.5,0.0,0.0,0.0,0.0,0.0,-0.2,0.0,0.0,0.0,-0.2,0.0,0.0,0.0,0.0,0.0,0.0,0,-1,-1,0,-1,0,-1,0,0,0,-1,-1,-1,-1,-1,-2,-1,0,-1,1,-10,10876,16319,33417,14056,34798,19665,21832,13011,28871,14824,60459,17166,37805,18961,24212,24507,29122,3927,9064,51025,483104,40804,1962,525816,-1.6,12.2,-2.1,3.7,2.7,1.2,2.6,-2.7,3.9,-1.1,4.3,7.2,2.1,-1.4,2.1,1.1,3.3,4.0,-3.9,0.7,2.0,1.5,1.9,0.0,0.3,-0.1,0.1,0.2,0,0.1,-0.1,0.2,0,0.5,0.2,0.1,-0.1,0.1,0.1,0.2,0,-0.1,0.1,0.1,-0.1,1.9,7741,10927,30752,13786,30196,20345,22322,12466,27193,18629,54588,15442,37628,17581,22132,21489,28313,3585,8669,45487,449269,33715,1524,484507,15.2,-15.3,-2.4,17.3,5.1,0.7,1.8,1,5.2,-0.3,5.7,9.3,3,-1.4,3.9,4.6,4.6,4.6,-2,5.9,3.3,5.8,3.1,22.1,9.3,30.3,31.8,24.5,31.5,32,34.6,36.3,44,44.5,37.8,36,37,27.7,30.3,29.5,29.6,31.1,35.3,35,31.5,0,0,0,0,0,0,0,0,0,0,0,-1.4,0.1,0,0,0,0,0,0,0,0,0,0
Jun-2014,31078,53311,84222,26665,13931,10339,69533,7288,11888,17319,35543,4509,31618,15300,23806,47070,1317,315078,399285,28517,11757,12223,9783,183,22380,20306,-1651,18655,777,11316,52978,93427,1866,5887,7770,4523,10441,14987,22764,116153,515566,46511,93648,27070,34346,76683,-2372,535464,31203,49339,80542,25550,11135,11119,63754,6560,12278,16121,34638,6426,30723,12861,21964,42588,1232,296948,377490,23978,8072,10743,9342,165,20251,19724,-1619,18105,739,12026,51120,83169,1725,5586,7311,4218,9741,13959,21270,104439,481930,42289,93685,25771,31008,73841,-353,498785,1679,4620,6299,3102,7730,10832,21664,11182,32847,5468,6808,12277,14012,15280,29293,13587,7037,20624,14188,6273,20462,9380,3579,12960,10932,9296,20228,6906,11030,17937,18829,36536,55365,6258,8138,14397,27950,8711,36661,13796,2044,15840,20954,4560,25514,21026,3069,24095,26748,4600,31348,2995,1824,4819,6744,2609,9353,44511,246221,199440,445660,53478,-353,498785,0.0,0.0,0.0,0.0,-3.0,0.0,0.0,0.0,0.0,0.0,-0.3,0.0,0.0,0.0,-0.2,0.0,0.0,0.0,0.0,0.0,-0.1,0,-1,-2,0,-1,-1,-1,0,0,0,-1,0,-2,-1,-2,-2,-2,0,-1,0,-20,10451,17355,32169,13500,36901,19345,22373,13320,28029,15349,62359,18314,38692,19941,24475,24409,30692,4227,9838,51238,492066,41026,2371,535464,-3.9,6.4,-3.7,-4.0,6.0,-1.6,2.5,2.4,-2.9,3.5,3.1,6.7,2.3,5.2,1.1,-0.4,5.4,7.6,8.5,0.4,1.9,0.5,1.8,-0.1,0.2,-0.2,-0.1,0.4,-0.1,0.1,0.1,-0.2,0.1,0.4,0.2,0.2,0.2,0.1,0,0.3,0.1,0.1,0,0,0.1,1.8,6431,10862,30178,13365,32245,20169,22538,12843,26735,18828,57482,16657,38217,18538,22476,22855,29759,3953,9601,47507,461237,37194,353,498785,-16.9,-0.6,-1.9,-3.1,6.8,-0.9,1,3,-1.7,1.1,5.3,7.9,1.6,5.4,1.6,6.4,5.1,10.3,10.8,4.4,2.7,10.3,2.9,18.2,8.1,29.7,31.1,24.9,31.4,32.2,35,35.5,43.8,44.7,37.7,36.7,37,27.2,30.7,29.5,30.6,32.5,35.3,35.7,31.2,0,0,0,0,0,0,0,0,0,0,0,-1.3,0,0,0,0,0,0,0,0,0,0,-0.1
Jun-2015,32800,53554,86266,26861,13736,10892,70986,7343,13112,17567,35526,5066,33963,15391,25099,48276,1776,324999,411242,31716,12145,14460,7266,-652,21062,23143,-1927,21217,612,11526,54387,98275,1504,5682,7208,4831,10770,15626,22834,121025,532346,50499,100343,28533,33409,74940,-3032,549534,32776,50637,83414,26614,11626,11350,66669,6402,13416,16636,34143,6573,33535,13820,23545,45098,1689,311118,394532,28222,10273,12982,7038,-603,19417,22877,-1921,20956,596,12079,53048,91542,1408,5490,6898,4675,10289,14964,21862,113404,507936,42871,101740,27642,31809,73437,198,518535,1836,5615,7451,3237,5861,9098,21964,10723,32687,5165,6968,12134,15517,16349,31866,13707,6929,20636,14835,6346,21181,9915,3632,13547,11309,9553,20861,7163,10853,18015,20641,39401,60042,6479,8951,15430,28577,9390,37967,14924,2308,17232,21856,4768,26624,21853,3146,24999,28313,4857,33169,2942,1962,4904,6466,2597,9063,45807,256700,206014,462714,55623,198,518535,0.0,0.0,0.0,0.0,-10.6,0.0,0.0,0.0,0.0,0.0,-1.0,0.0,0.0,0.0,-0.8,-0.1,0.0,0.0,0.0,0.0,-0.2,5,-21,-3,-1,541,-3,-3,-2,14,-2,-3,-1,-6,-3,-8,-5,-5,89,-1,1,585,10638,17915,30864,12402,38015,20482,23017,13886,28288,16146,65428,19205,41016,21029,24651,25528,31642,4286,9868,51503,505015,41473,3027,549534,1.8,3.2,-4.1,-8.1,3.0,5.9,2.9,4.3,0.9,5.2,4.9,4.9,6.0,5.5,0.7,4.6,3.1,1.4,0.3,0.5,2.6,1.1,2.6,0.0,0.1,-0.2,-0.2,0.2,0.2,0.1,0.1,0,0.1,0.6,0.2,0.4,0.2,0,0.2,0.2,0,0,0,0.1,0.1,2.6,7594,9856,29517,11757,34966,20801,22848,13499,27994,18770,61989,18168,40740,20125,23103,23683,31223,4097,9544,48915,479189,39545,-198,518535,18.1,-9.3,-2.2,-12,8.4,3.1,1.4,5.1,4.7,-0.3,7.8,9.1,6.6,8.6,2.8,3.6,4.9,3.7,-0.6,3,3.9,6.3,4,19.7,9.1,28.9,28.2,26.4,32.2,32.1,35,35.8,42.9,44.8,39,38.1,38.1,27.3,30.6,28.8,30.6,32,35.3,36.4,31.9,0,-0.4,0,0.1,0,0,-0.1,-1.2,0.3,0,0,-3.3,0,0.7,-0.1,0.1,0,0.2,0.5,0,-0.1,-1.1,-0.2
Jun-2016,35560,55020,90551,28174,13498,11748,72616,7481,13862,18006,35983,5814,35212,15571,25499,49773,1332,334380,424921,34774,12329,15862,6259,-345,21678,23175,-2029,21146,625,11847,55255,102271,2310,6656,8980,4462,12176,16654,25635,127860,552813,52303,104542,31808,33401,75061,-3692,570349,35566,52887,88454,27790,12107,12161,69356,6083,14368,17592,35044,6585,35316,14784,24551,47735,1284,324757,413211,32315,10981,14689,6087,-325,20451,24067,-2100,21968,651,12216,55286,98582,2228,6611,8838,4542,11877,16419,25257,123839,537050,42572,108713,31125,34245,74458,-64,542184,1990,6731,8721,3069,5723,8792,21807,10348,32155,4790,6391,11181,17131,16485,33616,14108,7392,21500,15718,6493,22211,10861,3803,14665,11112,8955,20067,7429,10804,18233,20391,42183,62575,6670,10458,17127,30569,8894,39464,16852,1889,18741,23719,5101,28820,23111,3336,26447,30054,4988,35042,3174,1890,5063,6910,2452,9362,47543,269466,211858,481324,60924,-64,542184,0.1,0.0,0.0,0.2,1.6,-0.1,-2.4,6.0,0.0,-0.9,-0.2,1.0,0.6,0.8,-0.1,-0.1,0.0,0.0,0.0,0.0,-0.2,96,-15,144,-44,-60,-56,9,119,-185,112,-621,19,127,85,86,-17,31,-1,77,51,-46,10023,18141,30772,11932,40178,22022,23801,14656,28853,17416,68188,21466,41626,21928,25879,26189,32672,4471,10003,52834,522761,43883,3681,570349,-5.8,1.3,-0.3,-3.8,5.7,7.5,3.4,5.5,2.0,7.9,4.2,11.8,1.5,4.3,5.0,2.6,3.3,4.3,1.4,2.6,3.5,5.8,3.8,-0.1,0,0,-0.1,0.4,0.3,0.1,0.1,0.1,0.2,0.5,0.4,0.1,0.2,0.2,0.1,0.2,0,0,0.2,0.4,0.1,3.8,8863,9693,29819,10814,37481,22305,23616,14323,28692,18959,64882,20320,40646,20706,25189,25060,32461,4268,9488,50846,498431,43689,64,542184,16.7,-1.7,1,-8,7.2,7.2,3.4,6.1,2.5,1,4.7,11.8,-0.2,2.9,9,5.8,4,4.2,-0.6,3.9,4,10.5,4.6,22.2,10,29.5,26.3,28.5,33.6,32.1,35.5,35.8,43.1,44.7,40.5,37.3,38.7,27.6,31,28.7,30.9,31.7,35.6,37.4,32.6,2,-2.6,-0.8,0.5,0.7,-0.1,-0.6,0.7,0.6,0.1,-0.5,0.1,-0.2,-0.3,0.3,-3.3,-0.1,0.7,0.1,0,-0.2,0,-0.2
Jun-2017,37601,57240,94825,28561,13381,12123,74374,7697,14420,18749,36392,6411,35243,15864,25750,51299,2022,342184,437010,38105,12574,14207,7834,-2645,19379,24119,-2244,21876,969,12695,55078,105525,2735,7808,10559,4717,14502,19220,29779,135314,572345,52085,110737,34355,36117,79966,-3443,588454,37555,55880,93435,28772,12553,12523,72627,6790,14813,18486,35518,6667,35348,15407,25219,50299,1984,337004,430439,36577,11453,13680,7665,-2557,18788,24311,-2262,22048,1149,12876,54861,102890,2640,7804,10444,4745,14265,19010,29454,132344,562783,49600,110813,33878,35495,79516,-1117,578353,2057,9189,11245,2918,13581,16499,21451,10802,32253,4641,7682,12323,18401,18420,36821,14629,7919,22548,16299,6791,23090,11183,3792,14975,11514,9691,21205,7687,10381,18068,20669,45145,65814,6738,11808,18546,32520,11603,44123,17126,2457,19583,24060,5295,29355,23588,3492,27080,32128,5329,37457,3349,1927,5277,7384,2313,9697,50010,278340,237626,515967,63503,-1117,578353,0.1,-0.1,-0.1,0.1,0.6,-0.2,-0.6,3.7,-1.2,-0.5,-0.2,3.7,5.0,4.6,0.7,0.1,0.0,0.0,0.0,0.0,0.1,111,-340,246,-105,97,-187,59,50,-267,-165,-351,35,508,93,195,190,-50,81,-241,6,-38,11090,18252,30783,11943,42296,23666,24385,15061,29676,17862,69086,22616,45734,21994,25875,26564,34422,4620,10026,54208,540111,44900,3435,588454,10.7,0.6,0.0,0.1,5.3,7.5,2.5,2.8,2.9,2.6,1.3,5.4,9.9,0.3,0.0,1.4,5.4,3.3,0.2,2.6,3.3,2.3,3.2,0.2,0,0,0,0.4,0.3,0.1,0.1,0.1,0.1,0.2,0.2,0.7,0,0,0.1,0.3,0,0,0.2,0.2,0,3.2,11577,17058,30267,11516,41551,23538,24566,14949,29717,18796,66657,21968,45457,21244,25611,25808,34346,4452,9814,53304,532196,45040,1117,578353,30.6,76,1.5,6.5,10.9,5.5,4,4.4,3.6,-0.9,2.7,8.1,11.8,2.6,1.7,3,5.8,4.3,3.4,4.8,6.8,3.1,6.7,24.3,12.8,29.6,26.3,31.1,34.1,32.4,36.2,35.7,42.9,43.8,41.4,38.3,37.7,27.5,30.9,28.8,31.5,31.4,36,37.6,32.8,0.3,0.5,-0.8,-0.7,2.2,-0.3,-0.3,0.2,-0.1,-2.8,0,-0.2,0.5,0.7,0.4,-0.2,0.1,1.7,-0.6,0.1,0,0.2,0.1
Jun-2018,39112,57786,96898,30282,13550,12807,76110,7585,14961,19043,36851,6766,36235,16228,27041,52418,2011,351888,448786,39309,11023,14908,10807,-348,25367,24242,-2322,21920,865,13799,61951,112283,2754,6311,9066,5295,16344,21638,30704,142987,591772,52951,118709,37454,38983,81187,-2529,603143,39112,57786,96898,30282,13550,12807,76110,7585,14961,19043,36851,6766,36235,16228,27041,52418,2011,351888,448786,39309,11023,14908,10807,-348,25367,24242,-2322,21920,865,13799,61951,112283,2754,6311,9066,5295,16344,21638,30704,142987,591772,52951,118709,37454,38983,81187,-2529,603143,2036,8173,10209,2950,14877,17827,22231,11306,33537,4813,8296,13108,20204,19956,40160,13940,9156,23096,16581,7066,23647,11697,3885,15582,11957,9850,21807,7894,10280,18174,21645,47746,69391,7249,11807,19056,34700,12497,47197,18813,2469,21282,24460,5490,29950,24668,3590,28258,33540,5638,39178,3626,2029,5656,7699,2269,9968,52143,290702,248523,539226,66447,-2530,603143,-0.4,0.1,0.0,1.3,-9.2,2.8,0.4,5.6,0.9,1.6,0.2,-0.3,-2.4,-1.6,-0.2,0.0,0.1,0.2,2.9,1.6,-0.1,-607,-2660,-40,202,1036,-279,-661,263,156,12,-1657,543,602,776,959,-154,93,262,-426,-24,-1602,10628,18325,31730,12281,44100,24280,25180,15421,29983,18910,70167,22734,48771,23014,26181,26966,36046,4751,10105,55344,554918,45696,2529,603143,-4.2,0.4,3.1,2.8,4.3,2.6,3.3,2.4,1.0,5.9,1.6,0.5,6.6,4.6,1.2,1.5,4.7,2.8,0.8,2.1,2.7,1.8,2.5,-0.1,0,0.2,0.1,0.3,0.1,0.1,0.1,0.1,0.2,0.2,0,0.5,0.2,0.1,0.1,0.3,0,0,0.2,0.1,-0.2,2.5,10628,18325,31730,12281,44100,24280,25180,15421,29983,18910,70167,22734,48771,23014,26181,26966,36046,4751,10105,55344,554918,45696,2529,603143,-8.2,7.4,4.8,6.6,6.1,3.2,2.5,3.2,0.9,0.6,5.3,3.5,7.3,8.3,2.2,4.5,5,6.7,3,3.8,4.3,1.5,4.3,23.4,12.1,29.7,26.5,31.1,34.4,32.5,36.1,35,42.7,43.6,41.7,38.6,37.5,27.4,30.9,28.4,31.6,31,36.2,36.8,32.6,3.2,-2.7,-1.4,0.6,-1.8,1.2,1.1,-1.8,2.6,2.4,-1.4,-0.6,2.9,1.8,1,-0.7,0.8,-0.5,-1.7,-0.3,0.1,-1.7,-0.1
Jun-2019,42364,59606,101970,31074,13262,13227,77767,7596,14890,19877,37162,7063,36489,16485,27702,53367,1841,357803,459773,37675,8692,16212,11414,-562,27064,25177,-2515,22661,678,14507,64911,111278,2663,5344,8006,5211,19407,24618,32625,143902,603675,55811,120179,40693,39285,78253,-4559,614409,42904,61374,104277,31750,14183,13158,78934,7525,14901,20267,38234,6760,36345,17202,28321,54411,1872,363862,468140,38997,8569,16831,11841,-581,28092,25843,-2586,23256,685,14419,66452,114019,2727,5509,8236,5458,20034,25493,33728,147747,615886,60481,126167,41444,41881,80012,-4370,625405,1965,6662,8627,2862,15250,18113,22955,11619,34574,5130,8828,13958,20789,22520,43309,14436,8568,23004,17127,6880,24007,12154,4101,16255,12373,10206,22579,8336,9266,17602,22840,49673,72512,7272,13141,20413,35851,12427,48278,20803,2843,23645,25686,6238,31924,25640,3813,29453,35698,5802,41501,3894,2033,5926,7951,2681,10632,53519,303762,256069,559831,66969,-1395,625405,,,,,,,,,,,,,,,,,,,,,,,,,,,,,,,,,,,,,,,,,,,9123,18398,31089,12354,44836,24375,25354,15490,29433,19316,71844,23297,50683,24385,27133,27594,38141,5011,10620,56876,565349,45613,3446,614409,-14.2,0.4,-2.0,0.6,1.7,0.4,0.7,0.4,-1.8,2.1,2.4,2.5,3.9,6.0,3.6,2.3,5.8,5.5,5.1,2.8,1.9,-0.2,1.9,-0.2,0,-0.1,0,0.1,0,0,0,-0.1,0.1,0.3,0.1,0.3,0.2,0.2,0.1,0.3,0,0.1,0.3,0,0.2,1.9,9027,18896,32037,13013,47990,24378,25630,16104,30791,18338,74137,24262,49995,25316,27925,28162,38231,4993,10812,56624,576662,45105,3638,625405,-15.1,3.1,1,6,8.8,0.4,1.8,4.4,2.7,-3,5.7,6.7,2.5,10,6.7,4.4,6.1,5.1,7,2.3,3.9,-1.3,3.7,22.2,10.2,29.1,26.7,32.8,34.2,32.3,36.1,34.2,42.8,43.8,41.8,38.6,37.7,27.7,30.9,27.9,31.7,31.2,36.2,36.3,32.1,,,,,,,,,,,,,,,,,,,,,,,
