Date,A2335882X,A2335883A,A2335884C,A2335885F,A2335886J,A2335887K,A2335888L,A2335889R,A2335890X,A2335891A,A2335892C,A2335893F,A2335894J,A2335895K,A2335896L,A2335897R,A2335898T,A2335899V,A2335900T,A2335911X,A2335912A,A2335904A,A2335905C,A2335906F,A2335907J,A2335901V,A2335902W,A2335903X,A2713891J,A2713925V,A2335910W,A2335913C,A2335914F,A2335915J,A2335916K,A2335917L,A2335918R,A2335919T,A2335920A,A2335921C,A2335922F,A2335923J,A2335924K,A2335925L,A2335926R,A2335927T,A2478901T,A2336350C,A2335928V,A2335929W,A2335930F,A2335931J,A2335932K,A2335933L,A2335934R,A2335935T,A2335936V,A2335937W,A2335938X,A2335939A,A2335940K,A2335941L,A2335942R,A2335943T,A2335944V,A2335945W,A2335946X,A2335957F,A2335958J,A2335950R,A2335951T,A2335952V,A2335953W,A2335947A,A2335948C,A2335949F,A2713892K,A2713926W,A2335956C,A2335682F,A2335683J,A2335684K,A2335685L,A2335686R,A2335687T,A2335688V,A2335689W,A2335690F,A2335691J,A2335692K,A2335693L,A2335694R,A2335695T,A2335696V,A2478902V,A2336324X,A2714548T,A2714549V,A2714550C,A2714552J,A2714553K,A2714554L,A2714556T,A2714557V,A2714558W,A2714560J,A2714561K,A2714562L,A2714564T,A2714565V,A2714566W,A2714568A,A2714569C,A2714570L,A2714572T,A2714573V,A2714574W,A2714576A,A2714577C,A2714578F,A2714580T,A2714581V,A2714582W,A2714584A,A2714585C,A2714586F,A2714588K,A2714589L,A2714590W,A2714592A,A2714593C,A2714594F,A2714596K,A2714597L,A2714598R,A2714600R,A2714601T,A2714602V,A2714604X,A2714605A,A2714606C,A2714608J,A2714609K,A2714610V,A2714612X,A2714613A,A2714614C,A2714616J,A2714617K,A2714618L,A2714620X,A2714621A,A2714622C,A2335137X,A2335509A,A2335139C,A2335512R,A2335513T,A2335514V,A83748447K,A2334403K,A2334404L,A2334405R,A2334411K,A2334412L,A2334407V,A2334406T,A2713870W,A2713904J,A2334410J,A2334413R,A2334414T,A2334415V,A2334416W,A2334417X,A2334418A,A2334419C,A2334420L,A2334421R,A2334422T,A2334423V,A2715320R,A2715321T,A2715322V,A2715323W,A2715324X,A2715325A,A2715326C,A2715327F,A2715328J,A2715329K,A2715330V,A2715331W,A2715332X,A2715333A,A2715334C,A2715335F,A2715336J,A2715337K,A2715338L,A2334288R,A2334290A,A2715094C,A2715095F,A2715096J,A2715097K,A2715098L,A2715099R,A2715100L,A2715101R,A2715102T,A2715103V,A2715104W,A2715105X,A2715106A,A2715107C,A2715108F,A2715109J,A2715110T,A2715111V,A2715112W,A2529253R,A2478008A,A2478009C,A2478010L,A2478011R,A2714989X,A2714990J,A2714991K,A2714992L,A2714993R,A2714994T,A2714995V,A2714996W,A2714997X,A2714998A,A2714999C,A2715000C,A2715001F,A2715002J,A2715003K,A2715004L,A2715005R,A2715006T,A2715007V,A2529254T,A2478030W,A2478031X,A2478032A,A2715662R,A2715663T,A2715664V,A2715665W,A2715666X,A2715667A,A2715668C,A2715669F,A2715670R,A2715671T,A2715672V,A2715673W,A2715674X,A2715675A,A2715676C,A2715677F,A2715678J,A2715679K,A2715680V,A2529255V,A2478051J,A2478052K,A2478053L,A2714551F,A2714555R,A2714559X,A2714563R,A2714567X,A2714571R,A2714575X,A2714579J,A2714583X,A2714587J,A2714591X,A2714595J,A2714599T,A2714603W,A2714607F,A2714611W,A2714615F,A2714619R,A2714623F,A2529288R,A2478584X,A2478585A,A2478586C,A2478587F,A2714029R,A2714030X,A2714031A,A2714032C,A2714033F,A2714034J,A2714035K,A2714036L,A2714037R,A2714038T,A2714039V,A2714040C,A2714041F,A2714042J,A2714043K,A2714044L,A2714045R,A2714046T,A2714047V,A2529289T,A2478606A,A2478607C,A2478608F,A2715854J,A2715855K,A2715856L,A2715857R,A2715858T,A2715859V,A2715860C,A2715861F,A2715862J,A2715863K,A2715864L,A2715865R,A2715866T,A2715867V,A2715868W,A2715869X,A2715870J,A2715943K,A2715952L,A2529290A,A2478628R,A2478630A,A2714818F,A2714819J,A2714820T,A2714821V,A2714822W,A2714823X,A2714824A,A2714825C,A2714826F,A2714827J,A2714828K,A2714829L,A2714830W,A2714831X,A2714832A,A2714833C,A2714834F,A2714835J,A2714836K,A2529272W,A2528438T,A2528439V,A2528440C
Jun-90,3517,10866,14219,4601,3794,1036,9038,979,1699,1802,3973,194,2146,1612,2695,6579,-322,37216,51300,5277,2312,2302,1853,156,4525,4056,-37,3980,883,1214,10968,17835,999,1353,2305,400,1271,1648,3735,21854,72915,24018,6028,1722,1953,-8258,-2470,79947,2053,4313,6366,2476,788,1109,3320,359,1455,798,2645,283,1991,361,1196,3036,-177,19642,26008,2330,433,1306,895,76,2276,4272,-91,4181,614,846,7917,10680,540,1040,1580,520,870,1390,2970,13650,39658,10595,3983,1059,1441,-7586,792,39093,452,1704,2156,1838,3643,5481,1666,2113,3779,435,768,1202,1384,1584,2968,807,585,1392,941,701,1642,408,174,583,1311,968,2279,312,582,894,869,708,1577,201,776,977,1180,306,1486,446,130,576,1141,263,1405,1389,125,1514,1837,241,2078,74,105,179,258,279,537,2208,16951,17963,34914,3759,420,39093,,,,,,,,,,,,,,,,,,,,,,0,0,0,0,0,0,0,0,0,0,0,0,0,0,0,0,0,0,0,0,0,3115,15010,5572,2478,5735,2027,2619,1250,3111,504,3821,2500,3571,1503,3699,4903,3040,547,1146,7669,70207,5809,3989,79947,,,,,,,,,,,,,,,,,,,,,,,,,,,,,,,,,,,,,,,,,,,,,,,2149,5528,4790,1074,3278,1640,1818,668,1758,642,1773,1232,1494,632,2071,1713,1412,214,505,2483,36873,2986,-766,39093,,,,,,,,,,,,,,,,,,,,,,,,12.6,30.3,8.6,7.3,11.8,8.1,9.3,8.1,8.8,5,8.2,9.8,9.1,7.9,9.1,9.9,7.5,7.1,6.4,8.2,9.2,9.7,,,,,,,,,,,,,,,,,,,,,,,
Jun-91,3608,10956,14418,4719,3613,954,9414,1039,1651,1826,3996,204,2173,1721,2604,6747,-95,37803,52087,4845,2202,1415,1508,163,3201,3231,-29,3171,698,1287,8761,14822,878,1139,1969,420,1176,1601,3396,18536,69839,30467,5230,1974,1718,-11732,-2821,80778,2184,4598,6782,2656,821,1068,3588,411,1461,889,2789,306,2083,425,1226,3281,-55,20949,27731,1979,443,824,771,82,1677,3485,-74,3411,366,942,6396,8818,488,897,1385,506,832,1339,2723,11542,39273,13294,3674,1283,1356,-9287,678,40212,433,1006,1439,1786,5158,6944,1702,1653,3356,428,781,1209,1415,1308,2724,876,635,1510,969,722,1690,458,179,638,1413,980,2392,331,704,1036,861,723,1584,193,851,1044,1132,318,1451,444,140,584,1163,279,1442,1454,132,1586,1933,261,2194,74,88,162,273,291,564,2348,17337,18557,35895,3817,500,40212,0,0,0,0,0,0,0,0,0,0,0,0,0,0,0,0,0,0,0,0,0,0,0,0,0,0,0,0,0,0,0,0,0,0,0,0,0,0,0,0,0,0,3546,16867,5287,2557,4979,1876,2578,1337,3054,535,3800,2557,3508,1538,3775,4940,3200,546,1155,7941,71098,5748,3987,80778,13.8,12.4,-5.1,3.2,-13.2,-7.5,-1.5,7,-1.9,6,-0.5,2.3,-1.8,2.3,2.1,0.8,5.2,-0.1,0.8,3.6,1.3,-1,1,0.5,2.3,-0.4,0.1,-0.9,-0.2,-0.1,0.1,-0.1,0,0,0.1,-0.1,0,0.1,0,0.2,0,0,0.3,-0.1,0,1,1434,6999,4271,1055,2950,1773,1861,720,1851,744,1768,1299,1447,635,2175,1788,1484,193,527,2598,37570,3121,-479,40212,-33.3,26.6,-10.8,-1.7,-10,8.1,2.4,7.8,5.3,15.8,-0.3,5.4,-3.1,0.5,5,4.4,5.1,-9.8,4.4,4.7,1.9,4.5,2.9,10.9,35.3,8.2,7,10.6,8.3,9.3,8.1,9,5.2,8.1,9.7,8.5,7.7,8.8,9.7,7.1,6.4,6.4,8,9.5,9.7,0,0,0,0,0,0,0,0,0,0,0,0,0,0,0,0,0,0,0,0,0,0,0
Jun-92,3793,11050,14741,4990,3621,994,9761,1060,1757,1893,4072,222,2272,1821,2675,6905,-199,39094,53716,4850,2511,876,1944,85,2952,3090,-45,2994,612,1320,8293,14355,851,846,1619,453,1130,1611,3099,17709,70465,36372,5225,2198,1750,-14053,-4458,83548,2388,4810,7198,2874,846,1146,3687,427,1596,995,2838,348,2231,485,1303,3477,-117,22134,29332,1906,492,507,1038,44,1588,3384,-114,3270,318,942,6119,8517,470,659,1129,515,808,1323,2452,10969,40301,14886,3534,1443,1393,-10289,214,41628,416,1179,1595,1738,5489,7226,1639,1671,3310,453,784,1238,1388,1255,2643,848,629,1477,1015,750,1765,500,163,663,1547,917,2465,349,829,1178,950,951,1901,202,714,916,1184,255,1439,471,112,583,1340,320,1659,1580,145,1724,2041,269,2310,95,98,193,331,318,649,2388,18086,19236,37322,3610,696,41628,0,0,0,0,0,0,0,0,0,0,0,0,0,0,0,0,0,0,0,0,0,0,0,0,0,0,0,0,0,0,0,0,0,0,0,0,0,0,0,0,0,0,3035,18172,5170,2631,4923,1927,2800,1426,3244,578,4007,2591,3697,1574,4202,4966,3261,567,1135,8184,73442,5725,4444,83548,-14.4,7.7,-2.2,2.9,-1.1,2.8,8.6,6.7,6.2,8.1,5.4,1.3,5.4,2.3,11.3,0.5,1.9,3.8,-1.7,3.1,3.3,-0.4,3.4,-0.6,1.6,-0.1,0.1,-0.1,0.1,0.3,0.1,0.2,0.1,0.3,0,0.2,0,0.5,0,0.1,0,0,0.3,0,0.6,3.4,1588,7251,4218,1089,2840,1743,1947,752,1886,849,2131,1163,1428,638,2421,1947,1564,226,611,2663,38954,2928,-254,41628,10.8,3.6,-1.2,3.1,-3.7,-1.7,4.6,4.5,1.9,14.1,20.5,-10.5,-1.3,0.5,11.3,8.9,5.4,17.3,16,2.5,3.7,-6.2,3.5,12.3,36.8,7.9,6.8,11.4,8.4,9.6,8.1,9,5.2,8.9,10,8.6,7.9,9.5,10,7.2,6.8,6.7,7.7,9,9.9,0,0,0,0,0,0,0,0,0,0,0,0,0,0,0,0,0,0,0,0,0,0,0
Jun-93,3911,11371,15179,5140,3826,1072,10087,1134,1956,1888,4330,256,2498,1865,2806,6815,-152,40983,56066,5956,2923,1097,1863,50,3075,4199,-58,4074,699,1528,10244,17650,704,1045,1726,457,1303,1766,3355,21191,76480,36909,6642,2475,1893,-16303,-3550,87476,2506,5003,7509,3015,944,1259,3840,457,1791,969,3028,401,2519,531,1414,3528,-90,23607,31116,2378,585,634,1003,26,1663,4850,-156,4694,333,1104,7794,10757,399,825,1225,513,934,1448,2672,13430,44546,15676,4927,1649,1600,-11951,300,43693,382,1636,2018,1758,5412,7171,1632,1794,3426,407,838,1246,1506,1307,2813,900,766,1667,1089,895,1984,502,187,689,1390,1041,2431,370,818,1187,944,1274,2219,239,737,976,1415,241,1656,530,114,644,1338,352,1690,1616,159,1776,2137,312,2448,102,116,218,345,339,684,2460,18604,20799,39403,3852,438,43693,0,0,0,0,0,0,0,0,0,0,0,0,0,0,0,0,0,0,0,0,0,0,0,0,0,0,0,0,0,0,0,0,0,0,0,0,0,0,0,0,0,0,3571,18475,5355,2728,5398,2096,3012,1488,3233,654,4352,2865,3685,1626,4243,5300,3333,598,1174,8472,77106,5919,4516,87476,17.6,1.7,3.6,3.7,9.6,8.8,7.6,4.4,-0.4,13.2,8.6,10.6,-0.3,3.3,1,6.7,2.2,5.5,3.4,3.5,5,3.4,4.7,0.6,0.4,0.2,0.1,0.6,0.2,0.3,0.1,0,0.1,0.4,0.3,0,0.1,0,0.4,0.1,0,0,0.3,0.2,0.1,4.7,2008,7180,4361,1092,3015,1945,2186,782,1878,854,2501,1250,1647,703,2460,1999,1661,250,641,2737,41150,3133,-589,43693,26.4,-1,3.4,0.3,6.2,11.6,12.3,3.9,-0.4,0.6,17.4,7.5,15.4,10.2,1.6,2.7,6.2,10.4,4.9,2.8,5.6,7,5,13.9,34.7,7.6,6.7,12,8.8,10,7.9,8.7,5.2,9,10.4,9.3,8.2,9.3,9.5,7.3,7,6.6,7.8,9.4,9.9,0,0,0,0,0,0,0,0,0,0,0,0,0,0,0,0,0,0,0,0,0,0,0
Jun-94,4083,11513,15528,5278,3462,1106,10528,1149,2120,1942,4433,284,2905,2016,3092,6683,-30,42890,58356,7200,3840,1505,2492,87,4172,3804,-42,3715,623,1663,10561,19163,553,894,1437,458,1167,1648,2976,22169,79727,37562,6460,2784,1816,-16038,-2404,93354,2650,5184,7834,3135,1028,1292,4089,463,1986,1033,3138,442,2955,597,1595,3540,-18,25274,33108,2954,712,870,1341,46,2257,4515,-115,4399,330,1185,8172,11838,335,641,976,521,818,1340,2315,14153,47262,16205,4762,1857,1540,-12670,709,47062,431,1631,2062,2025,5372,7397,1746,1964,3709,409,885,1294,1610,1691,3301,1018,878,1896,1207,935,2142,535,278,813,1422,1175,2597,387,956,1343,1008,1685,2693,266,613,878,1569,232,1801,579,94,673,1406,325,1731,1800,164,1964,2283,324,2607,117,127,244,366,337,703,2569,20186,22232,42418,4277,366,47062,0,0,0,0,0,0,0,0,0,0,0,0,0,0,0,0,0,0,0,0,0,0,0,0,0,0,0,0,0,0,0,0,0,0,0,0,0,0,0,0,0,0,4086,20262,5394,2934,6421,2373,3223,1746,3629,718,4996,2948,4119,1691,4564,5387,3466,655,1193,8818,83827,6263,3331,93354,14.4,9.7,0.7,7.6,19,13.2,7,17.3,12.3,9.7,14.8,2.9,11.8,4,7.6,1.6,4,9.5,1.6,4.1,8.7,5.8,6.7,0.6,2,0,0.2,1.2,0.3,0.2,0.3,0.5,0.1,0.7,0.1,0.5,0.1,0.4,0.1,0.2,0.1,0,0.4,0.4,-1.4,6.7,2050,7439,4720,1138,3635,2213,2364,922,2005,970,3054,1165,1792,738,2474,2211,1772,281,663,2895,44502,3480,-920,47062,2.1,3.6,8.2,4.2,20.6,13.8,8.1,17.9,6.8,13.6,22.1,-6.8,8.8,5,0.6,10.6,6.7,12.6,3.3,5.8,8.1,11.1,7.7,13.1,36.8,7.7,7,13.4,9.4,10.4,8.2,9.1,5.3,9.7,10.6,9.8,8.3,9,10,7.4,7.4,6.8,8,9.4,10.1,0,0,0,0,0,0,0,0,0,0,0,0,0,0,0,0,0,0,0,0,0,0,0
Jun-95,4236,11573,15778,5524,3494,1175,10990,1233,2067,2066,4549,320,3016,2138,3401,6890,-382,44263,60004,7524,3354,1716,2099,366,4279,4557,-46,4462,653,1929,12043,21087,724,554,1229,408,1239,1640,2787,23801,83062,39203,7864,3172,2280,-12757,-3986,98549,2784,5141,7926,3382,1109,1367,4389,497,1957,1154,3332,506,3057,658,1807,3777,-240,26751,34676,3219,673,1007,1150,194,2352,5265,-122,5143,388,1369,9252,13143,454,389,843,444,867,1311,2154,15297,49974,17081,5764,2086,1918,-10994,630,51093,470,1743,2212,2188,6603,8791,1858,2153,4011,383,877,1260,1586,1594,3180,1103,898,2001,1294,1034,2328,601,261,862,1573,1320,2893,403,861,1264,1014,1834,2848,304,590,894,1835,200,2034,662,92,754,1501,337,1838,1851,176,2027,2474,356,2830,128,123,252,402,324,726,2745,21629,24122,45751,4713,630,51093,0,0,0,0,0,0,0,0,0,0,0,0,0,0,0,0,0,0,0,0,0,0,0,0,0,0,0,0,0,0,0,0,0,0,0,0,0,0,0,0,0,0,2859,23725,5655,3167,5964,2570,3333,1922,3756,802,4886,3227,4968,1983,4921,5461,3628,684,1302,9224,88179,6774,3660,98549,-30,17.1,4.8,7.9,-7.1,8.3,3.4,10.1,3.5,11.7,-2.2,9.5,20.6,17.3,7.8,1.4,4.7,4.4,9.2,4.6,5.2,8.2,5.6,-1.3,3.7,0.3,0.2,-0.5,0.2,0.1,0.2,0.1,0.1,-0.1,0.3,0.9,0.3,0.4,0.1,0.2,0,0.1,0.4,0.5,0.4,5.6,2192,8793,5099,1106,3504,2338,2564,979,2252,909,3209,1187,1993,807,2665,2277,1926,288,688,3194,47969,3754,-630,51093,6.9,18.2,8,-2.8,-3.6,5.7,8.4,6.2,12.3,-6.2,5.1,1.9,11.2,9.3,7.7,3,8.7,2.4,3.8,10.3,7.8,7.9,8.6,14.7,41.3,7.8,7.4,11.8,9.5,10.5,8.1,9.1,5.1,9,11,9.9,8.6,9.2,10.1,7.7,6.8,6.9,8.4,9.3,10.3,0,0,0,0,0,0,0,0,0,0,0,0,0,0,0,0,0,0,0,0,0,0,0
Jun-96,4528,12258,16765,5759,3524,1256,11423,1231,2123,2140,4732,367,3212,2189,3580,7089,-237,46302,62995,6453,3009,1825,3152,233,5317,5320,5,5343,506,2055,14110,22789,726,1010,1698,421,1470,1860,3429,26225,88523,43413,8285,3418,2458,-17621,-3095,103896,3049,5667,8716,3622,1192,1454,4646,497,2040,1227,3529,579,3320,724,1943,4059,-155,28678,37394,2784,660,1086,1774,126,2987,6131,10,6142,200,1474,10802,14246,482,706,1188,446,1019,1465,2653,16899,54293,19855,6128,2288,2096,-13834,846,55224,500,2047,2547,2446,7723,10168,2096,2051,4147,387,967,1354,1775,2241,4015,1088,1005,2093,1392,1109,2501,611,276,887,1529,1309,2838,431,952,1383,950,1696,2646,310,639,949,1932,199,2132,650,104,754,1532,415,1947,1791,220,2011,2823,384,3207,155,97,252,411,347,758,2822,22808,26602,49410,4967,847,55224,0,0,0,0,0,0,0,0,0,0,0,0,0,0,0,0,0,0,0,0,0,0,0,0,0,0,0,0,0,0,0,0,0,0,0,0,0,0,0,0,0,0,3110,26755,5729,3213,7406,2758,3590,1870,3946,873,4918,3377,4942,2140,4951,5669,3854,658,1355,9483,94140,6970,2859,103896,8.8,12.8,1.3,1.4,24.2,7.3,7.7,-2.7,5.1,8.9,0.7,4.6,-0.5,7.9,0.6,3.8,6.2,-3.7,4.1,2.8,6.8,2.9,5.4,0.3,3.1,0.1,0,1.5,0.2,0.3,-0.1,0.2,0.1,0,0.2,0,0.2,0,0.2,0.2,0,0.1,0.3,0.2,-0.8,5.4,2528,10182,5338,1196,4509,2478,2782,1020,2223,1001,3089,1268,2088,816,2859,2291,2181,301,725,3294,52169,3902,-846,55224,15.3,15.8,4.7,8.1,28.7,6,8.5,4.2,-1.3,10.1,-3.7,6.9,4.8,1.2,7.3,0.6,13.2,4.5,5.3,3.1,8.8,3.9,8.1,14.1,42.1,7.9,8.2,14.4,9.2,10.5,7.9,8.6,5.2,8,10.7,9.5,8.3,9.3,9.9,8.1,6.6,6.8,8.4,9,10.5,0,0,0,0,0,0,0,0,0,0,0,0,0,0,0,0,0,0,0,0,0,0,0
Jun-97,4611,12580,17160,5502,3547,1258,11825,1269,2198,2223,5073,414,3471,2342,3188,7495,-125,47730,64831,6343,3210,2031,3097,193,5441,4983,-1,4995,514,2485,14086,22755,701,1610,2274,484,1430,1909,4001,26877,90986,49247,9706,3557,2684,-21984,-2204,107213,3172,5896,9068,3592,1244,1447,4892,513,2135,1323,3712,649,3522,805,1813,4312,-83,29878,38945,2763,709,1227,1748,107,3082,5506,-1,5505,228,1786,10601,14073,473,1169,1642,483,970,1453,3095,17168,56113,21623,6744,2399,2229,-15453,844,56554,568,1684,2252,2688,7296,9985,2187,2123,4310,362,1279,1641,1761,2336,4097,1134,945,2079,1543,1074,2616,659,222,881,1773,1040,2813,436,1009,1445,951,1660,2612,342,714,1056,2128,236,2364,685,117,803,1620,463,2083,1876,241,2116,3001,355,3357,162,108,271,433,351,785,3146,24310,26401,50711,4998,844,56554,0,0,0,0,0,0,0,0,0,0,0,0,0,0,0,0,0,0,0,0,0,0,0,0,0,0,0,0,0,0,0,0,0,0,0,0,0,0,0,0,0,0,3309,27882,6001,3208,7402,2997,3786,1934,4051,944,4968,3542,5179,2307,5371,5841,3955,679,1370,9981,98103,7142,2043,107213,6.4,4.2,4.7,-0.1,-0.1,8.7,5.5,3.5,2.7,8.1,1,4.9,4.8,7.8,8.5,3,2.6,3.2,1.1,5.2,4.2,2.5,3.2,0.2,1.1,0.3,0,0,0.2,0.2,0.1,0.1,0.1,0,0.2,0.2,0.2,0.4,0.2,0.1,0,0,0.5,0.2,-0.8,3.2,2235,10057,5342,1410,4582,2497,2994,1012,2244,1035,3098,1410,2298,863,3050,2394,2261,322,747,3628,53478,3921,-844,56554,-11.6,-1.2,0.1,17.8,1.6,0.8,7.6,-0.8,1,3.4,0.3,11.2,10,5.7,6.7,4.5,3.7,7,3.1,10.1,2.5,0.5,2.4,12.4,41.8,7.8,9.7,13.7,8.9,10.5,7.6,8.3,5,7.6,10.9,9.7,8.4,9.1,9.6,8,6.6,6.6,8.4,8.7,10.2,0,0,0,0,0,0,0,0,0,0,0,0,0,0,0,0,0,0,0,0,0,0,0
Jun-98,5086,13430,18531,5847,3701,1120,12247,1369,2334,2159,5588,452,3637,2508,3347,7931,-164,49981,68383,7576,3401,2145,4432,3964,10586,7028,276,7353,337,2490,21313,32485,552,-1399,-890,495,1715,2178,1311,33042,100831,53326,12507,3533,3107,-26988,-1819,113268,3585,6578,10163,3862,1327,1286,5201,569,2271,1347,4001,708,3678,901,1951,4746,-108,31738,41901,3249,899,1324,2532,2237,6093,7945,338,8283,186,1809,16371,20519,381,-1042,-662,504,1156,1660,998,21518,63418,24210,8845,2408,2743,-18661,943,60731,600,1539,2139,2630,8000,10630,2207,2464,4671,374,1163,1537,1902,2411,4313,1193,870,2063,1611,1099,2710,734,253,987,1735,1364,3099,462,1269,1732,1099,1998,3097,405,744,1149,2434,267,2701,818,144,961,1741,550,2291,2044,283,2327,2939,370,3309,173,183,356,444,354,797,3332,25545,28656,54201,5586,943,60731,0,0,0,0,0,0,0,0,0,0,0,0,0,0,0,0,0,0,0,0,0,0,0,0,0,0,0,0,0,0,0,0,0,0,0,0,0,0,0,0,0,0,3461,29608,6141,3364,8510,3225,3965,2046,4286,1108,5310,3565,5383,2594,5593,5975,4211,726,1447,10308,104041,7623,1684,113268,4.6,6.2,2.3,4.8,15,7.6,4.7,5.8,5.8,17.4,6.9,0.7,3.9,12.5,4.1,2.3,6.5,6.9,5.6,3.3,6.1,6.7,5.6,0.1,1.6,0.1,0.1,1,0.2,0.2,0.1,0.2,0.2,0.3,0,0.2,0.3,0.2,0.1,0.2,0,0.1,0.3,0.4,-0.3,5.6,2131,10716,5813,1367,4887,2513,3103,1127,2439,1243,3411,1516,2626,1032,3313,2628,2371,416,758,3868,57278,4396,-943,60731,-4.6,6.6,8.8,-3,6.6,0.6,3.6,11.4,8.7,20.1,10.1,7.5,14.3,19.5,8.6,9.8,4.9,29.2,1.5,6.6,7.1,12.1,7.4,11.9,41.8,7.9,8.7,14.1,8.8,10.5,7.8,8.7,5.4,7.6,10.9,10.2,8.8,9.5,9.9,8.2,7.4,6.6,8.4,9.4,10.3,0,0,0,0,0,0,0,0,0,0,0,0,0,0,0,0,0,0,0,0,0,0,0
Jun-99,5304,13674,19029,6002,3781,1200,12736,1542,2317,2341,5893,522,3642,2587,3437,8722,-341,52138,71063,8263,3333,2236,4211,132,6708,5195,-154,5047,356,2415,14967,25206,644,1120,1718,556,1634,2188,3869,28972,99228,52099,12289,4009,2992,-21688,-1428,116939,3797,6722,10518,4170,1401,1361,5539,642,2251,1490,4184,781,3654,989,2062,5193,-229,33489,44008,3665,889,1385,2419,76,3880,6100,-190,5909,174,1760,11723,16277,432,876,1308,575,1135,1711,3018,19295,63303,22915,8764,2755,2763,-16199,851,62098,642,1603,2245,2592,7745,10337,2404,2167,4571,368,1099,1467,2041,2126,4168,1146,871,2017,1664,1163,2827,811,313,1125,1950,1249,3199,503,1375,1878,1167,2234,3401,397,627,1024,2603,252,2856,932,128,1060,1783,671,2454,2159,333,2493,3300,449,3748,189,198,387,472,380,852,3533,27124,28516,55640,5607,851,62098,0,0,0,0,0,0,0,0,0,0,0,0,0,0,0,0,0,0,0,0,0,0,0,0,0,0,0,0,0,0,0,0,0,0,0,0,0,0,0,0,0,0,4344,27905,6412,3341,8396,3359,4180,2327,4386,1179,6114,3429,5658,2930,5884,6219,4476,784,1549,10607,107722,7981,1315,116939,25.5,-5.8,4.4,-0.7,-1.3,4.1,5.4,13.7,2.3,6.4,15.1,-3.8,5.1,12.9,5.2,4.1,6.3,8,7.1,2.9,3.5,4.7,3.2,0.8,-1.5,0.2,0,-0.1,0.1,0.2,0.2,0.1,0.1,0.7,-0.1,0.2,0.3,0.3,0.2,0.2,0.1,0.1,0.3,0.3,-0.3,3.2,2240,10342,5722,1302,4708,2515,3258,1277,2584,1313,3812,1381,2758,1142,3483,2825,2651,445,809,4093,58659,4290,-851,62098,5.1,-3.5,-1.6,-4.8,-3.6,0.1,5,13.3,5.9,5.7,11.7,-8.9,5,10.7,5.1,7.5,11.8,7,6.7,5.8,2.4,-2.4,2.3,11.8,40.6,7.7,8.1,12.6,8.3,10.5,8,8.6,5.4,8,10.2,9.6,8.4,9.5,9.9,8.5,7.5,6.5,8.4,8.7,10,0,0,0,0,0,0,0,0,0,0,0,0,0,0,0,0,0,0,0,0,0,0,0
Jun-00,5579,13900,19586,6201,3835,1321,13170,1664,2500,2301,5940,606,3769,2736,3361,9059,-152,54179,73678,9586,3294,2343,3370,84,5940,4653,-156,4501,401,2185,13398,24195,695,1247,1894,578,1936,2486,4339,28542,101317,56133,12676,4481,3108,-22107,-2903,121137,4090,7036,11126,4335,1490,1485,5920,695,2447,1627,4331,845,3736,1082,2061,5508,-104,35459,46585,4549,1020,1479,1994,50,3523,5319,-185,5134,210,1624,10491,16061,467,941,1408,584,1318,1902,3310,19371,65955,27014,9165,3130,2864,-16356,989,68704,643,2129,2772,2532,9927,12458,2571,2558,5130,412,1009,1421,2185,2362,4547,1174,846,2020,1876,1100,2977,911,316,1227,2114,1197,3311,521,1424,1945,1179,2257,3436,447,747,1193,2896,297,3193,1137,113,1250,1887,771,2658,2216,369,2585,3557,526,4084,203,254,457,532,384,916,3819,28994,32404,61398,6316,989,68704,0.2,0,0.1,0,0,0,0,0,0,0,0,0,0,0,0,0,0,0,0,0,0,0,0,0,0,0,0,0,0,0,0,0,0,0,0,0,0,0,0,0,0,0,4685,27580,7062,3492,8451,3512,4324,2367,4663,1223,6141,3186,5465,3018,6144,6278,4751,743,1550,11020,110526,7974,2715,121137,7.9,-1.2,10.2,4.5,0.6,4.5,3.5,1.7,6.3,3.8,0.4,-7.1,-3.4,3,4.4,0.9,6.1,-5.1,0,3.9,2.6,-0.1,3.6,0.3,-0.3,0.6,0.1,0,0.1,0.1,0,0.2,0,0,-0.2,-0.2,0.1,0.2,0.1,0.2,0,0,0.4,0,1.2,3.6,2785,12916,6271,1288,4961,2544,3398,1382,2865,1362,3906,1592,3062,1335,3674,2861,2909,520,867,4415,64914,4779,-989,68704,24.3,24.9,9.6,-1.1,5.4,1.1,4.3,8.3,10.9,3.7,2.5,15.3,11,17,5.5,1.3,9.7,17,7.1,7.9,10.7,11.4,10.6,13.5,46,8.2,7.9,11.9,8,10.5,8.1,9.3,5.4,7.5,10.5,9.6,8.6,9.7,9.7,8.6,7.5,6.5,8.5,9.1,10.4,0,0,0,0,0,0,0,0,0,0,0,0,0,0,0,0,0,0,0,0,0,0,0
Jun-01,5574,14469,20087,6146,3782,1353,13610,1694,2431,2762,6296,705,3905,2769,3242,9207,-88,55788,75793,7688,2701,1767,2081,155,4112,4705,-236,4470,383,2628,12377,21356,387,1459,1830,595,2318,2847,4639,26103,100829,56755,11253,4751,3093,-22146,-2874,122969,4219,7797,12015,4338,1632,1640,6323,771,2420,1906,4784,1048,3988,1168,2164,5835,-63,37955,49970,3918,971,1153,1291,95,2539,5573,-282,5291,227,2023,10081,14970,253,1035,1289,605,1644,2249,3537,18507,68477,32897,9188,3366,3139,-17523,665,75555,710,1964,2674,2720,13944,16665,2755,2909,5663,457,993,1450,2157,1745,3902,1273,834,2107,1999,1110,3108,996,306,1302,2310,1074,3384,563,1519,2082,1062,2511,3573,491,1182,1673,3195,345,3540,1339,142,1482,2025,901,2926,2437,436,2873,3811,543,4355,222,268,489,569,386,956,3900,31092,37011,68103,6787,665,75555,0,0,0,0,0,0,0,0,0,0,0,0,0,0,0,0,0,0,0,0,0,0,0,0,0,0,0,0,0,0,0,0,0,0,0,0,0,0,0,0,0,0,3684,29463,7670,3483,6896,3673,4390,2366,4734,1273,6095,3055,6239,3360,6418,6511,4974,692,1558,11449,112595,7772,2689,122969,-21.4,6.8,8.6,-0.3,-18.4,4.6,1.5,0,1.5,4.1,-0.8,-4.1,14.2,11.4,4.5,3.7,4.7,-7,0.5,3.9,1.9,-2.5,1.5,-0.8,1.6,0.5,0,-1.3,0.1,0.1,0,0.1,0,0,-0.1,0.6,0.3,0.2,0.2,0.2,0,0,0.4,-0.2,0,1.5,2690,16695,6827,1326,4158,2669,3442,1458,2948,1447,4057,2091,3392,1567,3971,3138,3103,542,899,4598,71017,5203,-665,75555,-3.4,29.3,8.9,3,-16.2,4.9,1.3,5.4,2.9,6.3,3.8,31.3,10.8,17.4,8.1,9.7,6.7,4.2,3.7,4.1,9.4,8.9,10,10.9,47.1,8.8,7.5,11.4,8.2,10.2,8,9.2,5.5,7.4,12.8,9.3,8.7,10,9.8,8.5,7.5,6.5,8.5,8.5,10.7,0,0,0,0,0,0,0,0,0,0,0,0,0,0,0,0,0,0,0,0,0,0,0
Jun-02,5583,14732,20335,6304,3734,1425,13978,1650,2425,3213,6391,765,4018,2986,3399,9448,-279,57438,77721,8559,3459,1978,3891,7,6008,5110,-274,4837,410,2415,14167,24459,442,1159,1580,586,2076,2619,4171,28667,105376,57736,11763,5041,3240,-17765,-4186,131200,4218,8180,12398,4680,1677,1695,6787,762,2472,2251,4835,1145,4139,1268,2336,6252,-207,40093,52491,4452,1260,1322,2487,5,3813,6124,-328,5796,295,1885,11790,17502,313,891,1204,606,1512,2117,3322,20824,73314,32234,9492,3654,3395,-15191,508,81632,788,2652,3439,3042,13508,16551,3049,3650,6699,514,1457,1972,2733,2252,4986,1448,1127,2575,2141,1307,3448,1131,311,1441,2456,1274,3730,624,1518,2142,1127,2563,3690,563,777,1341,3312,473,3785,1547,213,1760,2112,841,2953,2806,448,3254,4023,595,4618,260,268,528,696,449,1145,4188,34373,39872,74245,6879,508,81632,0,0,0,0,0,0,0,0,0,0,0,0,0,0,0,0,0,0,0,0,0,0,0,0,0,0,0,0,0,0,0,0,0,0,0,0,0,0,0,0,0,0,3994,29442,8771,3597,9101,4010,4654,2390,4658,1284,6497,3259,6885,3939,6087,6551,5306,678,1707,11600,119226,8149,3920,131200,8.4,-0.1,14.4,3.3,32,9.2,6,1,-1.6,0.8,6.6,6.7,10.4,17.2,-5.2,0.6,6.7,-2,9.5,1.3,5.9,4.9,6.7,0.3,0,0.9,0.1,1.8,0.3,0.2,0,-0.1,0,0.3,0.2,0.5,0.5,-0.3,0,0.3,0,0.1,0.1,0.3,1,6.7,3467,16560,7903,1584,5592,3241,3762,1578,2947,1488,4208,1746,3594,1856,3892,3626,3353,576,1057,4944,76973,5166,-508,81632,28.9,-0.8,15.8,19.4,34.5,21.4,9.3,8.2,0,2.8,3.7,-16.5,5.9,18.4,-2,15.6,8.1,6.3,17.6,7.5,8.4,-0.7,8,11.6,45.3,9.9,8.3,13,9.1,10.2,8.6,8.6,5.4,7.4,9.9,9.2,9.2,9,10.7,8.6,7.8,7,8.6,8.1,10.8,0,0,0,0,0,0,0,0,0,0,0,0,0,0,0,0,0,0,0,0,0,0,0
Jun-03,5808,14972,20833,6628,3771,1476,14416,1759,2414,3413,6688,843,4255,2945,3717,9537,-155,59796,80607,9126,3617,2490,6403,161,9231,5450,-312,5139,248,2722,17207,28488,366,1448,1800,671,1791,2470,4232,32702,112391,64323,15301,4958,3259,-20413,-4640,138059,4530,8623,13153,5075,1757,1763,7370,819,2459,2440,5188,1313,4344,1341,2615,6523,-118,42889,56042,4882,1540,1729,4252,106,6087,6348,-360,5987,185,2146,14406,20828,254,1088,1342,656,1294,1950,3292,24120,80162,35536,11963,3703,3373,-16265,575,88375,812,1842,2654,3360,13970,17330,3820,3889,7709,644,1594,2238,2648,3316,5965,1737,1441,3178,2308,1324,3632,1003,335,1338,2627,1726,4353,649,1667,2316,1060,2769,3829,562,981,1543,3482,646,4129,1874,230,2104,2278,790,3067,2967,440,3407,4258,618,4875,331,277,608,794,515,1309,4444,37215,42813,80027,7772,575,88375,0,0,0,0,0,0,0,0,0,0,0,0,0,0,0,0,0,0,0,0,0,0,0,0,0,0,0,0,0,0,0,0,0,0,0,0,0,0,0,0,0,0,2945,30800,9720,3531,11906,4327,4824,2639,5176,1464,6737,3502,7088,4003,5776,6609,5601,754,1833,11771,125663,8145,4344,138059,-26.3,4.6,10.8,-1.8,30.8,7.9,3.7,10.4,11.1,14.1,3.7,7.5,2.9,1.6,-5.1,0.9,5.6,11.3,7.4,1.5,5.4,0,5.2,-0.8,1,0.7,0,2.1,0.2,0.1,0.2,0.4,0.1,0.2,0.2,0.2,0,-0.2,0,0.2,0.1,0.1,0.1,0,0.3,5.2,2683,17341,9112,1817,7101,3735,3931,1554,3345,1676,4391,2015,3936,2099,3864,3774,3639,652,1178,5275,83118,5832,-575,88375,-22.6,4.7,15.3,14.7,27,15.3,4.5,-1.5,13.5,12.6,4.3,15.4,9.5,13.1,-0.7,4.1,8.5,13.2,11.5,6.7,8,12.9,8.3,11.6,47.4,10.5,9,14.5,9.4,10,8.3,9,5.8,7.4,10,9.4,9.3,8.6,10.4,8.7,8.3,7.2,8.8,8.3,11,0,0,0,0,0,0,0,0,0,0,0,0,0,0,0,0,0,0,0,0,0,0,0
Jun-04,6212,16222,22471,6792,3814,1614,14935,1948,2711,3789,7158,897,4929,3035,3900,10046,-426,63536,85954,8900,3717,2425,6331,48,8977,7712,-271,7440,399,2968,20577,32240,408,1647,2040,684,2128,2795,4791,37011,122059,66689,16680,4926,3926,-21951,-4648,146469,4909,9568,14478,5298,1826,1918,8051,915,2745,2735,5588,1418,4847,1412,2802,6945,-333,46167,60645,5122,1875,1809,4343,33,6184,8300,-287,8013,331,2348,16876,23873,284,1218,1502,617,1550,2168,3670,27543,88187,34647,11839,3724,3663,-17283,1494,95268,845,2819,3665,3645,12632,16277,3776,4359,8135,571,1841,2413,3160,3677,6837,1677,1756,3433,2363,1461,3824,1119,410,1529,2686,2200,4886,731,1788,2518,1199,2644,3843,695,773,1468,3675,805,4480,2209,228,2437,2705,867,3571,3032,469,3501,4569,750,5319,309,320,629,819,592,1411,4868,39784,45260,85044,8729,1494,95268,0,0,0,0,0,0,0,0,0,0,0,0,0,0,0,0,0,0,0,0,0,0,0,0,0,0,0,0,0,0,0,0,0,0,0,0,0,0,0,0,0,0,5248,29333,10515,3417,12856,4821,5133,3085,5533,1575,6987,3406,7378,3927,6752,6774,5962,745,1942,12142,133618,8601,4354,146469,78.2,-4.8,8.2,-3.2,8,11.4,6.4,16.9,6.9,7.5,3.7,-2.8,4.1,-1.9,16.9,2.5,6.4,-1.2,6,3.2,6.3,5.6,6.1,1.7,-1.1,0.6,-0.1,0.7,0.4,0.2,0.3,0.3,0.1,0.2,-0.1,0.2,-0.1,0.7,0.1,0.3,0,0.1,0.3,0.3,0,6.1,3702,16404,10430,1864,8204,4234,4219,1920,3787,1863,4508,1914,4333,2325,4774,3992,4023,661,1320,5764,90241,6521,-1494,95268,38,-5.4,14.5,2.6,15.5,13.4,7.3,23.5,13.2,11.2,2.7,-5,10.1,10.7,23.6,5.8,10.5,1.3,12,9.3,8.6,11.8,7.8,14,47.7,11.1,8.7,14.5,10,10.1,9.3,9.4,6,7.2,9.6,9.4,9.2,9.9,10.5,8.8,7.7,7.3,9,8.7,11.1,0,0,0,0,0,0,0,0,0,0,0,0,0,0,0,0,0,0,0,0,0,0,0
Jun-05,6556,16873,23490,7054,4003,1797,15502,2019,3028,4061,7762,978,5388,3061,3980,10714,-216,67822,91299,9191,3804,2315,7613,19,10106,7725,-295,7430,363,3080,21583,33640,505,1915,2400,893,2403,3297,5645,39283,129619,68909,18944,5144,4428,-23760,-4919,151620,5350,10417,15767,5610,1938,2065,8849,955,3014,3015,6185,1573,5242,1530,2944,7472,-173,50217,65984,5840,2050,1895,5411,14,7321,8168,-305,7863,299,2438,17921,25812,361,1477,1837,802,1803,2605,4442,30254,96238,40656,14025,3983,4162,-19297,1839,105232,800,2524,3324,3929,17899,21828,4001,4104,8105,751,1772,2522,3523,3823,7346,1883,1864,3746,2614,1484,4098,1063,419,1482,2806,2330,5137,782,1880,2662,1256,2777,4034,741,841,1582,3852,1073,4925,2364,292,2656,2928,891,3819,3197,486,3683,4877,807,5684,274,336,610,902,577,1479,5510,42541,51689,94230,9163,1839,105232,0,0,0,0,0,0,0,0,0,0,0,0,0,0,0,0,0,0,0,0,0,0,0,0,0,0,0,0,0,0,0,0,0,0,0,0,0,0,0,0,0,0,4894,31810,10456,3549,13037,5260,5559,3376,5617,1630,7000,3440,7604,4061,7188,6879,6202,748,1993,12776,138675,8497,4605,151620,-6.7,8.4,-0.6,3.8,1.4,9.1,8.3,9.4,1.5,3.5,0.2,1,3.1,3.4,6.5,1.6,4,0.4,2.6,5.2,3.8,-1.2,3.5,-0.2,1.7,0,0.1,0.1,0.3,0.3,0.2,0.1,0,0,0,0.2,0.1,0.3,0.1,0.2,0,0,0.4,-0.1,0.2,3.5,3365,21528,10758,2058,8694,4651,4571,2134,3972,1985,4698,2100,4936,2533,5184,4374,4276,656,1443,6375,100292,6779,-1839,105232,-9.1,31.2,3.1,10.4,6,9.8,8.4,11.1,4.9,6.5,4.2,9.7,13.9,9,8.6,9.6,6.3,-0.8,9.3,10.6,11.1,4,10.5,12.7,46.5,11.3,9,13.9,10.5,10.4,9.7,8.9,6.1,6.9,9.6,9.8,9.1,10.2,10.6,8.7,7.3,7.7,9.2,9,11.4,0,0,0,0,0,0,0,0,0,0,0,0,0,0,0,0,0,0,0,0,0,0,0
Jun-06,6692,18188,24865,7466,4089,2009,16047,2013,3062,4196,8127,1064,5593,3205,4122,11544,111,71468,96311,9711,4319,2476,13638,-1,16179,9979,-447,9534,374,3192,29681,43194,637,2632,3247,881,2279,3167,6338,49510,145106,69006,22783,5337,4633,-29872,-3432,158729,5601,11771,17372,6201,2042,2234,9741,962,3043,3185,6845,1710,5462,1691,3157,8258,93,54624,71996,7071,3089,2139,9851,-1,11989,10551,-455,10097,318,2646,25050,35211,450,2086,2536,845,1945,2790,5326,40537,112533,51317,18818,4234,4439,-25302,2247,121771,790,3031,3821,4723,24255,28978,4623,4610,9233,708,2263,2971,4403,4760,9164,2096,2076,4172,2698,1601,4299,863,537,1400,2858,2556,5414,840,1903,2742,1209,3074,4283,769,956,1726,4615,1053,5667,2469,362,2830,3033,943,3976,3087,514,3601,5274,884,6158,339,314,653,921,557,1478,6172,46317,62421,108738,10786,2246,121771,0,0,0,0,0,0,0,0,0,0,0,0,0,0,0,0,0,0,0,0,0,0,0,0,0,0,0,0,0,0,0,0,0,0,0,0,0,0,0,0,0,0,5106,32752,10596,4147,15805,5940,5778,3554,5843,1783,7220,3690,8217,4432,7288,7140,6512,805,1926,13215,146918,8738,3264,158729,4.3,3,1.3,16.9,21.2,12.9,3.9,5.3,4,9.4,3.2,7.3,8.1,9.1,1.4,3.8,5,7.6,-3.4,3.4,5.9,2.8,4.7,0.1,0.6,0.1,0.4,1.8,0.4,0.1,0.1,0.1,0.1,0.1,0.2,0.4,0.2,0.1,0.2,0.2,0,0,0.3,0.2,-0.9,4.7,3861,28989,11314,2484,10464,5280,4941,2318,4241,2103,5116,2292,5717,2797,5527,4659,4711,706,1433,7053,116007,8010,-2247,121771,14.7,34.7,5.2,20.7,20.4,13.5,8.1,8.6,6.8,5.9,8.9,9.1,15.8,10.4,6.6,6.5,10.2,7.7,-0.7,10.6,15.7,18.2,15.7,14.2,44.1,11.5,10.4,15.6,11.5,10.7,9.9,9.1,6.4,6.8,9.8,10.3,9.3,10.1,10.5,8.7,7.7,7.4,9.4,10.1,12.2,0,0,0,0,0,0,0,0,0,0,0,0,0,0,0,0,0,0,0,0,0,0,0
Jun-07,7108,18848,25975,7615,4357,2496,16648,2101,3491,4507,8945,1124,6423,3410,4893,12674,69,77929,103954,9985,3582,3273,17970,-18,21314,10500,-409,10090,310,4638,36242,49585,338,2524,2866,964,2649,3614,6453,55992,159316,72596,26633,6030,5757,-33942,-2672,168938,6205,12807,19012,6708,2302,2746,11065,1015,3537,3621,7907,1818,6243,1920,3904,9226,58,62072,81084,8067,3181,3152,14003,-15,17140,10916,-412,10503,257,4018,31918,43166,248,2210,2457,933,2308,3241,5699,48865,129948,61867,22548,4911,5541,-29162,2526,142001,785,2149,2934,5877,31707,37584,5511,5086,10597,997,1941,2937,6069,5466,11535,2561,2153,4714,2879,2081,4960,925,605,1531,2976,3502,6479,930,2041,2971,1543,3538,5081,924,1050,1973,5110,1246,6356,3073,544,3617,3147,903,4050,3230,585,3815,5644,940,6584,450,316,766,1095,575,1671,7428,53729,73853,127582,11893,2526,142001,0,0,0,0,0,0,0,0,0,0,0,0,0,0,0,0,0,0,0,0,0,0,0,0,0,0,0,0,0,0,0,0,0,0,0,0,0,0,0,0,0,0,3636,36151,11676,3706,17499,6491,6406,3692,6472,1964,8074,3602,9137,4888,7654,7250,6806,952,2273,13511,157404,9196,2567,168938,-28.8,10.4,10.2,-10.6,10.7,9.3,10.9,3.9,10.8,10.1,11.8,-2.4,11.2,10.3,5,1.5,4.5,18.2,18,2.2,7.1,5.2,6.4,-0.9,2.1,0.7,-0.3,1.1,0.3,0.4,0.1,0.4,0.1,0.5,-0.1,0.6,0.3,0.2,0.1,0.2,0.1,0.2,0.2,0.3,-0.4,6.4,2961,38117,12530,2276,12688,5973,5679,2508,5171,2340,5906,2618,6954,3436,5814,4969,5236,782,1731,8150,135839,8688,-2526,142001,-23.3,31.5,10.7,-8.4,21.3,13.1,14.9,8.2,21.9,11.3,15.4,14.2,21.6,22.8,5.2,6.7,11.1,10.7,20.8,15.6,17.1,8.5,16.6,12.4,49.6,12.4,9.1,16.6,12.3,11.1,10.1,9.5,6.7,7,10,11,9.9,10.1,10.6,8.8,8.4,8.6,9.9,10.3,13.1,0,0,0,0,0,0,0,0,0,0,0,0,0,0,0,0,0,0,0,0,0,0,0
Jun-08,7225,19632,26841,7918,4368,2740,17235,2293,3570,4974,9912,1186,7010,3541,5005,13698,24,82795,109736,10430,3098,4044,19517,-292,23467,13251,-493,12757,284,5866,42544,55880,152,2799,2989,1010,3168,4168,7135,62960,172302,74896,30265,7127,9011,-35145,-2532,177371,6565,13997,20562,7213,2407,2985,12830,1119,3588,4103,9165,1947,6810,2128,4149,10046,21,68512,89074,8839,3129,4318,15671,-242,19747,13182,-478,12704,266,5408,38125,50093,116,2576,2692,987,3101,4088,6780,56873,145947,70545,27080,5956,8325,-30025,2401,159419,795,3336,4131,7287,34916,42203,5753,5810,11562,1039,2017,3056,7333,5867,13201,2671,2199,4870,3417,2172,5589,1107,655,1762,3484,4111,7594,1026,2116,3142,1642,4076,5717,1151,1056,2207,6245,1446,7691,3766,583,4349,3133,735,3868,3590,539,4129,6524,932,7456,475,390,865,1325,595,1921,9189,61763,82740,144502,12515,2401,159419,0,0,0,0,0,0,0,0,0,0,0,0,0,0,0,0,0,0,0,0,0,0,0,0,0,0,0,0,0,0,0,0,0,0,0,0,0,0,0,0,0,0,4245,36330,12738,3952,20248,6476,6898,3805,6919,2024,8726,3593,10240,5483,7468,7500,7171,959,2487,13890,165901,9306,2440,177371,16.7,0.5,9.1,6.7,15.7,-0.2,7.7,3.1,6.9,3,8.1,-0.3,12.1,12.2,-2.4,3.4,5.4,0.8,9.4,2.8,5.4,1.2,5,0.4,0.1,0.6,0.1,1.6,0,0.3,0.1,0.3,0,0.4,0,0.7,0.4,-0.1,0.1,0.2,0,0.1,0.2,0.1,-0.1,5,4140,42291,13509,2554,15204,6344,6270,2781,5684,2527,6575,3002,8486,3991,5779,5392,5885,841,1952,9618,152825,8995,-2401,159419,39.8,11,7.8,12.2,19.8,6.2,10.4,10.9,9.9,8,11.3,14.7,22,16.2,-0.6,8.5,12.4,7.6,12.8,18,12.5,3.5,12.3,15,50.6,12.5,9.7,18.3,11.9,11.3,10.3,9.8,6.7,7.2,10.3,12,10.4,9.9,10.8,8.8,8.4,9.2,10.5,10.1,13.5,0,0,0,0,0,0,0,0,0,0,0,0,0,0,0,0,0,0,0,0,0,0,0
Jun-09,7700,20953,28635,8207,4342,2760,17898,2532,3645,5396,9297,1243,6851,3688,4861,13399,-102,83177,111818,10101,2529,4788,23579,-166,28412,13196,-562,12634,290,6627,47840,60222,156,2804,2996,928,3118,4037,7007,67135,178749,77185,32786,7051,10132,-34923,-1225,183919,7274,15860,23134,7759,2495,2892,14794,1255,3617,4468,8235,1992,6676,2404,4047,10656,-91,71198,94332,8860,1759,5381,20384,-147,25618,13588,-575,13013,243,6228,45102,55721,131,2744,2875,978,3183,4161,7036,62757,157089,88342,33640,6088,10385,-31095,315,176713,903,3365,4269,8724,44253,52977,5349,6377,11726,1319,1739,3058,8336,7252,15588,2762,2154,4915,3816,2227,6043,1318,733,2051,3872,4207,8079,1029,2141,3170,1773,4661,6434,1192,1230,2422,6818,1593,8411,3388,730,4118,3646,864,4509,4108,663,4771,7127,1043,8170,445,384,829,1535,678,2213,11014,67458,97310,164768,11631,314,176713,0,0,0,0,0,0,0,0,0,0,0,0,0,0,0,0,0,0,0,0,0,0,0,0,0,0,0,0,0,0,0,0,0,0,0,0,0,0,0,0,-1,0,5557,38307,13133,4129,21004,6571,6883,3606,6951,2015,8679,4055,10813,5479,8070,7849,7751,1053,2708,14427,173795,9228,1208,183919,30.9,5.4,3.1,4.5,3.7,1.5,-0.2,-5.2,0.5,-0.5,-0.5,12.9,5.6,-0.1,8.1,4.7,8.1,9.7,8.9,3.9,4.8,-0.8,3.7,0.7,1.1,0.2,0.1,0.4,0.1,0,-0.1,0,0,0,0.3,0.3,0,0.3,0.2,0.3,0.1,0.1,0.3,0,-0.7,3.7,4304,50923,13389,2668,16868,6382,6528,2867,5894,2534,7267,3275,9383,4140,6404,6005,6424,875,2229,11107,169466,7561,-315,176713,3.9,20.4,-0.9,4.5,10.9,0.6,4.1,3.1,3.7,0.3,10.5,9.1,10.6,3.8,10.8,11.4,9.2,4.1,14.2,15.5,10.9,-15.9,10.8,14.9,44.3,12.6,9.7,18.5,11.9,11.2,10,10,6.5,7.1,11.1,12.1,11.1,10.1,11,9,8.4,9.7,11,9.1,14,0,0,0,0,0,0,0,0,0,0,0,0,0,0,0,0,0,0,0,0,0,0,0
Jun-10,8003,21579,29576,8399,4465,2884,18506,2258,3795,5638,9570,1262,7356,4004,5299,13863,-250,86295,115884,9987,3089,4163,22775,-366,26665,12866,-627,12239,245,6179,45251,57898,200,3288,3529,1253,4076,5318,8831,66794,182288,83679,30785,6873,11079,-36769,-1355,192854,7743,17272,25015,7952,2640,2936,16177,1341,3832,4793,8652,2022,7125,2783,4500,11244,-228,75769,100784,8926,2537,4475,19988,-322,24141,12716,-633,12083,229,5805,42259,53721,169,3140,3309,1269,4041,5310,8620,62341,163125,84822,28278,5976,9622,-33342,1277,183957,723,2704,3427,9560,43998,53558,5742,5231,10973,1073,2293,3365,9188,7978,17165,2656,2324,4980,3722,2276,5998,1369,862,2231,4285,4274,8558,1050,2250,3300,1963,4720,6683,980,1651,2631,6788,2179,8967,3446,843,4289,3957,882,4840,4602,632,5234,7252,1238,8490,444,418,863,1719,726,2444,11891,70520,99370,169890,12791,1277,183957,0,0,0,0,0,0,0,0,0,0,0,0,0,0,0,0,0,0,0,0,0,0,0,0,0,0,0,0,0,0,0,0,0,0,0,0,0,0,0,0,0,0,5247,44277,13164,4097,20782,6720,6945,3312,6983,2069,8603,4231,11063,5497,7901,8059,8140,1104,2899,14621,182614,9146,1336,192854,-5.6,15.6,0.2,-0.8,-1.1,2.3,0.9,-8.2,0.5,2.7,-0.9,4.3,2.3,0.3,-2.1,2.7,5,4.8,7.1,1.3,5.1,-0.9,4.9,-0.2,3.2,0,0,-0.1,0.1,0,-0.2,0,0,0,0.1,0.1,0,-0.1,0.1,0.2,0,0.1,0.1,0,0.1,4.9,3450,53889,12687,2852,17853,6620,6607,2837,6139,2672,7353,3570,9876,4568,6600,6542,7096,962,2495,12085,176750,8484,-1277,183957,-19.8,5.8,-5.2,6.9,5.8,3.7,1.2,-1.1,4.2,5.4,1.2,9,5.2,10.3,3,8.9,10.5,9.9,11.9,8.8,4.3,12.2,4.1,12.1,56.3,12.2,9.5,18.3,11.8,11.1,9.3,10.1,6.4,7,11.5,11.8,11.3,9.8,11.1,9,8.8,10.3,11.3,9.4,14.1,0,0,-0.1,0,0,0,0,0,0,0,0,0,0,0,0,0,0,0,0,0,0,0,0
Jun-11,8103,22499,30561,9008,4506,3044,19212,2325,3935,6054,10396,1354,7936,4228,5866,14218,-12,91438,122033,10662,2366,4540,28283,-47,32763,13534,-596,12940,398,6466,52345,65048,198,3234,3472,1219,4009,5217,8673,73737,195506,86189,31412,6530,11928,-41679,-1772,201434,8083,18884,26967,8634,2936,3044,17416,1591,3961,5170,9495,2080,7587,3105,5073,11774,-10,81856,108822,9717,1854,4780,25506,-42,30244,12791,-571,12220,428,6221,49113,60684,174,3010,3183,1181,3913,5094,8277,68961,177784,113235,29180,5795,9725,-38816,1499,220591,901,1822,2723,12272,68340,80612,6355,5224,11579,1305,2745,4050,10432,8100,18532,2973,2568,5542,4375,2256,6631,1733,929,2662,4572,4788,9360,1122,2261,3383,2259,4359,6619,1104,1496,2600,7239,2745,9984,4782,1073,5856,4600,887,5487,5572,602,6174,7407,1277,8684,609,359,969,2040,702,2742,11440,81654,123976,205630,13462,1499,220591,0,0,0,0,0,0,0,0,0,0,0,0,0,0,0,0,0,0,0,0,0,0,0,0,0,0,0,0,0,0,0,0,0,0,0,0,0,0,0,0,0,0,3544,46250,13605,4560,21906,6881,7089,3797,7636,2195,8103,4341,12186,6025,8563,8116,8913,1104,3239,15214,190474,9468,1743,201434,-32.5,4.5,3.3,11.3,5.4,2.4,2.1,14.6,9.4,6.1,-5.8,2.6,10.2,9.6,8.4,0.7,9.5,0,11.7,4.1,4.3,3.5,4.4,-0.9,1,0.2,0.2,0.6,0.1,0.1,0.3,0.3,0.1,-0.3,0.1,0.6,0.3,0.3,0,0.4,0,0.2,0.3,0.2,0.2,4.4,2787,80618,12848,3491,19552,7207,7013,3404,7094,2699,7219,3820,10984,5320,7450,7071,8384,970,2932,12884,213748,8342,-1499,220591,-19.2,49.6,1.3,22.4,9.5,8.9,6.1,20,15.6,1,-1.8,7,11.2,16.5,12.9,8.1,18.2,0.9,17.5,6.6,20.9,-1.7,19.9,8.6,61.3,12.3,10.3,18.6,12.2,11.1,10.4,10.9,6.5,6.5,11.6,12.2,11.6,10.3,11,9.6,8.6,11.5,11.4,9,15.6,0,0,-0.1,0,0,0,0,0,0,0,0,0,0,0,0,0,0,0,0,0,0,0,0
Jun-12,8425,24145,32490,9261,4527,3233,19934,2107,4432,6423,11020,1397,9000,4441,6641,14613,173,96727,129252,9380,2455,,,,52000,18491,-557,17940,319,6763,76519,88183,301,2826,3157,1348,4563,5899,9068,97217,226734,91138,40199,6543,13119,-48061,-2388,220648,8570,21119,29689,9061,3061,3228,18791,1628,4453,5531,10221,2097,8476,3443,5949,12384,153,88475,118164,8662,2047,,,,47873,17162,-516,16646,322,6712,71553,82262,273,2677,2951,1260,4450,5711,8662,90923,209087,121454,39180,5952,10590,-42933,-599,243191,870,3628,4498,15851,66787,82638,6429,4797,11226,674,3929,4602,14926,11422,26347,3476,2835,6311,4312,2783,7095,1848,1220,3068,5203,5720,10923,1076,2208,3284,2205,5108,7313,1133,2095,3228,7645,4259,11904,5968,968,6936,4668,1120,5788,5743,767,6511,8415,1390,9804,592,484,1076,2194,909,3103,13594,93228,136022,229250,14541,-599,243191,0,0,0,0,1.4,0,0,0,0,0,0.1,0,0,0,0,0,0,0,0,0,0,0,0,0,0,0,0,0,0,0,0,0,0,0,1,0,0,0,0,0,0,1,4884,50260,13919,4795,28678,7682,7313,4192,8528,2131,8398,4699,13163,6336,9044,8288,9602,1183,3543,15622,208625,9847,2342,220648,37.8,8.7,2.3,5.2,30.9,11.6,3.2,10.4,11.7,-2.9,3.6,8.3,8,5.2,5.6,2.1,7.7,7.2,9.4,2.7,9.5,4,9.5,0.7,2,0.2,0.1,3.4,0.4,0.1,0.2,0.4,0,0.1,0.2,0.5,0.2,0.2,0.1,0.3,0,0.2,0.2,0.2,0.3,9.5,4580,82970,12720,4137,25523,7994,7538,3877,8266,2600,7496,4376,12452,5874,8129,7479,9264,1080,3410,13947,233709,8883,599,243191,64.3,2.9,-1,18.5,30.5,10.9,7.5,13.9,16.5,-3.7,3.8,14.5,13.4,10.4,9.1,5.8,10.5,11.3,16.3,8.2,9.3,6.5,10.2,13.5,61.9,12.1,10.8,21.9,12.8,11,11.1,11.6,6.2,6.4,11.6,12.6,12.3,10.5,11.1,10.2,9,12.1,11.5,9.6,16.2,-0.1,0,0,0,0,0,0,0,0,0,0,0.2,0.1,0,0,0,0,0,0,0,0,0,0
Jun-13,8446,24718,33063,10037,4511,3245,20563,1928,4882,6923,11739,1382,9380,4634,7080,15066,-95,100864,133963,9427,3102,,,,55107,18960,-563,18405,303,7514,80818,93117,478,3240,3748,975,4708,5685,9429,102508,236770,98089,40836,6542,14035,-51602,-1240,233689,8627,22174,30801,9931,3182,3292,20696,1671,4838,6122,10848,2160,8894,3797,6479,13149,-87,94972,125773,8941,2615,,,,51905,17389,-519,16871,273,7599,76647,88203,436,3127,3563,914,4611,5525,9088,97291,223064,116164,39516,6070,11475,-46780,-309,247217,1017,3335,4352,17091,57114,74206,6310,4694,11004,714,3285,3999,16253,11435,27687,3403,3108,6512,4639,2960,7599,2138,1359,3497,6069,5807,11876,1174,2123,3297,2155,5650,7806,1721,2071,3792,8468,4488,12956,7075,1031,8106,4875,1278,6153,6430,867,7297,9473,1508,10981,553,531,1084,2247,942,3189,15023,101807,128610,230417,17109,-309,247217,0,0,0,0,-3.1,0,0,0,0,0,-0.1,0,0,0,-0.1,-0.1,0,0,0,0,0,0,0,0,0,0,0,0,0,0,0,0,0,0,0,0,0,0,0,0,0,1,4664,54928,13404,4880,30058,8272,7693,4462,9403,2115,9327,5379,14872,6588,9330,8453,10824,1181,3467,15970,222504,10067,1212,233689,-4.5,9.3,-3.7,1.8,4.8,7.7,5.2,6.5,10.3,-0.8,11.1,14.5,13,4,3.2,2,12.7,-0.2,-2.2,2.2,6.7,2.2,5.9,-0.1,2.1,-0.2,0,0.6,0.3,0.2,0.1,0.4,0,0.4,0.3,0.8,0.1,0.1,0.1,0.6,0,0,0.2,0.1,-0.5,5.9,4441,74990,11853,4742,27445,8558,7879,4281,9173,2605,8423,5053,14288,6109,8513,7869,10614,1082,3391,15376,236684,10223,309,247217,-3,-9.6,-6.8,14.6,7.5,7.1,4.5,10.4,11,0.2,12.4,15.5,14.7,4,4.7,5.2,14.6,0.2,-0.6,10.2,1.3,15.1,1.7,12.7,63.6,11.7,10.9,22.2,13.2,11.3,11.9,12.2,6.2,6.9,12.4,13.7,12.9,10.7,11.1,11.1,8.9,12.2,11.9,10.6,16.1,0,0,0,0,0,0,0,0,0,0,0,-1.3,0.1,0,0,0,0,0,0,0,0,0,0
Jun-14,9105,25524,34560,10273,4421,3220,21008,1974,4941,6986,11727,1551,9402,4711,7136,15349,112,102534,137124,10832,3195,,,,52869,14377,-562,13820,253,6594,73135,86914,564,3178,3767,1094,4604,5695,9458,96347,233714,106207,40634,6720,13193,-45977,444,247281,9225,23640,32865,10263,3364,3343,22278,1780,4917,6374,11340,2206,8959,4112,6660,14028,105,99728,132594,10775,2909,,,,50874,13812,-543,13269,232,6794,71168,84852,528,3109,3637,1041,4499,5540,9177,94029,226623,133780,41476,6399,11902,-43632,161,269952,896,4625,5521,16887,71587,88474,6775,4639,11414,894,3524,4417,15680,13000,28680,3233,2848,6081,4788,2922,7710,2762,1134,3895,6268,5872,12139,1192,2191,3383,2725,6202,8927,1567,2517,4084,8803,3860,12663,7860,776,8636,5409,1232,6640,6624,851,7475,9948,1447,11395,477,575,1053,2322,887,3209,16086,105109,146773,251883,17909,160,269952,0,0,0,0,-2.5,0,0,0,0,0,-0.1,0,0,0,-0.1,0,0,0,0,0,0,0,0,0,0,0,0,1,0,0,0,0,0,0,0,0,0,0,0,0,0,2,6083,62236,14129,4859,30869,7958,7893,4490,9912,2216,9775,5829,14707,6865,10015,8783,11773,1269,3513,16081,237772,10038,-459,247281,30.4,13.3,5.4,-0.4,2.7,-3.8,2.6,0.6,5.4,4.8,4.8,8.4,-1.1,4.2,7.3,3.9,8.8,7.5,1.3,0.7,6.9,-0.3,5.8,0.6,3.1,0.3,0,0.3,-0.1,0.1,0,0.2,0,0.2,0.2,-0.1,0.1,0.3,0.1,0.4,0,0,0,0,-0.7,5.8,5674,89538,12602,4797,28332,8298,7971,4330,9698,2676,9027,5467,14088,6382,9183,8339,11593,1193,3482,16533,259201,10912,-161,269952,27.8,19.4,6.3,1.2,3.2,-3,1.2,1.1,5.7,2.7,7.2,8.2,-1.4,4.5,7.9,6,9.2,10.3,2.7,7.5,9.5,6.7,9.2,16,67,12.4,11.2,21.9,12.9,11.4,11.8,12.9,6.2,7,12.4,13.5,12.8,11.1,11.2,11.5,9.2,11.8,12.3,10.5,16.9,0,0,0,0,0,0,0,0,0,0,0,-1.1,0,0,-0.1,0,0,0,0,0,0,0,0
Jun-15,9596,25689,35245,10173,4158,3290,21358,2006,5034,7335,11604,1728,9482,4750,7087,15553,212,103624,138894,11636,2966,,,,48521,13094,-788,12308,202,5444,66079,80485,498,2640,3158,1088,4441,5525,8682,89145,228230,112419,42222,7113,12571,-41459,1835,253346,9646,24354,34000,10426,3411,3457,23251,1750,5019,6871,11188,2239,9272,4380,6747,14644,202,102857,136857,11971,2902,,,,47194,12787,-776,12011,193,5539,64937,79811,471,2629,3101,1079,4410,5489,8590,88401,225258,114469,41667,6893,11946,-40302,-701,252004,884,4476,5359,16091,51280,67370,7450,4423,11874,1163,3961,5124,15381,13584,28964,3762,2623,6385,4804,2917,7721,2695,1055,3750,5899,6608,12507,1186,2237,3423,2627,6671,9298,1574,2606,4180,9302,3555,12857,7905,862,8767,5461,1337,6798,6572,800,7372,11078,1553,12631,551,603,1154,2381,875,3256,16668,106765,128693,235459,17247,-701,252004,0,0,0,0,-9.6,0,0,0,0,0.1,-0.3,0,0,0,-0.3,-0.1,0,0,0,0,0,-1,17,0,0,71,0,0,0,-30,0,0,0,0,0,-2,0,0,0,0,0,56,5614,67744,14079,4972,29598,8133,7963,4538,10154,2385,11069,5536,14163,6822,9867,8900,12233,1398,3757,16083,245365,9905,-1854,253346,-7.7,8.8,-0.4,2.3,-4.1,2.2,0.9,1.1,2.4,7.6,13.2,-5,-3.7,-0.6,-1.5,1.3,3.9,10.2,6.9,0,3.2,-1.3,2.5,-0.2,2.2,0,0,-0.5,0.1,0,0,0.1,0.1,0.5,-0.1,-0.2,0,-0.1,0,0.2,0.1,0.1,0,-0.1,-0.6,2.5,5485,67619,13049,4699,28284,8259,7967,4411,10143,2738,10498,5368,13758,6529,9212,8618,12247,1343,3660,17046,240933,10369,701,252004,-3.3,-24.5,3.5,-2,-0.2,-0.5,-0.1,1.9,4.6,2.3,16.3,-1.8,-2.3,2.3,0.3,3.3,5.6,12.6,5.1,3.1,-7,-5,-6.6,14.2,62.7,12.8,11.3,21.4,12.8,11.2,11.4,13,6.3,7.6,11.5,12.9,12.4,10.9,11.1,11.3,10,12.3,12.3,9.5,15.5,0,0,-0.1,0,0.2,0,0.3,0.4,-1.3,-0.2,-0.2,-2,0.9,0.2,-0.1,0,0,0.2,-2.9,0,0,-1,0
Jun-16,10333,26070,36387,10408,3913,3413,21688,2057,5063,7573,11707,1924,9500,4932,6874,15923,25,104965,141363,11797,2540,,,,38975,10277,-746,9531,229,4665,53095,67366,762,2215,2981,1212,4287,5495,8475,75819,217307,118616,36702,7087,11974,-39816,1866,256383,10369,25303,35672,10593,3473,3600,23374,1877,5179,7280,11292,2178,9588,4722,6728,15342,24,105249,140921,12135,2719,,,,38108,10627,-768,9859,235,4644,52846,67700,740,2268,3009,1261,4307,5568,8577,76276,217197,103504,35235,6937,12266,-39696,-490,239951,852,4404,5256,16353,41573,57926,6826,4358,11184,1356,3661,5017,15269,11575,26845,3812,2436,6248,4907,2866,7773,2767,1061,3828,5932,7254,13185,1334,2118,3453,2600,7268,9868,1591,2711,4303,8883,3206,12090,6183,868,7052,5888,1395,7282,6451,829,7279,11653,1562,13215,594,562,1156,2469,807,3276,16411,105721,116925,222647,17794,-490,239951,0,0,0,0.2,1.3,0,-1.9,4.8,0,-0.3,-0.2,0,-1,-0.6,-0.2,-0.1,0,0,0,0,0.1,-108,350,-137,12,-419,-24,-5,26,198,41,-93,4,14,23,-12,11,-10,-3,23,18,-91,5417,71489,13594,5162,27358,8041,8061,4610,10243,2561,10883,5559,14080,6373,10885,9118,12544,1390,3824,16295,248006,10314,-1885,256383,-3.5,5.5,-3.4,3.8,-7.6,-1.1,1.2,1.6,0.9,7.4,-1.7,0.4,-0.6,-6.6,10.3,2.5,2.5,-0.5,1.8,1.3,1.1,4.1,1.2,-0.1,1.5,-0.2,0.1,-0.9,0,0,0,0,0.1,-0.1,0,0,-0.2,0.4,0.1,0.1,0,0,0.1,0.2,0,1.2,5276,57085,12651,4671,26249,8145,8074,4504,10118,2763,10365,5357,13451,6018,10567,8898,12643,1332,3641,17015,228820,10641,490,239951,-3.8,-15.6,-3.1,-0.6,-7.2,-1.4,1.3,2.1,-0.2,0.9,-1.3,-0.2,-2.2,-7.8,14.7,3.2,3.2,-0.9,-0.5,-0.2,-5,2.6,-4.8,13.2,59,12.5,11.4,20,12.3,11,11.2,12.6,6.3,7.1,10.7,12.3,11.3,11.6,11,11.2,9.6,12.2,11.9,9.1,14.4,1.9,-0.1,0.9,0.7,-1.1,0,0.5,-0.1,1,-0.3,4,-1.2,-1.5,0.7,-1.7,2.2,-0.2,-1.4,3.1,0,0.2,0,0.1
Jun-17,10908,26542,37443,10594,3776,3409,21980,2169,4990,7854,11675,2094,9233,4964,6947,16249,55,105978,143420,8981,2352,,,,23827,9979,-642,9338,370,4267,37759,49095,897,2215,3111,1338,4600,5935,9046,58142,201565,127047,36481,6941,10383,-37673,925,251941,10918,26065,36983,10751,3521,3566,22736,2032,5085,7663,11272,2176,9331,4860,6826,15948,54,105820,142803,9099,2382,,,,23426,10046,-646,9400,433,4230,37490,48971,868,2239,3107,1362,4596,5958,9065,58037,200840,123878,34816,6845,10200,-37468,446,249525,900,5677,6577,14497,56481,70978,6767,4402,11170,1364,3610,4974,13104,8484,21588,3827,2434,6261,4954,2874,7828,2727,990,3717,5708,7764,13472,1311,2091,3402,2699,7587,10286,1550,2692,4242,8818,2800,11618,6131,799,6930,5583,1322,6905,6542,850,7392,12362,1598,13960,603,560,1162,2503,992,3495,15444,101948,129452,231400,17678,446,249525,-0.1,0,0,0.1,0.5,-0.1,-0.8,5,-0.5,-0.3,-0.2,-6.8,1.5,-1.5,-0.3,-0.1,0,0,0,0,0.1,-139,-414,-168,0,-108,-120,-80,-6,179,39,-111,-10,162,-51,41,-15,-12,13,220,6,-578,6309,73622,13217,4727,20484,8262,8062,4390,10461,2596,11135,5380,13071,5964,10363,9104,13216,1368,3984,16527,242306,10558,-926,251941,16.5,3,-2.8,-8.4,-25.1,2.7,0,-4.8,2.1,1.4,2.3,-3.2,-7.2,-6.4,-4.8,-0.2,5.4,-1.6,4.2,1.4,-2.3,2.4,-1.7,0.3,0.8,-0.1,-0.2,-2.7,0.1,0,-0.1,0.1,0,0.1,-0.1,-0.4,-0.2,-0.2,0,0.3,0,0.1,0.1,0.1,0.4,-1.7,6667,71979,12656,4556,20537,8217,8125,4356,10472,2723,10754,5296,12830,5760,10240,8939,13279,1318,3914,16780,239397,10574,-446,249525,26.4,26.1,0,-2.5,-21.8,0.9,0.6,-3.3,3.5,-1.5,3.8,-1.1,-4.6,-4.3,-3.1,0.5,5,-1,7.5,-1.4,4.6,-0.6,4,14,53.9,12.4,10.4,15.4,11.9,10.7,10.6,12.6,6.2,7.1,10,10.8,10.2,11,10.7,11.1,9.3,12.5,11.3,8.8,14.1,-1,0.8,0.9,-1,-1.1,-0.4,-0.1,0.2,-0.6,-2.4,-0.2,0.7,0.1,0.1,0.3,-1.4,-0.1,-0.9,1.2,0,0,0.2,0.1
Jun-18,11416,26495,37911,10936,3819,3514,22311,2046,4753,8183,11711,2198,9441,5124,7198,16539,-171,107602,145513,8793,2310,,,,21293,12071,-617,11454,312,4437,37497,48599,856,2154,3010,1462,4234,5695,8705,57305,202817,133322,34778,6644,10631,-39749,496,258120,11416,26495,37911,10936,3819,3514,22311,2046,4753,8183,11711,2198,9441,5124,7198,16539,-171,107602,145513,8793,2310,,,,21293,12071,-617,11454,312,4437,37497,48599,856,2154,3010,1462,4234,5695,8705,57305,202817,133322,34778,6644,10631,-39749,496,258120,862,4959,5821,15219,63665,78884,6896,4729,11625,1339,3760,5099,13202,7685,20887,3884,2417,6302,5000,2771,7771,2783,954,3738,5707,7716,13422,1335,2099,3434,2795,7596,10391,1539,2542,4081,9417,2699,12116,6294,820,7115,5637,1292,6929,6807,841,7648,13233,1654,14886,606,579,1185,2647,999,3646,14495,105202,134272,239474,18151,495,258120,-1.1,-0.1,-0.2,0.7,1.1,-1.5,0.5,5.5,1.6,-0.8,-0.4,3,-7.2,-3.6,-0.9,-0.5,0.1,0.1,-0.3,1.9,0.6,-423,433,-407,46,-271,-134,-204,-62,393,68,-304,-125,-12,184,223,-214,-258,42,362,-149,-813,5921,78249,13524,4636,20363,8272,8076,4375,10103,2751,11536,5150,13399,5794,10357,9189,14175,1354,4094,16721,248041,10575,-495,258120,-6.2,6.3,2.3,-1.9,-0.6,0.1,0.2,-0.3,-3.4,6,3.6,-4.3,2.5,-2.8,-0.1,0.9,7.3,-1,2.8,1.2,2.4,0.2,2.5,-0.2,1.8,0.1,0,0,0,0,0,-0.1,0.1,0.2,-0.1,0.1,-0.1,0,0,0.4,0,0,0.1,0,0.2,2.5,5921,78249,13524,4636,20363,8272,8076,4375,10103,2751,11536,5150,13399,5794,10357,9189,14175,1354,4094,16721,248041,10575,-495,258120,-11.2,8.7,6.9,1.8,-0.8,0.7,-0.6,0.4,-3.5,1,7.3,-2.8,4.4,0.6,1.1,2.8,6.8,2.8,4.6,-0.3,3.6,0,3.4,13,51.7,12.7,10,14.4,11.7,10.4,10.3,11.8,6.2,7.2,9.4,10.6,9.5,10.8,10.5,11.2,9,12.6,10.9,8.5,14,5.9,3.5,-1.1,-0.3,-3,3.8,0.3,-3.3,0.5,5.7,-1.8,-2.6,-0.7,-0.4,-0.1,-0.6,-1.5,-3.4,-1.5,-0.4,0.7,-1.7,0.6
Jun-19,12493,26080,38573,11082,3729,3564,22647,2115,4561,8472,11644,2280,9484,5200,7144,16686,-35,108572,147145,8426,2077,,,,16905,12682,-543,12139,238,4810,34092,44595,808,2304,3112,1459,4057,5516,8629,53224,200369,135283,32259,6563,10376,-39700,759,260640,12635,26652,39288,11302,4018,3582,22099,2209,4592,8317,12039,2184,9499,5318,7358,16993,-36,109474,148762,8315,1846,,,,17273,13086,-560,12525,241,4895,34935,45096,825,2375,3200,1525,4104,5630,8830,53926,202687,164742,34858,6684,11059,-41506,-1128,285563,869,4976,5844,16482,86813,103295,7222,4949,12171,1393,3827,5220,12007,7597,19604,4105,2540,6646,5132,2721,7852,2893,1021,3914,5973,8724,14697,1400,1917,3317,2819,8005,10824,1551,2676,4226,9722,2803,12525,6299,1009,7309,5555,1504,7058,7054,754,7808,13925,1782,15707,628,516,1144,2750,1145,3895,13883,107777,159163,266941,18395,227,285563,,,,,,,,,,,,,,,,,,,,,,,,,,,,,,,,,,,,,,,,,,,5989,84472,12920,4560,16551,8605,8087,4373,10486,2817,11563,5149,13874,5826,10379,9348,14536,1326,4325,16214,251400,10516,-1276,260640,1.2,8,-4.5,-1.6,-18.7,4,0.1,0,3.8,2.4,0.2,0,3.5,0.5,0.2,1.7,2.5,-2.1,5.6,-3,1.4,-0.6,1,0,2.4,-0.2,0,-1.5,0.1,0,0,0.1,0,0,0,0.2,0,0,0.1,0.1,0,0.1,-0.2,0,-0.3,1,5986,103143,14528,4794,17649,8606,8189,4550,11049,2667,11922,5363,13832,6049,10641,9401,14430,1319,4373,16090,274580,10187,796,285563,1.1,31.8,7.4,3.4,-13.3,4,1.4,4,9.4,-3.1,3.3,4.1,3.2,4.4,2.7,2.3,1.8,-2.6,6.8,-3.8,10.7,-3.7,10.6,14.7,55.5,13.2,9.8,12.1,12.1,10.3,10.2,12.3,6.2,7,9.2,10.7,9,10.5,10.3,10.5,8.4,12.6,10.3,8.2,14.7,,,,,,,,,,,,,,,,,,,,,,,
