Date,A2335789F,A2335790R,A2335791T,A2335792V,A2335793W,A2335794X,A2335795A,A2335796C,A2335797F,A2335798J,A2335799K,A2335800J,A2335801K,A2335802L,A2335803R,A2335804T,A2335805V,A2335806W,A2335807X,A2335818F,A2335819J,A2335811R,A2335812T,A2335813V,A2335814W,A2335808A,A2335809C,A2335810L,A2713889W,A2713923R,A2335817C,A2335820T,A2335821V,A2335822W,A2335823X,A2335539R,A2335540X,A2335541A,A2335542C,A2335543F,A2335544J,A2335545K,A2335546L,A2335547R,A2335548T,A2335549V,A2478773K,A2336352J,A2335550C,A2335551F,A2335552J,A2335553K,A2335554L,A2335555R,A2335556T,A2335557V,A2335558W,A2335559X,A2335560J,A2335561K,A2335562L,A2335563R,A2335564T,A2335565V,A2335566W,A2335567X,A2335568A,A2335579J,A2335580T,A2335572T,A2335573V,A2335574W,A2335575X,A2335569C,A2335570L,A2335571R,A2713884K,A2713918W,A2335578F,A2335581V,A2335582W,A2335583X,A2335584A,A2335585C,A2335586F,A2335587J,A2335588K,A2335589L,A2335590W,A2335591X,A2335592A,A2335593C,A2335594F,A2335595J,A2478774L,A2336326C,A2714700X,A2714701A,A2714702C,A2714704J,A2714705K,A2714706L,A2714708T,A2714709V,A2714710C,A2714712J,A2714713K,A2714714L,A2714716T,A2714717V,A2714718W,A2714720J,A2714721K,A2714722L,A2714724T,A2714725V,A2714726W,A2714728A,A2714729C,A2714730L,A2714732T,A2714733V,A2714734W,A2714736A,A2714737C,A2714738F,A2714740T,A2714741V,A2714742W,A2714744A,A2714745C,A2714746F,A2714748K,A2714749L,A2714750W,A2714752A,A2714753C,A2714754F,A2714756K,A2714757L,A2714758R,A2714760A,A2714761C,A2714762F,A2714764K,A2714765L,A2714766R,A2714768V,A2714769W,A2714770F,A2714772K,A2714773L,A2714774R,A2334907R,A2335521T,A2334909V,A2335524X,A2335525A,A2335526C,A83748449R,A2334445J,A2334446K,A2334447L,A2334453J,A2334454K,A2334449T,A2334448R,A2713872A,A2713906L,A2334452F,A2334455L,A2334456R,A2334457T,A2334458V,A2334459W,A2334460F,A2334461J,A2334462K,A2334463L,A2334168W,A2334169X,A2715358W,A2715359X,A2715360J,A2715361K,A2715362L,A2715363R,A2715364T,A2715365V,A2715366W,A2715367X,A2715368A,A2715369C,A2715370L,A2715371R,A2715372T,A2715373V,A2715374W,A2715375X,A2715376A,A2334008K,A2334010W,A2715132F,A2715133J,A2715134K,A2715135L,A2715136R,A2715137T,A2715138V,A2715139W,A2715140F,A2715141J,A2715142K,A2715143L,A2715144R,A2715145T,A2715146V,A2715147W,A2715148X,A2715149A,A2715150K,A2529259C,A2477908R,A2477909T,A2477910A,A2477911C,A2715027C,A2715028F,A2715029J,A2715030T,A2715031V,A2715032W,A2715033X,A2715034A,A2715035C,A2715036F,A2715037J,A2714141R,A2714142T,A2714143V,A2714144W,A2714145X,A2714146A,A2714147C,A2714148F,A2529260L,A2477930K,A2477931L,A2477932R,A2715700T,A2715701V,A2715702W,A2715703X,A2715704A,A2715705C,A2715706F,A2715707J,A2715708K,A2715709L,A2715710W,A2715711X,A2715712A,A2715713C,A2715714F,A2715715J,A2715716K,A2715717L,A2715718R,A2529261R,A2477951W,A2477952X,A2477953A,A2714703F,A2714707R,A2714711F,A2714715R,A2714719X,A2714723R,A2714727X,A2714731R,A2714735X,A2714739J,A2714743X,A2714747J,A2714751X,A2714755J,A2714759T,A2714763J,A2714767T,A2714771J,A2714775T,A2529294K,A2478479W,A2478480F,A2478481J,A2478482K,A2714067C,A2714068F,A2714069J,A2714070T,A2714071V,A2714072W,A2714073X,A2714074A,A2714075C,A2714076F,A2714077J,A2714078K,A2714079L,A2714080W,A2714081X,A2714082A,A2714083C,A2714084F,A2714085J,A2529295L,A2478501F,A2478502J,A2478503K,A2715888F,A2715889J,A2715890T,A2715891V,A2715892W,A2715893X,A2715894A,A2715895C,A2715896F,A2715897J,A2715898K,A2715899L,A2715900K,A2715901L,A2715902R,A2715903T,A2715904V,A2715945R,A2715954T,A2529296R,A2478523V,A2478525X,A2714856V,A2714857W,A2714858X,A2714859A,A2714860K,A2714861L,A2714862R,A2714863T,A2714864V,A2714865W,A2714866X,A2714867A,A2714868C,A2714869F,A2714870R,A2714871T,A2714872V,A2714873W,A2714874X,A2529274A,A2528480W,A2528481X,A2528482A
Jun-1990,882,2326,3186,514,394,83,1218,68,132,112,347,15,216,53,596,607,-732,3344,6496,342,179,195,110,12,303,156,-9,146,201,399,1030,1492,104,197,249,51,315,333,573,2100,8534,3953,1252,647,219,-179,-1139,10345,415,935,1350,286,78,78,261,29,107,70,253,24,167,18,266,305,-356,1586,2935,115,38,84,55,2,141,186,-12,174,138,257,710,862,54,91,145,57,192,249,394,1257,4192,1407,663,398,169,-725,9,4449,66,173,239,122,1010,1132,105,90,195,36,80,116,293,121,415,32,22,54,124,73,198,60,39,99,108,97,205,18,59,76,36,95,130,39,182,222,46,20,65,26,10,36,352,82,435,112,21,133,106,25,131,14,16,30,19,30,49,168,1715,2413,4128,355,-34,4449,,,,,,,,,,,,,,,,,,,,,,0,0,0,0,0,0,0,0,0,0,0,0,0,0,0,0,0,0,0,0,0,400,2554,407,244,356,105,277,274,267,25,354,77,133,61,1341,772,363,37,232,960,8533,519,1290,10345,,,,,,,,,,,,,,,,,,,,,,,,,,,,,,,,,,,,,,,,,,,,,,,238,1133,222,240,190,66,183,130,74,29,159,60,30,23,693,192,167,19,81,167,4096,358,-6,4449,,,,,,,,,,,,,,,,,,,,,,,,1.4,6.2,0.4,1.6,0.7,0.3,0.9,1.6,0.4,0.2,0.7,0.5,0.2,0.3,3,1.1,0.9,0.6,1,0.6,1.1,1.1,,,,,,,,,,,,,,,,,,,,,,,
Jun-1991,859,2355,3189,547,388,87,1267,72,138,111,353,17,256,76,599,632,-491,3799,6976,410,202,137,92,20,232,240,-5,235,156,320,1019,1527,91,47,119,53,306,329,459,2004,8858,4575,1378,706,227,-765,-1122,10647,413,996,1409,318,85,87,294,31,117,77,274,27,206,28,283,334,-251,1911,3320,154,31,62,49,3,114,295,-6,288,89,218,710,894,49,23,72,58,196,254,326,1221,4540,1916,777,457,185,-926,-48,4977,57,219,277,132,1328,1460,96,74,170,34,93,127,313,145,458,32,25,58,109,78,187,72,41,114,118,110,228,18,71,89,30,76,107,47,194,241,55,22,77,30,12,42,343,90,433,118,23,141,101,22,123,14,21,35,18,32,50,188,1738,2866,4603,444,-70,4977,0.0,0.0,0.0,0.0,0.0,0.0,0.0,0.0,0.0,0.0,0.0,0.0,0.0,0.0,0.0,0.0,0.0,0.0,0.0,0.0,0.0,0,0,0,0,0,0,0,0,0,0,0,0,0,0,0,0,0,0,0,0,0,484,2594,409,252,356,100,290,298,278,27,383,76,141,68,1355,788,386,38,231,993,8833,552,1253,10647,21.2,1.6,0.5,3.2,0.0,-4.5,4.6,8.8,4.2,6.3,8.1,-1.0,6.7,11.6,1.1,2.0,6.5,2.6,-0.4,3.4,3.5,6.4,2.9,0.8,0.4,0,0.1,0,0,0.1,0.2,0.1,0,0.3,0,0.1,0.1,0.1,0.1,0.2,0,0,0.3,0.3,-0.4,2.9,275,1395,197,261,209,71,175,152,83,34,131,65,35,27,692,204,158,22,80,187,4452,453,72,4977,15.4,23.2,-11.3,8.8,9.9,7.8,-4.5,16.8,11.6,15.6,-17.8,7.8,18.4,18.3,-0.2,6.3,-5.3,18.8,-1.1,11.9,8.7,26.4,11.9,2.1,7,0.4,1.7,0.8,0.3,0.9,1.7,0.4,0.2,0.6,0.5,0.2,0.3,2.8,1.1,0.8,0.7,1,0.6,1.4,1.2,0,0,0,0,0,0,0,0,0,0,0,0,0,0,0,0,0,0,0,0,0,0,0
Jun-1992,875,2490,3335,595,387,91,1319,74,142,108,353,19,260,73,621,631,-579,3832,7147,460,258,94,86,18,186,137,-7,129,138,259,724,1223,87,64,129,58,285,318,456,1707,8664,4056,1018,747,198,-935,-1050,10266,423,1085,1508,350,89,92,332,34,122,81,269,31,218,29,303,342,-301,1991,3499,176,35,44,48,3,95,170,-10,160,81,175,511,722,47,32,79,68,188,256,335,1057,4556,1572,574,490,161,-1096,-49,4739,60,160,220,123,1155,1278,125,76,201,31,129,160,285,117,402,36,24,60,130,79,209,94,38,132,144,107,251,19,82,101,32,80,112,53,157,210,64,20,84,35,10,45,317,87,404,127,26,153,104,25,129,17,23,40,23,32,55,220,1820,2647,4467,265,7,4739,0.0,0.0,0.0,0.0,0.0,0.0,0.0,0.0,0.0,0.0,0.0,0.0,0.0,0.0,0.0,0.0,0.0,0.0,0.0,0.0,0.0,0,0,0,0,0,0,0,0,0,0,0,0,0,0,0,0,0,0,0,0,0,327,2594,364,264,313,101,299,290,258,29,412,74,149,73,1388,813,394,36,231,1024,8669,531,1064,10266,-32.5,0.0,-11.2,4.7,-12.2,0.3,2.9,-2.8,-7.1,8.6,7.7,-2.2,5.2,7.2,2.4,3.2,2.1,-3.6,-0.1,3.2,-1.9,-3.8,-3.6,-1.5,0,-0.4,0.1,-0.4,0,0.1,-0.1,-0.2,0,0.3,0,0.1,0,0.3,0.2,0.1,0,0,0.3,-0.2,-1.8,-3.6,218,1281,236,303,185,74,196,190,91,38,136,54,38,28,645,220,163,24,90,228,4436,260,44,4739,-20.7,-8.2,19.5,16,-11.4,4.3,12.2,24.9,9.7,13.2,3.7,-17.2,8.1,2.6,-6.8,7.4,3.3,9,12.8,21.6,-0.4,-42.7,-4.8,1.7,6.5,0.4,1.9,0.7,0.4,1,2,0.4,0.2,0.6,0.5,0.2,0.3,2.5,1.1,0.7,0.7,1,0.7,0.8,1.1,0,0,0,0,0,0,0,0,0,0,0,0,0,0,0,0,0,0,0,0,0,0,0
Jun-1993,1010,2551,3537,633,382,89,1375,77,159,97,370,22,265,87,614,657,-539,4025,7538,515,285,109,106,120,252,119,-7,111,141,294,776,1327,72,81,130,58,256,295,432,1778,9111,3316,615,707,147,-1098,-997,10278,493,1134,1627,383,96,91,364,36,138,72,285,37,227,36,314,360,-283,2157,3784,204,36,53,59,19,130,154,-10,144,84,203,562,802,40,41,81,72,171,244,325,1127,4910,1381,366,466,124,-1362,0,4905,53,195,248,161,1104,1265,113,78,191,32,100,132,252,148,400,30,25,56,122,106,228,103,42,145,138,104,241,25,81,106,34,133,167,45,151,196,53,21,74,31,10,41,348,101,449,131,26,157,101,28,129,22,27,49,24,37,61,243,1819,2758,4577,313,15,4905,0.0,0.0,0.0,0.0,0.0,0.0,0.0,0.0,0.0,0.0,0.0,0.0,0.0,0.0,0.0,0.0,0.0,0.0,0.0,0.0,0.0,0,0,0,0,0,0,0,0,0,0,0,0,0,0,0,0,0,0,0,0,0,341,2259,387,263,321,111,321,308,261,33,410,77,134,69,1477,883,402,36,239,1066,8619,544,1114,10278,4.3,-12.9,6.3,-0.2,2.5,10.0,7.5,6.1,1.3,14.0,-0.7,3.5,-10.1,-5.2,6.5,8.6,1.9,-1.0,3.2,4.1,-0.6,2.4,0.1,0.1,-3.3,0.2,0,0.1,0.1,0.2,0.2,0,0,0,0,-0.1,0,0.9,0.7,0.1,0,0.1,0.4,0.1,0.5,0.1,247,1273,227,260,186,71,209,214,90,41,187,51,35,26,753,240,167,29,100,258,4664,273,-32,4905,13.1,-0.6,-3.5,-14.1,0.5,-4,6.4,12.4,-1.2,7.7,38,-4.7,-8.4,-5.2,16.8,9.4,2.1,19,11.7,13.5,5.1,5.3,3.5,1.7,6.2,0.4,1.6,0.7,0.3,1,2.2,0.4,0.2,0.7,0.4,0.2,0.3,2.8,1.1,0.7,0.8,1,0.7,0.8,1.1,0,0,0,0,0,0,0,0,0,0,0,0,0,0,0,0,0,0,0,0,0,0,0
Jun-1994,1097,2575,3653,610,359,98,1437,84,166,110,372,27,265,82,614,646,-380,4228,7861,566,285,167,229,75,423,185,-13,170,143,349,1060,1700,56,77,112,59,252,293,414,2113,9806,2983,650,830,159,-1628,-1051,10131,552,1159,1712,380,101,97,396,40,148,83,294,44,231,35,324,361,-203,2330,4041,233,50,82,126,12,220,249,-20,229,88,238,776,1058,34,41,75,73,176,248,323,1381,5423,1164,363,550,135,-1766,14,4888,57,211,269,162,701,863,124,103,227,31,103,134,276,276,552,33,39,72,142,93,236,101,56,158,148,82,230,28,95,123,33,133,166,47,118,165,57,19,75,33,7,41,388,112,500,142,27,169,124,37,161,25,30,55,25,36,62,266,1978,2546,4523,386,-22,4888,0.0,0.0,0.0,0.0,0.0,0.0,0.0,0.0,0.0,0.0,0.0,0.0,0.0,0.0,0.0,0.0,0.0,0.0,0.0,0.0,0.0,0,0,0,0,0,0,0,0,0,0,0,0,0,0,0,0,0,0,0,0,0,382,1688,397,270,455,117,328,362,269,36,415,74,131,64,1528,888,422,38,241,1115,8431,577,1123,10131,12.1,-25.3,2.6,2.5,42.0,5.2,2.0,17.6,2.9,10.0,1.4,-3.7,-2.3,-6.8,3.4,0.6,5.0,5.6,1.0,4.6,-2.2,6.2,-1.4,0.4,-5.6,0.1,0.1,1.3,0.1,0.1,0.5,0.1,0,0.1,0,0,0,0.5,0.1,0.2,0,0,0.5,0.3,0.1,-1.4,268,864,267,269,269,89,227,225,86,48,204,42,36,26,809,249,209,33,104,288,4609,315,-36,4888,8.6,-32.2,17.4,3.2,44.8,25.2,8.8,5.3,-4.4,16.3,9.1,-18.8,3.4,-2.2,7.5,3.6,25.3,14.5,3.1,11.3,-1.2,15.1,-0.4,1.7,4.3,0.4,1.7,1,0.4,1,2,0.4,0.3,0.6,0.4,0.2,0.3,3,1.1,0.9,0.9,1.1,0.8,0.8,1,0,0,0,0,0,0,0,0,0,0,0,0,0,0,0,0,0,0,0,0,0,0,0
Jun-1995,1145,2713,3838,648,352,103,1510,89,185,117,412,30,311,73,647,681,-400,4539,8362,638,261,161,224,27,397,129,-11,117,157,410,1011,1684,75,144,182,61,332,362,549,2258,10444,2980,745,908,188,-1416,-1352,10631,581,1284,1865,410,105,104,432,42,165,92,329,50,274,32,351,391,-221,2556,4421,280,55,82,125,4,212,168,-15,153,96,278,739,1074,46,77,124,73,232,305,429,1502,5923,1129,422,608,158,-1778,-38,5264,85,213,298,181,655,836,133,88,220,32,109,141,321,320,641,38,36,74,151,112,264,116,51,167,169,114,283,33,95,128,37,101,138,60,138,197,75,15,90,41,7,48,423,114,537,153,27,180,144,39,183,33,30,63,30,35,65,290,2255,2589,4844,459,-38,5264,0.0,0.0,0.0,0.0,0.0,0.0,0.0,0.0,0.0,0.0,0.0,0.0,0.0,0.0,0.0,0.0,0.0,0.0,0.0,0.0,0.0,0,0,0,0,0,0,0,0,0,0,0,0,0,0,0,0,0,0,0,0,0,484,1518,388,282,506,137,363,408,271,39,385,77,145,68,1610,907,444,42,254,1172,8741,629,1262,10631,26.7,-10.1,-2.2,4.3,11.1,17.9,10.9,12.9,0.6,7.6,-7.4,3.9,10.7,6.3,5.4,2.2,5.2,9.6,5.3,5.0,3.7,9.0,4.9,1.0,-1.7,-0.1,0.1,0.5,0.2,0.4,0.5,0,0,-0.3,0,0.1,0,0.8,0.2,0.2,0,0.1,0.6,0.5,1.4,4.9,300,825,267,264,313,94,254,246,107,50,170,49,42,28,877,267,240,36,112,317,4857,369,38,5264,11.9,-4.5,-0.1,-1.9,16.2,5.4,11.8,9.5,24.6,5.3,-16.5,16.6,16.1,10.2,8.4,7.4,14.8,10.3,8.2,10.2,5.4,17.4,7.7,2,3.9,0.4,1.8,1.1,0.4,1,2,0.4,0.3,0.5,0.5,0.2,0.3,3,1.2,1,0.9,1.1,0.8,0.9,1.1,0,0,0,0,0,0,0,0,0,0,0,0,0,0,0,0,0,0,0,0,0,0,0
Jun-1996,1374,2862,4222,688,349,125,1587,93,194,137,434,35,354,80,711,721,-597,4735,8924,742,258,388,186,16,572,352,-7,344,117,441,1542,2363,76,58,115,58,340,364,492,2843,11654,3183,748,897,205,-2129,-1258,11395,725,1393,2118,445,116,126,476,44,173,97,346,59,316,38,399,428,-344,2719,4837,335,61,209,107,3,318,455,-9,445,49,305,1116,1512,50,31,81,68,236,304,385,1897,6734,1283,467,616,175,-2259,-4,5727,91,237,328,201,752,953,135,106,241,37,83,120,338,315,653,41,44,85,166,125,290,121,57,178,166,101,267,34,96,131,42,103,145,62,139,200,78,14,92,41,7,48,458,133,591,167,32,198,170,42,212,41,31,71,32,39,71,323,2421,2778,5199,532,-4,5727,0.0,0.0,0.0,0.0,0.0,0.0,0.0,0.0,0.0,0.0,0.0,0.0,0.0,0.0,0.0,0.0,0.0,0.0,0.0,0.0,0.0,0,0,0,0,0,0,0,0,0,0,0,0,0,0,0,0,0,0,0,0,0,572,1877,434,295,497,151,396,406,264,45,380,80,146,70,1745,945,476,45,264,1218,9544,653,1201,11395,18.1,23.6,12.0,4.9,-1.9,10.2,8.9,-0.5,-2.5,14.8,-1.1,3.3,1.3,2.1,8.4,4.1,7.2,7.8,4.2,3.9,9.2,3.7,7.2,0.8,3.4,0.4,0.1,-0.1,0.1,0.3,0,-0.1,0.1,0,0,0,0,1.3,0.4,0.3,0,0.1,0.4,0.2,-0.6,7.2,331,946,290,236,320,107,281,263,102,52,187,49,43,29,974,295,281,41,124,348,5299,423,4,5727,10.7,14.7,8.9,-10.4,2.4,14.2,10.7,6.7,-4.8,3.5,9.5,1.7,3.4,3.5,11,10.4,17,13.4,10.7,9.7,9.1,14.6,8.8,1.9,3.9,0.4,1.6,1,0.4,1.1,2,0.4,0.3,0.5,0.4,0.2,0.3,3.2,1.3,1,0.9,1.2,0.9,1,1.1,0,0,0,0,0,0,0,0,0,0,0,0,0,0,0,0,0,0,0,0,0,0,0
Jun-1997,1262,2969,4207,629,355,101,1660,102,179,147,443,39,344,94,688,762,-558,4745,8921,696,258,403,144,21,544,283,-6,276,89,340,1286,2040,74,59,114,66,408,431,564,2617,11390,3604,864,889,213,-1838,-1302,11667,680,1492,2172,418,121,101,526,49,163,105,351,65,309,44,399,454,-326,2779,4952,329,78,225,82,4,311,346,-8,338,34,236,919,1325,50,32,81,74,269,343,424,1750,6702,1388,508,619,177,-2017,-55,5952,93,247,340,228,769,997,139,103,242,32,67,99,316,334,649,51,43,94,183,111,294,132,49,181,221,73,294,39,100,139,50,134,184,63,129,192,78,19,97,43,8,51,519,136,655,183,34,217,188,42,229,46,31,77,36,39,74,393,2638,2861,5499,508,-55,5952,0.0,0.0,0.0,0.0,0.0,0.0,0.0,0.0,0.0,0.0,0.0,0.0,0.0,0.0,0.0,0.0,0.0,0.0,0.0,0.0,0.0,0,0,0,0,0,0,0,0,0,0,0,0,0,0,0,0,0,0,0,0,0,586,1789,427,321,467,154,377,436,299,49,364,82,145,80,1904,985,487,45,284,1293,9764,665,1241,11667,2.5,-4.7,-1.6,8.7,-6.0,1.9,-4.9,7.4,13.6,8.7,-4.2,3.6,-1.1,14.2,9.1,4.3,2.5,-0.8,7.3,6.2,2.3,1.9,2.4,0.1,-0.8,-0.1,0.2,-0.3,0,-0.2,0.3,0.3,0,-0.1,0,0,0.1,1.4,0.4,0.1,0,0.2,0.7,0.1,0.4,2.4,342,822,289,188,321,115,281,282,145,56,229,46,46,32,1094,326,301,43,132,401,5490,407,55,5952,3.1,-13.1,-0.6,-20.6,0.2,6.8,-0.1,7.4,42.3,7.8,22.9,-6.3,6.8,7.6,12.3,10.6,7.3,5.1,6.5,15.4,3.6,-4,3.9,1.9,3.4,0.4,1.3,1,0.4,1,2.1,0.5,0.3,0.6,0.4,0.2,0.3,3.2,1.3,1.1,0.9,1.2,0.9,0.9,1.1,0,0,0,0,0,0,0,0,0,0,0,0,0,0,0,0,0,0,0,0,0,0,0
Jun-1998,1534,3118,4636,570,370,92,1732,108,192,160,503,43,392,100,773,808,-282,5325,9932,798,288,310,579,12,888,223,7,230,72,493,1622,2498,59,59,100,48,524,503,626,3132,12929,3605,1297,864,249,-1865,-1386,12601,827,1620,2448,388,128,92,566,51,174,110,393,70,358,48,443,500,-164,3158,5605,381,99,176,337,2,516,280,9,288,34,349,1187,1667,40,32,72,55,330,385,458,2125,7730,1468,780,608,217,-2235,-97,6476,92,270,362,237,732,969,141,128,269,31,63,95,340,525,865,51,39,89,189,116,305,142,57,199,214,117,331,40,130,170,57,167,224,70,136,206,82,13,95,47,10,58,601,147,748,198,34,232,184,42,225,48,42,90,37,38,75,408,2800,3213,6013,560,-97,6476,0.0,0.0,0.0,0.0,0.0,0.0,0.0,0.0,0.0,0.0,0.0,0.0,0.0,0.0,0.0,0.0,0.0,0.0,0.0,0.0,0.0,0,0,0,0,0,0,0,0,0,0,0,0,0,0,0,0,0,0,0,0,0,635,2006,387,336,673,162,385,438,292,57,384,79,133,100,2104,1008,514,45,286,1342,10551,729,1324,12601,8.4,12.1,-9.4,4.6,44.2,5.1,2.3,0.5,-2.4,18.1,5.3,-4.3,-8.5,25.2,10.5,2.3,5.5,0.8,0.8,3.8,8.1,9.6,8.0,0.4,1.9,-0.3,0.1,1.8,0.1,0.1,0,-0.1,0.1,0.2,0,-0.1,0.2,1.7,0.2,0.2,0,0,0.4,0.5,0.7,8,363,781,324,180,432,112,288,302,144,68,249,49,46,37,1264,356,311,51,135,432,5923,456,97,6476,6.1,-4.9,12.3,-4.2,34.5,-2.6,2.6,7.2,-0.2,21.6,8.6,4.9,-1.4,16.4,15.5,9,3.3,19.7,2.5,7.7,7.9,12.1,8.8,2,3,0.4,1.1,1.2,0.4,1,2.1,0.5,0.3,0.6,0.3,0.2,0.3,3.6,1.3,1.1,0.9,1.2,0.9,1,1.1,0,0,0,0,0,0,0,0,0,0,0,0,0,0,0,0,0,0,0,0,0,0.1,0
Jun-1999,1808,3203,5000,570,389,93,1793,114,199,194,518,51,411,121,879,897,-258,5736,10705,1152,296,310,2061,-15,2365,325,-7,317,124,397,2885,4141,67,-56,21,80,356,411,451,4559,15277,3792,1027,786,256,-3159,-1339,14075,1014,1682,2696,401,137,92,612,57,181,122,393,78,377,60,506,553,-152,3417,6114,552,95,173,1207,-3,1377,428,-9,419,63,282,2142,2789,45,-32,12,88,227,314,326,3115,9229,1551,640,559,231,-3182,-9,7277,99,314,413,238,615,852,135,106,241,33,57,90,588,950,1538,45,39,85,201,128,329,155,74,229,201,109,309,40,141,181,50,183,233,80,120,200,92,13,106,54,10,64,614,163,777,206,39,245,189,53,242,43,41,84,36,41,78,454,3099,3651,6750,536,-9,7277,0.0,0.0,0.0,0.0,0.0,0.0,0.0,0.0,0.0,0.0,0.0,0.0,0.0,0.0,0.0,0.0,0.0,0.0,0.0,0.0,0.0,0,0,0,0,0,0,0,0,0,0,0,0,0,0,0,0,0,0,0,0,0,640,1764,414,371,1432,170,416,511,282,62,390,86,141,119,2495,1042,525,47,322,1381,12010,771,1305,14075,0.9,-12.1,6.8,10.4,112.8,4.8,8.1,16.7,-3.6,8.1,1.5,8.7,6.5,18.8,18.5,3.4,2.1,4.7,12.4,3.0,13.8,5.7,11.7,0.0,-1.9,0.2,0.3,6,0.1,0.2,0.6,-0.1,0,0,0.1,0.1,0.1,3.1,0.3,0.1,0,0.3,0.3,0.3,-0.2,11.7,412,783,312,188,918,114,309,330,132,73,244,42,55,43,1480,409,332,48,147,463,6833,434,9,7277,13.7,0.2,-3.6,4.4,112.6,1.9,7.3,9,-8.7,6.4,-1.9,-13.6,20.8,17.5,17.1,14.9,6.7,-6.5,8.3,7.2,15.4,-4.7,12.4,2.2,3.1,0.4,1.2,2.5,0.4,1,2.1,0.4,0.3,0.5,0.3,0.2,0.3,4,1.4,1.1,0.8,1.2,1,0.9,1.2,0,0,0,0,0,0,0,0,0,0,0,0,0,0,-0.1,0,0,0,0,0,0,0,0
Jun-2000,2111,3367,5475,642,383,101,1869,120,222,199,490,60,465,132,834,972,-292,5999,11427,845,268,261,879,-56,1117,367,2,368,112,334,1928,2853,75,119,199,101,352,439,627,3477,14737,5243,1923,946,270,-3892,-955,13885,1228,1879,3107,451,140,99,654,61,205,134,374,85,423,66,491,615,-177,3621,6728,415,68,142,526,-10,657,466,2,468,66,244,1435,1919,49,70,120,105,208,313,432,2351,9079,2908,1290,684,243,-3214,-40,7884,130,303,433,251,1085,1336,170,157,327,36,51,87,392,712,1104,55,47,102,200,119,318,150,75,225,234,139,373,47,148,195,24,191,215,87,136,223,119,19,138,74,9,84,765,163,928,239,41,280,254,54,308,48,37,85,44,43,88,454,3320,3984,7304,620,-40,7884,-0.1,0.0,0.0,0.0,0.0,0.0,0.0,0.0,0.0,0.0,0.0,0.0,0.0,0.0,0.0,0.0,0.0,0.0,0.0,0.0,0.1,0,0,0,0,0,0,0,0,0,0,0,0,0,0,0,0,0,0,0,0,0,601,2046,398,360,821,204,417,545,304,66,435,88,149,125,2922,1057,544,52,311,1438,12144,767,984,13885,-6.1,16.0,-3.8,-2.9,-42.7,19.7,0.2,6.5,8.0,6.0,11.8,2.0,5.4,5.6,17.1,1.5,3.7,10.0,-3.3,4.1,1.1,-0.4,-1.3,-0.3,2,-0.1,-0.1,-4.3,0.2,0,0.2,0.2,0,0.3,0,0.1,0,3,0.1,0.1,0,-0.1,0.4,0,-2.3,-1.3,438,1196,385,177,525,127,313,314,151,76,278,51,66,50,1679,468,357,46,160,497,7354,490,40,7884,6.3,52.7,23.2,-5.7,-42.8,11.4,1.3,-4.8,14.6,4.8,13.8,20.5,19.7,16.7,13.5,14.5,7.5,-4.8,9,7.4,7.6,12.8,8.3,2.1,4.3,0.5,1.1,1.3,0.4,1,1.8,0.5,0.3,0.5,0.3,0.2,0.3,4.5,1.6,1,0.7,1.2,1,0.9,1.2,0,0,0,0,0,0,0,0,0,0,0,0,0,0,0,0,0,0,0,0,0,0,0.1
Jun-2001,2112,3332,5442,655,382,118,1932,118,217,221,506,66,478,126,848,979,-257,6198,11600,499,209,220,666,-55,862,494,2,495,190,290,1963,2618,40,173,214,112,625,680,890,3510,14939,7251,1025,1077,301,-6457,-1123,14361,1290,1864,3154,469,154,123,682,65,203,150,398,100,454,67,539,647,-164,3885,7039,256,56,121,420,-11,530,637,3,640,121,220,1511,1824,26,99,125,112,376,488,613,2437,9476,4828,872,789,298,-5051,-40,8832,155,375,530,290,1713,2003,169,192,361,42,49,91,293,652,944,64,38,102,207,121,327,161,76,237,276,172,448,55,157,212,31,176,207,93,129,222,152,23,175,94,12,105,806,165,971,283,43,326,305,54,359,57,45,101,51,43,94,459,3584,4693,8277,596,-40,8832,0.0,0.0,0.0,0.0,0.0,0.0,0.0,0.0,0.0,0.0,0.0,0.0,0.0,0.0,0.0,0.0,0.0,0.0,0.0,0.0,0.0,0,0,0,0,0,0,0,0,0,0,0,0,0,0,0,0,0,0,0,0,0,795,2477,357,355,611,172,421,524,315,69,442,76,146,136,2869,1039,585,61,310,1493,12493,744,1136,14361,32.2,21.1,-10.2,-1.4,-25.6,-15.7,0.9,-3.8,3.5,4.7,1.4,-13.7,-1.8,8.5,-1.8,-1.7,7.5,17.9,-0.3,3.8,2.9,-3.1,3.4,1.4,3.1,-0.3,0,-1.5,-0.2,0,-0.2,0.1,0,0,-0.1,0,0.1,-0.4,-0.1,0.3,0.1,0,0.4,-0.2,1.1,3.4,536,2005,411,190,411,123,316,337,180,81,295,48,78,60,1703,420,391,55,166,503,8309,482,40,8832,22.3,67.6,6.9,7.1,-21.6,-3.2,1,7.2,19.1,6.7,6.1,-5,18.4,19.2,1.4,-10.1,9.7,20.7,3.6,1.3,13,-1.5,12,2.2,5.7,0.5,1.1,1.1,0.4,0.9,1.9,0.6,0.3,0.5,0.3,0.2,0.3,4.3,1.3,1.1,0.8,1.2,0.9,0.8,1.3,0,0,0,0,0,0,0,0,0,0,0,0,0,0,0,0,0,0,0,0,0,0,0
Jun-2002,2074,3375,5444,673,366,119,1980,121,233,249,493,68,519,129,808,1002,-91,6496,11909,513,243,348,1553,59,1922,540,-18,522,203,416,2988,3775,45,110,157,105,841,852,1020,4800,16645,5568,1257,976,258,-5054,-1243,15378,1297,1909,3206,494,153,124,729,67,221,168,385,103,498,69,530,688,-60,4169,7375,264,67,193,1007,11,1211,698,-23,675,142,320,2348,2680,31,68,99,105,514,618,717,3397,10772,3247,1015,732,264,-4253,-120,9099,146,297,443,301,1473,1774,220,157,377,47,55,102,348,904,1252,42,45,87,214,134,349,156,70,226,303,184,487,58,154,212,35,128,163,104,114,218,190,38,228,117,12,128,904,171,1075,307,49,356,356,61,417,64,48,112,56,49,105,490,3969,4633,8602,617,-120,9099,0.0,0.0,0.0,0.0,0.0,0.0,0.0,0.0,0.0,0.0,0.0,0.0,0.0,0.0,0.0,0.0,0.0,0.0,0.0,0.0,0.0,0,0,0,0,0,0,0,0,0,0,0,0,0,0,0,0,0,0,0,0,0,745,2599,502,367,1140,159,440,503,310,68,388,89,167,150,2800,1024,639,72,304,1502,13354,786,1251,15378,-6.2,4.9,40.7,3.6,86.5,-7.6,4.6,-3.9,-1.7,-1.1,-12.2,17.8,14.4,10.7,-2.4,-1.5,9.3,17.2,-1.8,0.6,6.9,5.7,7.1,-0.3,0.8,1,0.1,3.7,-0.1,0.1,-0.1,0,0,-0.4,0.1,0.1,0.1,-0.5,-0.1,0.4,0.1,0,0.1,0.3,0.8,7.1,500,1784,422,196,726,128,339,322,190,81,253,47,99,71,1700,424,433,61,185,537,8498,481,120,9099,-6.7,-11,2.7,3.2,76.3,4.3,7.2,-4.3,5.7,-0.6,-14.3,-1.8,27.3,18,-0.2,0.9,10.6,10.9,11.8,6.7,2.3,-0.2,3,1.7,4.9,0.5,1,1.7,0.4,0.9,1.8,0.6,0.3,0.4,0.3,0.3,0.4,3.9,1.3,1.1,0.8,1.2,0.9,0.8,1.2,0,0,0,0,0,0,0,0,0,0,0,0,0,0,0,0,0,0,0,0,0,0,0
Jun-2003,2120,3437,5551,695,358,121,2021,137,233,254,528,70,584,126,860,1034,-169,6718,12241,554,250,303,2178,86,2534,598,-15,583,118,281,3371,4231,41,111,154,134,457,569,725,4964,17143,5031,1724,768,227,-4361,-1160,15471,1367,2004,3371,523,158,127,803,76,221,179,420,110,565,71,587,727,-113,4453,7824,298,77,172,1471,17,1661,744,-17,726,77,218,2682,3057,28,68,96,126,283,409,505,3562,11386,2941,1317,593,231,-3808,-17,9548,112,242,354,327,1445,1772,190,208,398,41,85,126,438,995,1432,48,53,102,227,133,360,145,75,220,279,150,429,52,141,194,47,185,232,138,155,293,157,60,217,142,10,153,853,202,1055,309,56,365,369,62,431,69,57,126,41,57,98,537,3985,4908,8894,671,-17,9548,0.0,0.0,0.0,0.0,0.0,0.0,0.0,0.0,0.0,0.0,0.0,0.0,0.0,0.0,0.0,0.0,0.0,0.0,0.0,0.0,0.0,0,0,0,0,0,0,0,0,0,0,0,0,0,0,0,0,0,0,0,0,0,652,2225,553,353,1432,160,447,489,301,62,451,162,257,174,2927,962,683,83,277,1504,13516,788,1180,15471,-12.5,-14.4,10.0,-3.9,25.7,0.8,1.4,-2.9,-2.9,-9.1,16.3,81.5,53.9,15.6,4.5,-6.0,6.8,15.6,-9.1,0.1,1.2,0.3,0.6,-0.6,-2.4,0.3,-0.1,1.9,0,0,-0.1,-0.1,0,0.4,0.5,0.6,0.2,0.8,-0.4,0.3,0.1,-0.2,0,0,-0.5,0.6,359,1767,468,201,888,138,347,320,190,73,297,92,161,91,1883,423,472,73,173,580,8997,535,17,9548,-28.1,-1,10.8,2.9,22.5,7.7,2.3,-0.7,0,-9.9,17.5,94.8,62.3,28.7,10.7,-0.2,9,18.3,-6.4,8,5.9,11.1,4.9,1.6,4.8,0.5,1,1.8,0.3,0.9,1.7,0.5,0.3,0.5,0.5,0.4,0.4,4.2,1.2,1.1,0.9,1.1,1,0.8,1.2,0,0,0,0,0,0,0,0,0,0,0,0,0,0,0,0,0,0,0,0,0,0,0
Jun-2004,2155,3489,5639,714,350,121,2079,143,252,236,554,70,597,131,829,1096,-3,7035,12654,634,317,346,2356,7,2731,648,-23,625,221,251,3655,4631,42,156,199,236,320,584,781,5422,18035,4026,1535,662,256,-4148,-1214,15570,1427,2092,3518,556,159,128,913,79,237,177,436,112,560,73,586,779,-2,4796,8315,354,116,202,1641,1,1844,738,-24,714,159,195,2912,3381,29,97,126,211,201,413,538,3920,12234,2202,1075,518,236,-3602,-65,9977,124,225,350,321,1075,1396,166,276,442,50,74,124,531,1282,1813,51,57,107,233,145,378,174,86,260,280,153,433,48,181,229,44,167,211,141,187,328,179,139,318,173,11,184,907,215,1122,312,61,373,386,68,454,71,71,142,38,66,104,619,4229,5159,9388,653,-65,9977,0.0,0.0,0.0,0.0,0.0,0.0,0.0,0.0,0.0,0.0,0.0,0.0,0.0,0.0,0.0,0.0,0.0,0.0,0.0,0.0,0.0,0,0,0,0,0,0,0,0,0,0,0,0,0,0,0,0,0,0,0,0,0,598,1871,598,293,1552,155,461,497,294,64,450,196,313,178,3114,995,700,95,285,1534,13530,825,1228,15570,-8.2,-15.9,8.2,-16.8,8.4,-2.8,3.2,1.6,-2.3,2.9,-0.2,21.4,21.6,2.6,6.4,3.4,2.5,15.1,3.0,2.0,0.1,4.7,0.6,-0.3,-2.3,0.3,-0.4,0.8,0,0.1,0.1,0,0,0,0.2,0.4,0,1.2,0.2,0.1,0.1,0.1,0.2,0.2,0.3,0.6,355,1463,561,171,1016,137,363,339,204,76,295,109,204,106,2117,423,503,85,189,659,9374,537,65,9977,-1.3,-17.2,19.9,-15.3,14.4,-1,4.8,6,7.3,4.6,-0.7,18.6,26.6,15.8,12.5,0,6.5,17,8.9,13.6,4.2,0.5,4.5,1.3,4.3,0.6,0.8,1.8,0.3,0.9,1.6,0.5,0.2,0.5,0.5,0.4,0.4,4.4,1.1,1.1,1,1,1,0.7,1.2,0,0,0,0,0.1,0,0,0,0,0,0,0,0,0,0,0,0,0,0,0,0,0,0
Jun-2005,2202,3600,5795,760,375,128,2158,141,260,243,615,75,630,135,923,1195,-293,7208,12982,725,336,245,2438,11,2729,587,-18,569,188,363,3652,4707,50,311,360,209,381,604,950,5660,18605,4998,2107,701,337,-4901,-1172,15787,1526,2260,3786,597,174,132,1084,79,246,190,486,122,589,80,670,856,-218,5087,8874,442,132,160,1760,2,1922,655,-19,636,152,283,2992,3566,35,208,243,188,248,436,679,4246,13119,3295,1597,563,313,-4053,-92,10922,136,236,372,374,1160,1534,208,274,482,63,76,139,570,1302,1872,103,56,158,261,144,405,210,96,305,310,156,467,53,184,237,43,185,228,151,293,443,205,131,335,240,18,258,897,212,1109,344,59,403,422,72,494,89,60,149,43,66,109,795,4722,5574,10296,717,-92,10922,0.0,0.0,0.0,0.0,0.0,0.0,0.0,0.0,0.0,0.0,0.0,0.0,0.0,0.0,0.0,0.0,0.0,0.0,0.0,0.0,0.0,0,0,0,0,0,0,0,0,0,0,0,0,0,0,0,0,0,0,0,0,0,606,2046,595,305,1616,157,489,529,329,72,421,270,416,252,2721,1005,726,105,291,1610,13821,781,1194,15787,1.4,9.4,-0.5,3.8,4.2,1.3,6.0,6.5,11.9,12.4,-6.3,37.7,32.9,41.1,-12.6,1.1,3.8,10.3,2.1,5.0,2.2,-5.3,1.4,0.1,1.1,0,0.1,0.4,0,0.2,0.2,0.2,0.1,-0.2,0.5,0.7,0.5,-2.5,0.1,0.2,0.1,0,0.5,-0.3,-0.2,1.4,378,1977,560,191,1114,139,386,369,239,89,284,163,288,157,1836,458,532,93,205,788,10245,584,92,10922,6.8,35.1,-0.2,11.8,9.6,2,6.2,8.7,17.2,16.2,-3.6,49.5,41.1,48.7,-13.3,8.2,5.8,9.4,8.7,19.5,9.3,8.7,9.5,1.4,4.3,0.6,0.8,1.8,0.3,0.9,1.7,0.5,0.3,0.4,0.7,0.6,0.6,3.6,1.1,1.1,1,1.1,1.1,0.8,1.2,0,0,0,0,0,0,0,0,0,0,0,0,0,0,0,0,0,0,0,0,0,0.1,0
Jun-2006,2225,3629,5847,743,373,132,2232,147,269,243,639,82,703,141,925,1301,-129,7689,13527,785,367,303,2423,-20,2758,768,-19,749,215,627,4199,5363,64,288,353,192,434,631,970,6342,19860,5196,2127,679,340,-4566,-1693,17010,1606,2410,4015,610,179,135,1212,82,255,193,530,132,660,87,695,955,-99,5628,9643,522,176,213,1760,-5,1969,849,-19,829,179,518,3495,4193,45,200,245,180,321,501,746,4939,14582,4163,1862,560,322,-3989,-412,12721,167,164,331,478,2417,2894,188,338,526,84,69,153,646,1101,1746,74,53,127,276,149,425,195,119,314,390,209,599,58,195,253,39,191,230,200,283,484,279,133,412,323,17,340,1039,203,1242,361,57,418,501,78,578,87,71,158,52,67,119,907,5437,6820,12257,875,-412,12721,0.0,0.0,0.0,0.0,0.0,0.0,0.0,0.0,0.0,0.0,0.0,0.0,0.0,0.0,0.0,0.0,0.0,0.0,0.0,0.0,0.0,0,0,0,0,0,0,0,0,0,0,0,0,0,0,0,0,0,0,0,0,0,522,2502,617,318,1513,179,491,581,344,83,383,329,490,310,2613,1020,780,110,292,1662,14537,819,1663,17010,-13.9,22.3,3.7,4.3,-6.4,14.0,0.4,9.9,4.5,16.3,-9.1,21.9,17.8,23.2,-4.0,1.5,7.4,5.1,0.5,3.2,5.2,4.9,7.7,-0.5,2.9,0.1,0.1,-0.7,0.1,0,0.3,0.1,0.1,-0.2,0.4,0.5,0.4,-0.7,0.1,0.3,0,0,0.3,0.2,3,7.7,340,2904,599,201,990,160,404,419,264,100,272,202,356,196,1899,492,599,98,212,885,11591,719,412,12721,-10.1,46.9,7,5.2,-11.1,14.6,4.6,13.6,10.2,12.7,-4.2,24.1,23.9,24.7,3.4,7.3,12.6,6,3.2,12.3,13.1,23,16.5,1.3,4.4,0.6,0.8,1.5,0.3,0.9,1.8,0.6,0.3,0.4,0.9,0.6,0.7,3.5,1.1,1.1,1.1,1.1,1.2,0.9,1.3,0,0,0,0,0,0,0,0,0,0,0,0,0,0,-0.1,0,0,0,0,0,0,0,0
Jun-2007,2401,3658,6061,820,396,152,2305,158,300,257,712,87,734,163,1016,1408,-391,8015,14068,751,357,446,2086,10,2566,808,-10,796,169,623,4048,5167,35,181,215,141,470,604,818,5995,20017,6741,3284,745,411,-3265,-1753,18791,1818,2555,4373,720,200,156,1299,91,290,219,618,141,706,102,797,1067,-307,6099,10472,556,185,343,1621,3,1967,877,-10,867,137,538,3509,4250,25,134,159,132,351,483,642,4892,15364,5586,2922,632,391,-2976,-304,14988,161,165,326,642,3638,4280,233,393,625,93,88,181,728,1195,1923,88,59,147,301,195,496,153,123,276,484,186,670,66,216,283,35,197,232,216,283,499,331,131,462,357,37,394,1020,227,1247,363,69,432,523,92,615,122,59,181,47,72,119,976,5962,8402,14364,928,-304,14988,0.0,0.0,0.0,0.0,0.0,0.0,0.0,0.0,0.0,0.0,0.0,0.0,0.0,0.0,0.0,0.0,0.0,0.0,0.0,0.0,0.0,0,0,0,0,0,0,0,0,0,0,0,0,0,0,0,0,0,0,0,0,0,578,3211,741,350,1511,220,545,563,418,101,464,291,496,326,2699,1038,809,155,302,1691,16228,846,1734,18791,10.6,28.3,20.0,10.1,-0.1,22.8,11.0,-3.1,21.7,21.0,21.1,-11.4,1.1,5.0,3.3,1.8,3.8,40.5,3.2,1.7,11.6,3.2,10.5,0.3,4.2,0.7,0.2,0,0.2,0.3,-0.1,0.4,0.1,0.5,-0.2,0,0.1,0.5,0.1,0.2,0.3,0.1,0.2,0.2,0.4,10.5,335,4273,752,227,1079,203,468,411,323,120,336,209,400,229,1979,607,661,131,224,962,13928,756,304,14988,-1.6,47.1,25.6,13.3,9,27.2,15.9,-1.9,22.3,19.7,23.2,3.7,12.4,17,4.2,23.4,10.5,32.6,5.7,8.8,20.2,5.2,17.8,1.4,5.6,0.7,0.9,1.4,0.4,0.9,1.6,0.6,0.3,0.4,0.8,0.6,0.7,3.5,1.3,1.1,1.4,1.1,1.2,0.9,1.4,0,0,0,0,0,0,0,0,0,0,0,0,0,0,0,0,0,0,0,0,0,0,0
Jun-2008,2472,3855,6325,870,391,173,2381,170,357,271,804,91,879,169,1001,1575,-107,8996,15327,768,303,512,1333,20,1872,1440,-32,1406,179,643,4229,5339,16,226,243,205,528,732,974,6319,21583,6225,2842,758,440,-4382,-1739,19162,1959,2798,4757,786,206,177,1410,103,346,233,731,151,850,110,810,1160,-87,6986,11743,615,172,425,1067,5,1497,1493,-31,1462,152,591,3702,4489,12,185,197,195,439,634,831,5320,17063,6237,2940,660,412,-3879,-637,16093,155,188,343,711,3773,4484,297,352,649,73,104,177,803,1648,2450,78,70,149,324,213,537,143,128,271,530,297,827,71,236,307,56,281,337,247,253,500,309,93,401,372,39,410,1187,220,1407,373,73,446,602,93,694,87,82,169,28,100,128,1083,6444,9325,15770,960,-637,16093,0.0,0.0,0.0,0.0,0.0,0.0,0.0,0.0,0.0,0.0,0.0,0.0,0.0,0.0,0.0,0.0,0.0,0.0,0.0,0.0,0.0,0,0,0,0,0,0,0,0,0,0,0,0,0,0,0,0,0,0,0,0,0,714,3130,871,366,1451,263,581,535,478,109,568,253,410,315,2797,1065,841,156,304,1733,16561,891,1726,19162,23.7,-2.5,17.6,4.5,-4.0,19.4,6.6,-5.0,14.2,7.6,22.4,-13.2,-17.4,-3.3,3.6,2.5,3.9,0.8,0.7,2.5,2.1,5.3,2.0,0.7,-0.4,0.7,0.1,-0.3,0.2,0.2,-0.1,0.3,0,0.6,-0.2,-0.5,-0.1,0.5,0.1,0.2,0,0,0.2,0.2,0,2,347,4379,841,237,1072,258,511,415,386,127,423,209,358,229,2089,643,721,137,233,1061,14676,780,637,16093,3.7,2.5,11.8,4.5,-0.6,27.1,9.3,0.9,19.6,6.7,25.9,-0.2,-10.7,0.1,5.6,5.9,9,5.3,4,10.3,5.4,3.2,7.4,1.3,5.2,0.8,0.9,1.3,0.5,0.9,1.5,0.7,0.3,0.5,0.7,0.5,0.6,3.6,1.3,1.1,1.4,1.1,1.2,0.9,1.4,0,0,0,0,0,0,0,0,0,0,0,0,0,0,0,0,0,0,0,0,0,0,0
Jun-2009,2400,4041,6430,925,414,187,2459,173,391,306,755,99,943,183,1073,1558,-212,9238,15675,700,291,458,3002,79,3506,1288,-47,1241,177,632,5512,6602,16,243,260,159,589,742,1000,7606,23291,6777,3568,766,530,-4893,-1406,20437,1988,3102,5090,870,227,194,1582,104,384,260,659,159,920,128,862,1220,-178,7391,12481,596,174,413,2594,23,3029,1362,-48,1313,130,592,5064,5834,13,213,226,160,515,675,901,6735,19216,7704,4414,690,529,-4441,-333,17894,161,194,356,897,4007,4904,337,438,774,81,99,180,922,1882,2803,118,96,215,340,237,577,29,155,184,460,242,703,81,242,323,71,378,449,265,227,491,416,75,491,289,44,333,1299,236,1535,445,77,522,693,95,788,104,69,173,34,97,131,1254,7041,10144,17185,1042,-333,17894,0.0,0.0,0.0,0.0,0.0,0.0,0.0,0.0,0.0,0.0,0.0,0.0,0.0,0.0,0.0,0.0,0.0,0.0,0.0,0.0,0.1,0,0,0,0,0,0,0,0,0,0,0,0,0,0,0,0,0,0,0,0,0,930,3465,934,381,1943,296,586,502,469,109,615,257,432,337,2960,1080,959,167,331,1791,18123,894,1437,20437,30.2,10.7,7.2,4.1,33.9,12.4,0.9,-6.3,-1.8,0.4,8.3,1.7,5.5,7.0,5.8,1.4,14.1,6.6,9.1,3.3,9.4,0.3,6.7,1.1,1.7,0.3,0.1,2.6,0.2,0,-0.2,0,0,0.2,0,0.1,0.1,0.9,0.1,0.6,0.1,0.1,0.3,0,-1.5,6.7,362,5015,981,247,1563,287,542,414,375,133,512,206,390,255,2286,720,827,139,269,1193,16719,843,333,17894,4.3,14.5,16.7,4.1,45.8,11.4,6.1,-0.1,-2.6,4.3,21.1,-1.4,9.1,11.1,9.4,11.9,14.8,1.4,15.7,12.4,13.9,8,11.2,1.3,4.4,0.9,0.9,1.7,0.5,0.9,1.4,0.6,0.3,0.5,0.7,0.5,0.7,3.6,1.3,1.2,1.3,1.2,1.2,1,1.4,0,0,0,0,0,0,0,0,0,0,0,0,0,0,0.1,0,0,0,0,0,0,0,0.1
Jun-2010,2650,4102,6750,916,407,204,2536,173,406,331,809,98,895,212,1121,1578,-325,9324,16080,790,280,355,1074,-3,1443,1253,-25,1228,146,539,3438,4524,20,382,404,250,994,1230,1632,6176,22146,7535,2892,839,572,-5615,-1295,20147,2266,3317,5584,870,235,216,1815,121,409,289,706,158,888,155,943,1282,-279,7808,13391,704,250,334,938,-1,1272,1244,-25,1219,111,505,3107,4061,17,331,348,251,873,1124,1472,5533,18924,6271,2782,731,499,-5382,-126,17137,150,259,409,982,2766,3748,370,472,842,110,76,185,1082,1174,2257,188,96,284,336,239,575,30,170,201,472,263,736,90,222,312,75,329,404,318,236,553,389,94,482,306,57,364,1338,256,1594,493,82,575,786,118,904,106,72,178,40,108,148,1448,7661,8537,16198,1064,-126,17137,0.0,0.0,0.0,0.0,0.0,0.0,0.0,0.0,0.0,0.0,0.0,0.0,0.0,0.0,0.0,0.0,0.0,0.0,0.0,0.0,0.0,0,0,0,0,0,0,0,0,0,0,0,0,0,0,0,0,0,0,0,0,0,901,3341,1049,356,1576,362,583,515,490,98,607,271,455,340,2965,1092,1056,169,345,1810,17954,876,1334,20147,-3.1,-3.6,12.3,-6.5,-18.9,22.5,-0.5,2.8,4.6,-10.2,-1.4,5.3,5.4,0.7,0.2,1.1,10.1,1.6,4.0,1.1,-0.9,-2.0,-1.4,-0.1,-0.6,0.6,-0.1,-1.8,0.3,0,0.1,0.1,-0.1,0,0.1,0.1,0,0,0.1,0.5,0,0.1,0.1,-0.1,-0.5,-1.4,413,3770,1076,244,1363,357,548,456,412,126,510,226,415,282,2451,761,949,148,294,1359,16160,852,126,17137,14.1,-24.8,9.6,-1.4,-12.8,24.2,1,10.2,9.7,-5.3,-0.3,9.9,6.3,10.7,7.2,5.7,14.7,6.1,9.2,13.9,-3.3,1.1,-4.2,1.4,3.9,1,0.8,1.4,0.6,0.9,1.5,0.7,0.3,0.5,0.7,0.5,0.7,3.6,1.3,1.2,1.4,1.2,1.3,0.9,1.3,0,0,-0.2,0,0,0,0,0,0,0,0,0,0,0,-0.1,0,0,0,0,0,0,0,0
Jun-2011,2820,4175,6998,880,410,201,2593,177,443,312,902,105,884,231,1179,1610,-77,9814,16819,856,204,312,843,0,1169,867,-13,854,212,522,2798,3870,20,400,422,273,1181,1435,1858,5747,22417,6988,3053,792,661,-4481,-1366,20635,2533,3534,6067,840,261,210,1975,131,435,275,791,162,861,173,1017,1330,-68,8395,14462,785,197,304,755,0,1059,823,-12,811,182,499,2550,3532,18,350,367,273,1057,1330,1697,5230,19691,6934,3106,704,541,-4522,-298,18862,150,252,402,754,3518,4272,417,532,949,94,120,214,1123,1121,2244,218,103,321,332,253,585,34,172,206,521,339,861,88,210,299,82,346,428,373,577,950,455,85,540,377,83,460,1374,310,1684,560,100,660,929,152,1081,126,92,219,45,117,162,1577,8051,10061,18112,1049,-298,18862,0.0,0.0,0.0,0.0,0.0,0.0,0.0,0.0,0.0,0.0,0.0,0.0,0.0,0.0,0.0,0.0,0.0,0.0,0.0,0.0,0.0,0,0,0,0,0,0,0,0,0,0,0,0,0,0,0,0,0,0,0,0,0,861,3376,1171,381,1485,389,564,554,545,100,531,293,473,393,3010,1084,1114,210,355,1855,18348,903,1402,20635,-4.5,1.0,11.7,7.1,-5.8,7.4,-3.3,7.6,11.1,2.1,-12.4,8.2,4.0,15.8,1.5,-0.7,5.4,24.0,3.1,2.5,2.2,3.0,2.4,-0.2,0.2,0.6,0.1,-0.5,0.1,-0.1,0.2,0.3,0,-0.4,0.1,0.1,0.3,0.2,0,0.3,0.2,0.1,0.2,0.1,0.3,2.4,408,4394,1190,287,1344,408,551,504,470,125,469,256,431,347,2605,911,1077,185,314,1466,17741,823,298,18862,-1.4,16.6,10.6,17.7,-1.4,14.2,0.6,10.4,14,-0.6,-8.1,13,4,23.1,6.3,19.7,13.5,25.1,6.9,7.8,9.8,-3.4,10.1,1.3,3.3,1.1,0.8,1.3,0.7,0.9,1.5,0.7,0.3,0.4,0.8,0.5,0.8,3.6,1.4,1.2,1.6,1.2,1.3,0.9,1.3,0,0,-0.1,0,0,0,0,0,0,0,0,0,0.1,0,-0.2,0,0,0,0,0,0,0,0
Jun-2012,2823,4387,7207,879,413,210,2651,151,456,321,939,110,955,234,1172,1627,-150,9948,17163,714,228,,,,3361,1059,-27,1031,155,705,5299,6250,30,296,327,292,1233,1505,1839,8116,25208,6723,3622,715,742,-5140,-1535,21607,2615,3862,6477,849,278,221,2191,120,445,287,844,167,931,183,1064,1379,-135,8823,15299,661,189,,,,3044,987,-24,963,135,694,4836,5685,27,270,297,286,1138,1424,1721,7406,22706,7501,4100,651,601,-5094,-610,20452,173,211,383,814,3691,4505,460,556,1016,81,113,194,1554,1227,2781,234,128,362,340,294,634,39,212,252,590,469,1059,89,186,275,92,341,433,381,720,1101,471,151,622,338,79,418,1477,328,1804,635,123,759,1006,159,1165,155,124,278,63,139,202,1744,8991,10997,19988,1074,-610,20452,0.0,0.0,0.0,0.0,1.5,0.0,0.0,0.0,0.0,0.0,0.1,0.0,0.0,0.0,0.0,0.1,0.0,0.0,0.0,0.0,0.0,0,0,0,0,0,0,0,0,0,0,0,0,0,0,0,0,0,0,0,0,0,684,3482,1243,332,1605,442,594,578,630,94,558,308,678,395,3051,1110,1171,229,394,1877,19150,911,1562,21607,-20.6,3.1,6.1,-12.8,8.1,13.7,5.2,4.3,15.5,-5.6,5.0,5.1,43.4,0.5,1.4,2.3,5.1,8.8,10.7,1.2,4.4,0.9,4.7,-0.9,0.5,0.3,-0.2,0.6,0.3,0.1,0.1,0.4,0,0.1,0.1,1,0,0.2,0.1,0.3,0.1,0.2,0.1,0,0.8,4.7,392,4558,1238,282,1451,460,602,545,564,118,495,285,646,366,2732,934,1151,209,366,1624,19020,822,610,20452,-3.7,3.7,4,-1.8,8,12.9,9.4,8.1,20.1,-5.6,5.7,11.6,49.8,5.5,4.9,2.5,6.9,12.7,16.5,10.8,7.2,-0.1,8.4,1.2,3.4,1.2,0.7,1.2,0.7,0.9,1.6,0.8,0.3,0.4,0.8,0.7,0.8,3.5,1.4,1.3,1.7,1.3,1.3,0.9,1.4,0,0,0,0,0,0,0,0,0,0,0,0.2,0.2,0,0.1,0,0,0,0,0,0,0,0
Jun-2013,2791,4335,7124,901,415,220,2723,154,449,364,963,109,905,240,1124,1656,189,10386,17515,655,268,,,,9033,970,-31,939,160,650,10780,11726,45,398,446,291,755,1039,1482,13208,30715,7627,3773,704,787,-8047,-2250,24189,2623,3896,6519,879,293,230,2475,145,440,317,890,172,895,198,1057,1465,175,9629,16148,623,237,,,,8359,894,-28,866,132,651,10008,10868,41,375,416,285,713,998,1414,12282,28431,7845,4437,654,646,-7696,-979,23172,162,201,363,872,3746,4618,615,499,1114,46,169,215,1729,3051,4780,193,179,372,419,306,726,42,209,251,587,535,1122,90,172,261,106,329,435,410,793,1202,390,247,637,479,53,532,1562,371,1933,633,95,728,1119,191,1310,146,89,235,66,121,188,1993,9664,13349,23013,1138,-979,23172,0.0,0.0,0.0,0.0,-2.9,0.0,0.0,0.0,0.0,0.0,-0.1,0.0,0.0,0.0,-0.1,-0.1,0.0,0.0,0.0,0.0,0.0,0,0,0,0,0,0,0,0,0,0,0,0,0,0,0,0,0,0,0,0,0,610,3497,1335,340,3120,487,658,602,661,90,574,329,714,462,2981,1135,1310,256,381,1911,21033,931,2237,24189,-10.8,0.4,7.4,2.4,94.4,10.2,10.8,4.2,4.9,-5.1,2.9,6.8,5.3,16.8,-2.3,2.3,11.9,12.2,-3.3,1.8,9.8,2.2,12.0,-0.3,0.1,0.4,0,7,0.2,0.3,0.1,0.1,0,0.1,0.1,0.2,0.3,-0.3,0.1,0.6,0.1,-0.1,0.2,0.1,3.1,12,371,4577,1258,327,2896,504,666,587,609,113,517,309,689,428,2736,1001,1290,235,361,1835,21309,885,979,23172,-5.5,0.4,1.7,16,99.5,9.5,10.5,7.7,8,-4.4,4.4,8.2,6.5,16.8,0.2,7.2,12,12.8,-1.4,13,12,7.6,13.3,1.1,3.9,1.2,0.8,2.3,0.8,1,1.6,0.8,0.3,0.4,0.8,0.7,0.9,3.4,1.4,1.3,1.9,1.3,1.4,0.9,1.5,0,0,0.1,0,0,0,0,0,0,0,0,-1.3,0.1,0,0,0,0,0,0,0,0,0,0
Jun-2014,2908,4330,7238,921,432,226,2770,150,461,406,936,126,933,245,1180,1721,-24,10461,17704,1050,279,,,,8430,1152,-40,1112,135,854,10549,11910,54,252,307,496,622,1117,1424,13333,31028,7040,4045,785,840,-7441,-2025,24502,2774,4003,6778,907,324,236,2788,156,452,382,928,180,932,214,1123,1606,-24,10205,16982,1033,262,,,,8028,1113,-38,1075,119,874,10096,11391,51,241,292,483,598,1081,1373,12764,29746,8226,5013,748,761,-7221,-1290,24434,133,317,450,936,3883,4819,849,485,1334,39,224,263,1859,2949,4808,209,184,393,433,309,742,45,197,243,647,633,1280,100,179,279,119,378,497,371,960,1331,419,289,709,571,59,630,1580,396,1975,638,125,764,1109,187,1296,130,93,224,72,120,192,2190,10261,14156,24417,1307,-1290,24434,0.0,0.0,0.0,0.0,-2.5,0.0,0.0,0.0,0.0,0.0,0.0,0.0,0.0,0.0,-0.1,0.0,0.0,0.0,0.0,0.0,0.0,0,0,0,0,0,0,0,0,0,0,0,0,0,0,0,0,0,0,0,0,-1,698,3723,1255,339,2766,500,688,585,793,91,589,368,695,554,3148,1179,1429,251,388,1916,21553,923,2036,24502,14.5,6.4,-6.0,-0.3,-11.3,2.5,4.6,-2.9,20.0,2.1,2.7,11.8,-2.8,19.9,5.6,3.9,9.1,-2.3,2.0,0.3,2.5,-0.9,1.3,0.4,0.9,-0.3,0,-1.5,0.1,0.1,-0.1,0.5,0,0.1,0.2,-0.1,0.4,0.7,0.2,0.5,0,0,0,0,-0.8,1.3,461,4808,1209,331,2591,521,691,566,726,113,542,346,666,515,2899,1071,1408,236,377,2065,22141,1003,1290,24434,24.2,5,-3.9,1.1,-10.5,3.3,3.8,-3.5,19.3,-0.3,4.9,12,-3.3,20.3,6,7,9.2,0.3,4.5,12.5,3.9,13.3,5.4,1.3,3.6,1.2,0.8,2,0.8,1,1.5,1,0.3,0.4,0.8,0.6,1,3.5,1.4,1.4,1.8,1.3,1.5,1,1.5,0,0,0,0,0,0,0,0,0,0,0,-1.2,0,0,0,0,0,0,0,0,0,0,0
Jun-2015,2936,4376,7312,911,413,219,2798,154,476,417,918,135,992,227,1216,1761,-234,10391,17705,974,272,,,,6960,1512,-38,1474,105,773,9337,10612,48,252,301,217,1054,1265,1567,12179,29878,6443,3853,857,850,-5104,-2266,25105,2837,4160,6998,916,333,227,2988,159,467,403,897,175,1003,207,1169,1684,-231,10397,17395,972,390,,,,6690,1484,-37,1447,99,778,9014,10377,45,245,291,217,1035,1251,1542,11919,29314,6963,4460,831,812,-5287,-2100,24449,142,446,588,1009,3457,4466,815,460,1275,55,272,327,2033,3044,5077,208,183,391,423,308,731,51,186,237,686,686,1372,101,183,284,119,419,538,402,978,1380,481,258,739,492,58,550,1748,404,2152,641,128,770,1129,186,1314,149,88,237,90,117,207,2452,10774,14314,25088,1462,-2100,24449,0.0,0.0,0.0,1.9,-10.0,-0.2,0.4,0.0,0.0,-0.2,-0.2,0.0,0.0,0.0,-0.2,-0.1,0.0,0.0,0.0,0.0,-0.2,0,0,-100,0,12,0,0,0,0,0,0,0,0,0,-1,0,-1,0,0,0,-90,718,4295,1115,424,2152,530,704,627,867,102,615,372,676,490,3101,1199,1494,273,431,1975,21949,902,2266,25105,2.8,15.4,-11.1,24.9,-22.2,6.1,2.2,7.1,9.3,11.6,4.4,1.0,-2.7,-11.5,-1.5,1.7,4.5,8.8,10.9,3.1,1.8,-2.2,2.5,0.1,2.3,-0.6,0.3,-2.5,0.1,0.1,0.2,0.3,0,0.1,0,-0.1,-0.3,-0.2,0.1,0.3,0.1,0.2,0.2,-0.1,0.9,2.5,606,3724,1110,394,2098,538,698,609,810,121,583,361,656,469,2932,1128,1487,262,416,2233,21235,1114,2100,24449,31.5,-22.5,-8.2,19.1,-19,3.3,1,7.6,11.5,7.8,7.4,4.5,-1.5,-8.9,1.1,5.3,5.6,11.2,10.4,8.1,-4.1,11.1,0.1,1.6,3.5,1.1,0.9,1.6,0.8,1,1.6,1,0.3,0.4,0.8,0.6,0.9,3.5,1.5,1.4,2,1.4,1.6,1,1.5,0.1,0,0.2,0,1.2,0,0.3,0.9,-0.2,0,0.1,-3.9,0.8,0.6,-0.1,-2.2,0,0,-2.5,0,0,-1,-0.2
Jun-2016,3040,4522,7563,965,413,213,2836,180,485,395,945,157,1053,232,1260,1830,-22,10934,18503,867,188,,,,5780,771,-14,757,117,437,7095,8167,73,254,327,200,807,1003,1329,9497,28001,5852,3132,759,720,-2819,-2340,25601,2980,4390,7370,967,360,221,3050,184,487,390,901,179,1068,220,1228,1777,-22,11009,18379,864,236,,,,5604,800,-14,786,127,432,6949,8049,71,253,324,205,795,1000,1324,9372,27751,5022,3065,743,741,-3267,-2075,24368,148,464,612,971,2735,3706,782,430,1213,69,406,475,2083,3244,5328,230,178,408,448,309,757,57,194,251,654,747,1400,102,188,289,135,490,626,460,1035,1495,596,110,707,456,53,509,1866,364,2231,637,141,778,1165,195,1360,152,94,246,89,105,194,2497,11101,13980,25081,1362,-2075,24368,0.0,0.0,0.1,-1.1,1.1,0.0,-0.8,7.4,0.0,0.0,0.0,-0.1,0.2,0.1,0.0,0.0,0.0,0.0,0.0,0.0,0.0,14,-3,-140,3,-12,-1,0,1,-4,5,-5,3,3,3,-2,0,-1,0,1,1,-136,685,3834,1017,433,2660,523,693,652,872,111,582,387,797,429,3165,1222,1593,288,431,2059,22298,963,2341,25601,-4.6,-10.7,-8.8,2.2,23.6,-1.3,-1.5,4.1,0.6,8.7,-5.3,4.1,17.9,-12.4,2.1,1.9,6.7,5.6,0.1,4.3,1.6,6.8,2.0,-0.1,-1.8,-0.4,0,2,0,0,0.1,0,0,-0.1,0.1,0.5,-0.2,0.3,0.1,0.4,0.1,0,0.3,0.2,0.3,2,641,2918,1017,388,2606,530,688,636,848,124,554,374,761,405,3098,1179,1592,276,409,2259,21302,991,2075,24368,5.7,-21.7,-8.4,-1.5,24.2,-1.6,-1.5,4.5,4.8,1.8,-4.9,3.5,16,-13.6,5.7,4.6,7.1,5.3,-1.7,1.2,0.3,-11.1,-0.3,1.6,3,1,0.9,2,0.8,0.9,1.6,1.1,0.3,0.4,0.7,0.7,0.8,3.4,1.5,1.4,2,1.4,1.6,0.8,1.5,-1.6,0,0,0.6,-3.7,0,-3.2,-0.5,0.9,5,-0.3,1.4,11.2,0.6,0.3,1.1,-0.2,0.3,5.1,0,0.1,0.2,0
Jun-2017,3125,4697,7822,987,398,210,2878,180,467,397,939,171,1005,241,1301,1859,5,11034,18858,659,172,,,,7706,748,-54,694,183,687,9260,10087,86,230,316,342,897,1237,1553,11642,30492,5604,4165,772,681,-3628,-2416,25977,3090,4630,7720,1002,369,212,2986,179,473,395,891,178,1017,232,1279,1822,5,11040,18760,655,196,,,,7518,754,-54,700,221,679,9118,9969,83,229,312,342,876,1218,1530,11500,30260,5223,3798,762,672,-3817,-2406,25552,156,529,684,954,2747,3702,791,430,1221,75,481,556,2183,3800,5982,239,204,443,456,314,770,57,205,262,675,856,1531,104,178,281,136,506,642,467,1066,1533,695,212,907,518,54,572,1751,431,2182,677,143,820,1348,201,1549,178,94,272,86,119,205,2414,11545,14983,26528,1430,-2406,25552,-0.1,-0.1,-0.1,-0.3,0.5,0.1,-1.8,3.7,-0.6,0.0,-0.1,0.0,0.7,0.5,0.0,0.0,0.0,0.0,0.0,0.2,-1.2,-24,-250,-128,-5,-138,-1,0,3,25,-1,-4,-1,94,6,22,3,-2,3,18,0,-381,709,3366,941,449,2848,530,695,660,909,113,623,384,1006,433,3184,1217,1643,324,441,2125,22574,987,2416,25977,3.5,-12.2,-7.4,3.6,7.1,1.4,0.3,1.2,4.2,1.7,7.0,-0.7,26.3,1.0,0.6,-0.4,3.1,12.6,2.3,3.2,1.2,2.5,1.5,0.1,-1.8,-0.3,0.1,0.7,0,0,0,0.1,0,0.2,0,0.8,0,0.1,0,0.2,0.1,0,0.3,0.1,0.3,1.5,718,2926,917,432,2909,527,698,654,895,120,601,379,987,419,3163,1197,1652,312,432,2208,22146,1000,2406,25552,12.2,0.3,-9.8,11.4,11.6,-0.4,1.5,2.8,5.6,-3.3,8.4,1.4,29.8,3.3,2.1,1.5,3.8,13.1,5.5,-2.3,4,0.9,4.9,1.5,2.2,0.9,1,2.2,0.8,0.9,1.6,1.1,0.3,0.4,0.7,0.8,0.7,3.4,1.4,1.4,2.2,1.4,1.5,0.8,1.4,-2.1,-15,-8.5,-0.6,2,-0.3,1.5,0.1,0,0.4,0,1.2,15.2,-0.1,0.2,-1.3,-0.2,2.8,-3.5,0,-1.8,0.2,-1.2
Jun-2018,3097,4966,8064,1010,412,218,2905,179,486,420,950,178,1080,247,1378,1879,-242,11100,19164,621,163,,,,6296,806,-54,752,167,521,7736,8521,82,250,331,427,904,1331,1662,10183,29347,6076,3376,727,734,-3009,-2529,26501,3097,4966,8064,1010,412,218,2905,179,486,420,950,178,1080,247,1378,1879,-242,11100,19164,621,163,,,,6296,806,-54,752,167,521,7736,8521,82,250,331,427,904,1331,1662,10183,29347,6076,3376,727,734,-3009,-2529,26501,147,528,676,1047,2850,3896,790,432,1223,80,503,583,2216,4065,6281,248,207,456,462,318,780,55,212,267,670,932,1602,105,181,286,144,544,688,491,1069,1560,727,370,1097,521,81,601,1812,441,2253,710,150,860,1418,214,1632,185,92,277,90,118,208,2312,11918,15620,27538,1493,-2530,26501,-1.7,-2.0,-1.9,0.1,1.1,-1.0,0.9,8.2,0.4,-0.6,-0.5,13.8,3.0,5.2,0.3,-1.1,0.2,0.0,2.0,1.6,0.3,-65,-229,-180,37,118,3,5,8,47,9,8,-69,274,14,73,1,-26,0,11,-67,-28,707,3231,909,446,3029,529,706,638,906,122,639,384,1192,438,3265,1226,1702,316,438,2168,22991,981,2529,26501,-0.2,-4.0,-3.5,-0.7,6.3,-0.2,1.6,-3.3,-0.3,7.7,2.6,0.0,18.5,1.1,2.6,0.7,3.6,-2.7,-0.8,2.0,1.8,-0.6,2.0,0.0,-0.5,-0.1,0,0.7,0,0,-0.1,0,0,0.1,0,0.7,0,0.3,0,0.2,0,0,0.2,0,0.4,2,707,3231,909,446,3029,529,706,638,906,122,639,384,1192,438,3265,1226,1702,316,438,2168,22991,981,2529,26501,-1.6,10.5,-0.9,3.1,4.1,0.3,1.2,-2.4,1.2,1.6,6.4,1.3,20.8,4.6,3.2,2.4,3,1.1,1.3,-1.8,3.8,-2,3.7,1.6,2.1,0.9,1,2.1,0.8,0.9,1.5,1.1,0.3,0.4,0.7,0.9,0.7,3.4,1.4,1.3,2.1,1.3,1.4,0.8,1.4,0.8,-4.8,-0.4,-1.7,4.8,-4.8,1.1,-5.8,2,9.3,-1.4,-0.6,16.2,-5,1.9,-1,-2.3,-0.3,-4.3,-0.4,0.3,-2.9,0.3
Jun-2019,3166,4834,8000,1018,398,216,2913,186,490,439,941,186,1044,251,1301,1899,-309,10973,18973,590,138,,,,1818,792,-52,740,124,554,3236,3964,76,240,317,406,932,1338,1655,5619,24592,8091,2371,733,585,-1930,-2421,26109,3225,4958,8183,1032,437,216,2857,188,487,444,959,178,1042,261,1331,1938,-313,11056,19240,591,147,,,,1868,816,-53,762,123,566,3320,4058,78,250,328,411,959,1369,1697,5755,24995,10090,2856,747,625,-2013,-2825,27512,140,532,671,1141,5454,6595,788,495,1283,82,514,595,1743,2748,4491,253,206,458,471,298,770,53,197,251,683,912,1596,110,166,275,130,573,703,472,1047,1519,735,377,1112,503,121,623,1861,506,2367,734,152,886,1502,219,1721,192,80,273,90,137,228,2218,11683,16951,28634,1560,-2682,27512,,,,,,,,,,,,,,,,,,,,,,,,,,,,,,,,,,,,,,,,,,,700,4729,946,432,1618,524,691,542,819,123,616,359,1155,434,3262,1235,1720,312,472,2099,22785,958,2366,26109,-1.0,46.3,4.1,-3.0,-46.6,-0.9,-2.2,-15.1,-9.6,1.5,-3.6,-6.7,-3.2,-0.9,-0.1,0.7,1.0,-1.2,7.8,-3.2,-0.9,-2.3,-1.5,0.0,5.6,0.1,-0.1,-5.3,0,-0.1,-0.4,-0.3,0,-0.1,-0.1,-0.1,0,0,0,0.1,0,0.1,-0.3,-0.1,-0.6,-1.5,705,5258,980,449,1731,524,700,566,863,117,636,373,1152,450,3370,1252,1713,310,480,2041,23671,1054,2787,27512,-0.4,62.7,7.8,0.8,-42.9,-0.9,-1,-11.4,-4.7,-3.6,-0.5,-2.8,-3.4,2.9,3.2,2.1,0.6,-1.7,9.7,-5.8,3,7.5,3.8,1.7,2.8,0.9,0.9,1.2,0.7,0.9,1.3,1,0.3,0.4,0.6,0.9,0.7,3.3,1.4,1.3,2,1.4,1.3,0.8,1.4,,,,,,,,,,,,,,,,,,,,,,,
