Date,A2336147W,A2336148X,A2336149A,A2336150K,A2336151L,A2336152R,A2336153T,A2336154V,A2336155W,A2336156X,A2336157A,A2336158C,A2336159F,A2336160R,A2336161T,A2336162V,A2336163W,A2336164X,A2336165A,A2336176J,A2336177K,A2336169K,A2336170V,A2336171W,A2336172X,A2336166C,A2336167F,A2336168J,A2713897W,A2713931R,A2336175F,A2336178L,A2336179R,A2336180X,A2336181A,A2336182C,A2336183F,A2336184J,A2336185K,A2336186L,A2336187R,A2336188T,A2336189V,A2336190C,A2336191F,A2336192J,A2478895J,A2336347R,A2336069A,A2336070K,A2336071L,A2336072R,A2336073T,A2336074V,A2336075W,A2336076X,A2336077A,A2336078C,A2336079F,A2336080R,A2336081T,A2336082V,A2336083W,A2336084X,A2336085A,A2336086C,A2336087F,A2336098L,A2336099R,A2336091W,A2336092X,A2336093A,A2336094C,A2336088J,A2336089K,A2336090V,A2713896V,A2713930L,A2336097K,A2336100L,A2336101R,A2336102T,A2336103V,A2336104W,A2336105X,A2336106A,A2336107C,A2336108F,A2336109J,A2336110T,A2336111V,A2336112W,A2336113X,A2336114A,A2478896K,A2336321T,A2714320W,A2714321X,A2714322A,A2714324F,A2714325J,A2714326K,A2714328R,A2714329T,A2714330A,A2714332F,A2714333J,A2714334K,A2714336R,A2714337T,A2714338V,A2714340F,A2714341J,A2714342K,A2714344R,A2714345T,A2714346V,A2714348X,A2714349A,A2714350K,A2714352R,A2714353T,A2714354V,A2714356X,A2714357A,A2714358C,A2714360R,A2714361T,A2714362V,A2714364X,A2714365A,A2714366C,A2714368J,A2714369K,A2714370V,A2714372X,A2714373A,A2714374C,A2714376J,A2714377K,A2714378L,A2714380X,A2714381A,A2714382C,A2714384J,A2714385K,A2714386L,A2714388T,A2714389V,A2714390C,A2714392J,A2714393K,A2714394L,A2335320W,A2335491R,A2335322A,A2335494W,A2335495X,A2335496A,A83748444C,A2334340L,A2334341R,A2334342T,A2334348F,A2334349J,A2334344W,A2334343V,A2713867J,A2713901A,A2334347C,A2334350T,A2334351V,A2334352W,A2334353X,A2334354A,A2334355C,A2334356F,A2334357J,A2334358K,A2334359L,A2334360W,A2715263F,A2715264J,A2715265K,A2715266L,A2715267R,A2715268T,A2715269V,A2715270C,A2715271F,A2715272J,A2715273K,A2715274L,A2715275R,A2715276T,A2715277V,A2715278W,A2715279X,A2715280J,A2715281K,A2334228L,A2334230X,A2715776L,A2715038K,A2715039L,A2715040W,A2715041X,A2715042A,A2715043C,A2715044F,A2715045J,A2715046K,A2715047L,A2715048R,A2715049T,A2715050A,A2715051C,A2715052F,A2715053J,A2715054K,A2715055L,A2529306J,A2478272L,A2478273R,A2478274T,A2478275V,A2714932K,A2714933L,A2714934R,A2714935T,A2714936V,A2714937W,A2714938X,A2714939A,A2714940K,A2714941L,A2714942R,A2714943T,A2714944V,A2714945W,A2714946X,A2714947A,A2714948C,A2714949F,A2714950R,A2529307K,A2478294A,A2478295C,A2478296F,A2715605V,A2715606W,A2715607X,A2715608A,A2715609C,A2715610L,A2715611R,A2715612T,A2715613V,A2715614W,A2715615X,A2715616A,A2715617C,A2715618F,A2715619J,A2715620T,A2715621V,A2715622W,A2715623X,A2529246T,A2478087K,A2478088L,A2478089R,A2714323C,A2714327L,A2714331C,A2714335L,A2714339W,A2714343L,A2714347W,A2714351L,A2714355W,A2714359F,A2714363W,A2714367F,A2714371W,A2714375F,A2714379R,A2714383F,A2714387R,A2714391F,A2714395R,A2529279L,A2478862L,A2478863R,A2478864T,A2478865V,A2713972K,A2713973L,A2713974R,A2713975T,A2713976V,A2713977W,A2713978X,A2713979A,A2713980K,A2713981L,A2713982R,A2713983T,A2713984V,A2713985W,A2713986X,A2713987A,A2713988C,A2713989F,A2713990R,A2529280W,A2478884A,A2478885C,A2478886F,A2715803J,A2715804K,A2715805L,A2715806R,A2715807T,A2715808V,A2715809W,A2715810F,A2715811J,A2715812K,A2715813L,A2715814R,A2715815T,A2715816V,A2715817W,A2715818X,A2715819A,A2715940C,A2715949X,A2529281X,A2478668J,A2478670V,A2714124L,A2714125R,A2714126T,A2714127V,A2714128W,A2714129X,A2714130J,A2714131K,A2714132L,A2714133R,A2714134T,A2714135V,A2714136W,A2714137X,A2714138A,A2714139C,A2714140L,A2714778X,A2714779A,A2529269J,A2528543V,A2528544W,A2528545X
Jun-1990,10365,27888,37477,12976,11030,2888,23191,5654,4666,6351,11522,522,6799,6989,6737,16504,1337,108802,145818,10610,6057,7100,1344,548,9354,4809,-231,4538,985,994,13252,27564,2517,8184,7747,1249,2272,3532,10173,37474,183170,8588,17957,3755,7378,20265,6708,197151,6024,11978,18002,6835,1987,2944,10220,1526,4170,2752,7371,757,5490,1616,2919,8325,666,57579,75581,5156,1344,4842,629,320,5791,7577,-444,7134,787,1371,15083,21584,1521,2314,3835,1302,1403,2706,6540,28124,103706,9058,16378,2351,5212,10361,363,104250,871,2864,3735,1046,1836,2883,10301,7376,17677,2189,2453,4642,3640,3455,7095,2917,1941,4858,3175,1752,4928,1109,426,1534,2960,1474,4434,1522,1816,3339,3044,2529,5573,611,1930,2541,2900,973,3873,1249,391,1640,4751,816,5567,4131,383,4515,3950,749,4699,357,256,614,1084,759,1843,7166,51807,41349,93156,11739,-645,104250,,,,,,,,,,,,,,,,,,,,,,0,0,0,0,0,0,0,0,0,0,0,0,0,0,0,0,0,0,0,0,0,5808,10012,29910,6717,11722,8033,7305,3971,8974,2709,13160,6036,7875,5730,13540,11741,9394,2266,3662,19001,182401,17062,-2148,197151,,,,,,,,,,,,,,,,,,,,,,,,,,,,,,,,,,,,,,,,,,,,,,,3713,2892,17687,3601,6477,5590,4895,1533,4615,3345,5802,3078,4235,2055,6028,4353,5042,992,1773,7794,95499,9036,-285,104250,,,,,,,,,,,,,,,,,,,,,,,,21.8,15.9,31.7,24.5,23.3,27.7,25,18.6,23.1,25.9,26.8,24.4,25.7,25.8,26.4,25.2,26.8,32.8,22.6,25.6,28,25.8,,,,,,,,,,,,,,,,,,,,,,,
Jun-1991,11086,27817,38286,12870,10422,2754,24036,5699,4250,6372,11061,548,6508,6288,6499,16954,1051,107005,144733,8370,6645,5254,1159,117,6773,3617,-55,3558,993,1012,10521,22371,2227,5678,5962,1316,2101,3486,8744,30836,173379,9802,15864,4053,6446,20272,6563,191759,6714,12689,19403,6952,2137,2938,11203,1634,3990,2995,7571,818,5504,1642,3021,8992,551,59947,79349,4303,1128,3620,572,69,4261,5785,-108,5677,636,1404,11978,17409,1375,1695,3070,1415,1333,2748,5818,23227,102577,9235,14691,2678,4874,9374,404,104702,813,2154,2967,1107,2251,3357,9924,6177,16102,2110,2191,4302,3732,2842,6574,2831,2003,4834,3178,1689,4867,1150,442,1592,3047,1445,4492,1646,2094,3740,2974,2278,5252,652,2125,2778,3098,1033,4131,1320,423,1744,5097,926,6023,4435,415,4850,4460,834,5294,406,220,627,1136,787,1923,7754,53118,40082,93199,11568,-65,104702,0.0,0.0,0.0,0.0,0.0,0.0,0.0,0.0,0.0,0.0,0.0,0.0,0.0,0.0,0.0,0.0,0.0,0.0,0.0,0.0,0.0,0,0,0,0,0,0,0,0,0,0,0,0,0,0,0,0,0,0,0,0,0,5643,9781,28819,6730,9990,7067,6902,3712,8727,2857,12864,6198,7907,5883,13831,11815,9922,2165,3740,19572,178464,16524,-3066,191759,-2.8,-2.3,-3.6,0.2,-14.8,-12.0,-5.5,-6.5,-2.8,5.5,-2.3,2.7,0.4,2.7,2.1,0.6,5.6,-4.5,2.1,3.0,-2.2,-3.2,-2.7,-0.1,-0.1,-0.6,0,-0.9,-0.5,-0.2,-0.1,-0.1,0.1,-0.2,0.1,0,0.1,0.1,0,0.3,-0.1,0,0.3,-0.3,-0.5,-2.7,2944,3399,16131,3300,5908,5548,4812,1570,4707,3745,5445,3356,4510,2180,6672,4659,5656,1011,1840,8345,95737,8849,116,104702,-20.7,17.5,-8.8,-8.4,-8.8,-0.8,-1.7,2.4,2,12,-6.2,9,6.5,6.1,10.7,7,12.2,1.9,3.8,7.1,0.2,-2.1,0.4,22.3,17.2,30.9,21.7,21.3,26.1,24,17.7,23,26.1,25,25,26.4,26.3,27,25.2,27,33.3,22.2,25.7,27,25.3,0,0,0,0,0,0,0,0,0,0,0,0,0,0,0,0,0,0,0,0,0,0,0
Jun-1992,11592,28099,39146,13136,10202,2821,24825,5696,4345,6616,11073,602,6499,6452,6714,17126,1348,109164,147734,7940,6826,3864,928,168,5119,3466,-164,3273,840,1175,9321,20372,2190,5163,5618,1423,2039,3581,8590,28636,173359,11489,16144,4374,6485,17036,5399,189027,7286,13379,20665,7259,2221,3072,11596,1732,4126,3327,7583,937,5711,1819,3225,9336,720,62664,83329,4067,1110,2371,479,91,2941,5572,-321,5250,549,1468,10208,15384,1322,1579,2900,1543,1255,2798,5698,21082,104411,10218,14997,2927,4976,6931,-832,103683,751,2301,3052,1021,1873,2895,9491,6637,16128,1999,2408,4407,3075,2396,5471,2479,1863,4342,3076,1620,4696,1319,403,1723,3143,1535,4678,1653,2533,4185,2986,2916,5902,586,1731,2317,2821,808,3629,1231,332,1562,5199,907,6106,4601,420,5021,4663,857,5520,507,219,726,1218,839,2057,8000,51818,40598,92416,10883,384,103683,0.0,0.0,0.0,0.0,0.0,0.0,0.0,0.0,0.0,0.0,0.0,0.0,0.0,0.0,0.0,0.0,0.0,0.0,0.0,0.0,0.0,0,0,0,0,0,0,0,0,0,0,0,0,0,0,0,0,0,0,0,0,0,5800,9801,27701,6738,8423,6831,7111,3606,8929,3060,13095,6097,8300,5913,13974,11999,10157,2124,3586,20043,177514,16445,-4771,189027,2.8,0.2,-3.9,0.1,-15.7,-3.3,3.0,-2.9,2.3,7.1,1.8,-1.6,5.0,0.5,1.0,1.6,2.4,-1.9,-4.1,2.4,-0.5,-0.5,-1.4,0.1,0,-0.6,0,-0.8,-0.1,0.1,-0.1,0.1,0.1,0.1,-0.1,0.2,0,0.1,0.1,0.1,0,-0.1,0.2,0,-0.9,-1.4,3028,2933,16209,3375,4761,5020,4660,1698,4868,4183,6127,2840,3987,1972,6558,4830,5913,1156,1971,8612,94699,8261,723,103683,2.8,-13.7,0.5,2.3,-19.4,-9.5,-3.2,8.2,3.4,11.7,12.5,-15.4,-11.6,-9.6,-1.7,3.7,4.5,14.4,7.1,3.2,-1.1,-6.6,-1,23.5,14.9,30.4,21,19.2,24.3,23,18.3,23.2,25.9,25.5,24.4,24.1,24.5,25.9,24.9,27.1,34.5,21.6,25,25.5,24.5,0,0,0,0,0,0,0,0,0,0,0,0,0,0,0,0,0,0,0,0,0,0,0
Jun-1993,12034,27249,38904,13024,10127,2745,25412,5819,4569,7757,11582,695,6763,6642,6512,17147,1079,111750,150140,9173,6635,3674,1065,907,5738,3732,54,3807,939,1476,10830,23355,1838,2247,3480,1433,2615,4049,7477,30693,178126,12893,17751,4670,6659,21989,4731,198000,7727,13479,21206,7307,2400,3037,11719,1905,4323,3842,8002,1082,6130,1974,3195,9469,582,64966,86173,4626,1111,2099,554,464,3117,6223,110,6333,598,1826,11874,17610,1129,653,1782,1572,1574,3146,4928,22538,108710,11688,17741,3147,5492,10442,-737,110018,770,2712,3482,945,2331,3276,9996,7671,17666,1937,2580,4518,3189,2393,5582,2532,2133,4665,3431,1816,5247,1555,411,1966,3254,1872,5127,1867,2506,4373,2887,3909,6796,628,1712,2340,3011,818,3829,1344,336,1680,5216,882,6098,5093,431,5525,5013,1033,6046,572,260,832,1326,901,2227,7831,54566,44540,99107,11297,-386,110018,0.0,0.0,0.0,0.0,0.0,0.0,0.0,0.0,0.0,0.0,0.0,0.0,0.0,0.0,0.0,0.0,0.0,0.0,0.0,0.0,0.0,0,0,0,0,0,0,0,0,0,0,0,0,0,0,0,0,0,0,0,0,0,6008,10281,28685,6653,9109,6986,7348,3478,8983,3413,13455,6459,7887,6113,14004,12953,10412,2156,3616,20581,182971,16907,-1714,198000,3.6,4.9,3.6,-1.3,8.1,2.3,3.3,-3.5,0.6,11.5,2.8,5.9,-5.0,3.4,0.2,8.0,2.5,1.5,0.8,2.7,3.1,2.8,4.7,0.1,0.3,0.5,0,0.4,0.1,0.1,-0.1,0,0.2,0.2,0.2,-0.2,0.1,0,0.5,0.1,0,0,0.3,0.2,1.6,4.7,3458,3318,17744,3442,4857,5376,5200,1934,5390,4376,6983,2950,4191,2117,6579,5301,6469,1291,2126,8448,101551,8460,7,110018,14.2,13.1,9.5,2,2,7.1,11.6,13.9,10.7,4.6,14,3.9,5.1,7.4,0.3,9.8,9.4,11.7,7.9,-1.9,7.2,2.4,6.1,23.9,16.1,31,21.2,19.3,24.4,23.7,19.6,25,26.4,25,24.6,23.7,24.6,24.8,25.2,28.3,36.1,22.1,24.1,25.2,24.8,0,0,0,0,0,0,0,0,0,0,0,0,0,0,0,0,0,0,0,0,0,0,0
Jun-1994,12256,25875,37919,13121,9703,2572,26141,5690,4434,8244,11679,779,7503,6817,6816,16482,1061,113237,150710,10623,7378,3306,1533,335,5261,4582,-182,4370,1022,1649,11692,25743,1483,2799,3367,1462,2451,3963,7288,32976,181408,15028,19940,5253,6946,23027,6550,204381,7887,12894,20782,7474,2543,2852,12042,1965,4271,4162,8286,1205,6891,2094,3434,9275,583,67077,87859,5449,1331,1924,798,174,2896,7798,-376,7423,665,1977,12961,19741,949,1443,2392,1585,1471,3056,5448,25189,113047,13318,20351,3550,5771,11422,14,115230,851,2759,3610,904,2229,3132,9874,8680,18554,1717,2849,4566,3377,2696,6074,2774,2271,5045,3526,1764,5290,1629,598,2227,3409,1481,4891,1853,2959,4812,3308,4869,8177,674,1372,2046,3234,690,3925,1435,280,1715,5210,1114,6324,5213,507,5720,5072,1114,6185,593,288,881,1315,869,2185,7855,55967,47245,103212,12857,-839,115230,0.0,0.0,0.0,0.0,0.0,0.0,0.0,0.0,0.0,0.0,0.0,0.0,0.0,0.0,0.0,0.0,0.0,0.0,0.0,0.0,0.0,0,0,0,0,0,0,0,0,0,0,0,0,0,0,0,0,0,0,0,0,0,6398,9941,29929,6859,9844,7389,7435,3639,9503,3724,15030,6406,8511,6396,14001,12897,10857,2222,3667,21174,190796,17637,-3880,204381,6.5,-3.3,4.3,3.1,8.1,5.8,1.2,4.6,5.8,9.1,11.7,-0.8,7.9,4.6,0.0,-0.4,4.3,3.1,1.4,2.9,4.3,4.3,3.2,0.2,-0.2,0.6,0.1,0.4,0.2,0,0.1,0.3,0.2,0.8,0,0.3,0.1,0,0,0.2,0,0,0.3,0.4,-1.1,3.2,3593,3168,18697,3472,5322,5841,5280,2217,5094,4834,8431,2659,4364,2193,6688,5516,6664,1382,2100,8615,106128,9626,-524,115230,3.9,-4.5,5.4,0.9,9.6,8.6,1.5,14.6,-5.5,10.5,20.7,-9.9,4.1,3.6,1.7,4.1,3,7,-1.2,2,4.5,13.8,4.7,23,15.7,30.3,21.5,19.6,24.7,23.3,19.6,23.2,26.4,26.7,24.2,23.9,24.7,24.4,24.9,28,36.3,21.5,23.8,25.9,24.7,0,0,0,0,0,0,0,0,0,0,0,0,0,0,0,0,0,0,0,0,0,0,0
Jun-1995,12545,26918,39207,13625,9758,2549,26860,5874,4435,8174,12266,858,8872,6861,7419,16880,1540,118702,157474,10517,7703,4277,1087,-261,5304,5226,-208,4985,980,1819,12815,27371,1817,3255,4000,1469,2870,4300,8238,35540,190880,15301,23475,5849,7841,23619,6148,210481,8150,12988,21138,7917,2681,2823,12404,2072,4311,4285,8847,1340,8232,2184,3827,9763,874,71561,92699,5534,1320,2586,576,-135,3027,8607,-412,8196,656,2126,14004,20858,1205,1642,2847,1539,1755,3294,6141,26999,119698,14080,23537,3929,6461,13297,-113,120893,892,2379,3270,934,1932,2866,10395,9142,19537,1437,2801,4238,3412,3044,6456,2962,2373,5336,3602,1993,5595,1802,552,2355,3626,1096,4722,1976,2637,4614,3468,5671,9139,764,1259,2023,3899,637,4537,1613,259,1872,5349,1400,6749,5292,599,5891,5119,1209,6328,696,327,1023,1389,828,2217,8182,58627,48323,106950,14056,-113,120893,0.0,0.0,0.0,0.0,0.0,0.0,0.0,0.0,0.0,0.0,0.0,0.0,0.0,0.0,0.0,0.0,0.0,0.0,0.0,0.0,0.0,0,0,0,0,0,0,0,0,0,0,0,0,0,0,0,0,0,0,0,0,0,5978,9324,30318,7121,10141,8215,7698,3914,10010,4073,14554,6685,10544,6978,13985,12915,11339,2409,3961,21863,197603,19283,-6210,210481,-6.6,-6.2,1.3,3.8,3.0,11.2,3.5,7.6,5.3,9.4,-3.2,4.4,23.9,9.1,-0.1,0.1,4.4,8.4,8.0,3.3,3.6,9.3,3.0,-0.2,-0.3,0.2,0.1,0.1,0.4,0.1,0.1,0.2,0.2,-0.2,0.1,1,0.3,0,0,0.2,0.1,0.1,0.3,0.8,-1.1,3,3263,2929,19740,3195,5692,6181,5582,2347,4969,4643,9314,2562,4947,2333,7288,5672,6815,1602,2138,9080,110292,10488,113,120893,-9.2,-7.5,5.6,-8,6.9,5.8,5.7,5.9,-2.4,-4,10.5,-3.6,13.4,6.4,9,2.8,2.3,15.9,1.8,5.4,3.9,8.9,4.9,21.8,13.8,30.3,21.3,19.1,25.1,22.8,19.3,20.2,26.3,26.1,23.8,24.6,24.8,25.3,25.1,27.4,37.9,21.4,23.8,26,24.4,0,0,0,0,0,0,0,0,0,0,0,0,0,0,0,0,0,0,0,0,0,0,0
Jun-1996,13183,27928,40880,13794,8955,2534,27616,6276,4501,8133,12908,989,9754,6968,7509,17015,1594,122136,162523,9798,7289,5446,1304,299,7250,6015,-216,5765,1157,2079,15392,30477,1798,2267,3282,1617,2461,4175,7423,37856,198424,18156,24020,6369,8057,21109,6205,218186,8783,13649,22432,8295,2824,2835,12881,2218,4427,4394,9440,1537,9152,2366,4010,10235,943,75559,97991,5168,1502,3424,711,160,4295,9706,-415,9291,528,2387,16501,23170,1263,1143,2406,1665,1537,3203,5608,28779,126770,16846,24072,4363,6703,11494,-79,128618,869,3374,4243,996,1880,2876,11188,8983,20171,1394,2589,3983,3432,3322,6754,3174,2748,5922,4101,2115,6216,1927,569,2496,3858,2004,5862,2196,2792,4988,4071,5892,9963,856,1378,2234,4376,622,4998,1734,266,2001,5343,1186,6529,5251,596,5847,5350,1234,6584,834,242,1076,1523,863,2386,8346,62472,51001,113473,15224,-79,128618,0.0,0.0,0.0,0.0,0.0,0.0,0.0,0.0,0.0,0.0,0.0,0.0,0.0,0.0,0.0,0.0,0.0,0.0,0.0,0.0,0.0,0,0,0,0,0,0,0,0,0,0,0,0,0,0,0,0,0,0,0,1,0,7402,8902,31733,7551,10234,8660,7953,3944,10623,4383,15212,6851,11034,6929,13453,13184,12004,2391,4050,22228,205008,19630,-6258,218186,23.8,-4.5,4.7,6.0,0.9,5.4,3.3,0.8,6.1,7.6,4.5,2.5,4.6,-0.7,-3.8,2.1,5.9,-0.8,2.2,1.7,3.7,1.8,3.7,0.7,-0.2,0.7,0.2,0,0.2,0.1,0,0.3,0.1,0.3,0.1,0.2,0,-0.3,0.1,0.3,0,0,0.2,0.2,0,3.7,4233,2919,20361,3057,5926,6778,6180,2478,6191,5018,10220,2786,5449,2485,7035,5606,7087,1716,2300,9194,117020,11519,79,128618,29.8,-0.3,3.1,-4.3,4.1,9.7,10.7,5.6,24.6,8.1,9.7,8.7,10.2,6.5,-3.5,-1.2,4,7.1,7.6,1.3,6.1,9.8,6.4,23.7,12.1,30.2,20.9,18.9,25.2,23.2,19.2,24,26.2,26.4,23.5,24.8,25.1,22.9,24.1,26.4,37.7,21.5,23.3,26.7,24.4,0,0,0,0,0,0,0,0,0,0,0,0,0,0,0,0,0,0,0,0,0,0,0
Jun-1997,12904,28600,41139,13831,9353,2585,28314,6225,4699,8237,13572,1123,10706,7255,7510,17896,1318,126684,167426,10529,7494,6313,2387,568,9410,6795,388,7267,1254,2310,19131,36313,1720,-361,1400,1592,2679,4320,5744,42023,208010,20558,26399,6894,8568,20981,6392,227867,8460,14251,22711,8655,3030,2912,13654,2233,4656,4578,9839,1731,10003,2528,4105,10814,790,79530,102240,5640,1489,4036,1306,311,5653,10116,631,10747,625,2578,19602,26730,1227,-248,979,1560,1686,3246,4225,30954,133195,17942,24540,4770,6946,11111,355,135886,1041,2796,3836,888,2186,3074,11379,9832,21211,1237,2199,3436,3609,4108,7716,3440,2687,6127,4781,2107,6887,2063,499,2561,4373,1043,5416,2189,3164,5353,4392,6036,10428,912,1516,2429,4602,658,5260,1774,289,2062,5821,1317,7138,5569,721,6290,5716,1188,6904,860,274,1134,1687,873,2561,9351,66333,52842,119174,16357,355,135886,0.0,0.0,0.0,0.0,0.0,0.0,0.0,0.0,0.0,0.0,0.0,0.0,0.0,0.0,0.0,0.0,0.0,0.0,0.0,0.0,0.0,0,0,0,0,0,0,0,0,0,0,0,0,0,0,0,0,0,0,0,0,0,7266,8410,32795,7349,11241,9587,8618,4208,10803,4702,16650,7200,11638,7342,13510,13605,12395,2491,4186,23167,214387,20135,-6442,227867,-1.8,-5.5,3.3,-2.7,9.8,10.7,8.4,6.7,1.7,7.3,9.5,5.1,5.5,6.0,0.4,3.2,3.3,4.2,3.4,4.2,4.6,2.6,4.4,-0.1,-0.2,0.5,-0.1,0.5,0.4,0.3,0.1,0.1,0.1,0.7,0.2,0.3,0.2,0,0.2,0.2,0,0.1,0.4,0.2,-0.1,4.4,3852,3248,21516,2622,6810,7098,6798,2544,6421,5359,10611,3015,5764,2565,7703,5996,7370,1846,2471,10201,123811,12430,-355,135886,-9,11.3,5.7,-14.2,14.9,4.7,10,2.7,3.7,6.8,3.8,8.2,5.8,3.2,9.5,7,4,7.6,7.4,11,5.8,7.9,5.7,21.4,13.5,31.4,18,20.4,25.4,23.8,19.1,23.9,26,25.9,23.3,24.4,25,22.9,24,26.1,38,21.8,23.5,27.5,24.5,0,0,0,0,0,0,0,0,0,0,0,0,0,0,0,0,0,0,0,0,0,0,0
Jun-1998,12984,29034,41625,14137,9601,2780,29100,6689,4925,8179,14982,1224,11412,7670,8052,19021,1797,133812,175193,13485,9281,5576,3153,256,9039,7355,-151,7239,1074,2485,18976,38730,1390,1541,2934,1499,2544,4084,6962,45654,219594,19554,29579,7288,8964,27008,6032,240933,8513,14507,23020,8947,3175,3138,14664,2420,4877,4668,10592,1886,10772,2760,4493,11985,1077,85456,108476,7156,1967,3653,1747,144,5543,10738,-236,10502,643,2718,19407,28529,1009,1054,2063,1500,1591,3091,5154,33683,142159,17464,28762,5101,7801,15898,328,144388,1030,2703,3733,1005,2758,3763,11924,10426,22350,1138,3683,4821,3976,3994,7969,3753,2522,6275,4712,2162,6875,2192,582,2774,4154,1320,5474,2248,3637,5884,4782,7053,11835,1004,1595,2599,4921,754,5675,1991,350,2340,5823,1598,7421,5902,847,6748,5763,1277,7040,887,464,1351,1664,885,2549,10167,68866,58776,127642,16418,328,144388,0.0,0.0,0.0,0.0,0.0,0.0,0.0,0.0,0.0,0.0,0.0,0.0,0.0,0.0,0.0,0.0,0.0,0.0,0.0,0.0,0.0,0,0,0,0,0,0,0,0,0,0,0,0,0,0,0,0,0,0,0,0,0,7263,9157,33972,8120,12348,10347,9015,4431,11296,5044,18591,7480,12346,8228,13110,13913,12857,2626,4335,23741,225359,21806,-6047,240933,0.0,8.9,3.6,10.5,9.9,7.9,4.6,5.3,4.6,7.3,11.7,3.9,6.1,12.1,-3.0,2.3,3.7,5.4,3.6,2.5,5.1,8.3,5.7,0.0,0.3,0.5,0.3,0.5,0.3,0.2,0.1,0.2,0.1,0.9,0.1,0.3,0.4,-0.2,0.1,0.2,0.1,0.1,0.3,0.7,0.2,5.7,3748,3765,22639,3579,7069,7283,7073,2740,6890,5904,12084,3161,6183,2899,7796,6321,7487,2160,2451,10998,132232,12484,-328,144388,-2.7,15.9,5.2,36.5,3.8,2.6,4.1,7.7,7.3,10.2,13.9,4.8,7.3,13,1.2,5.4,1.6,17,-0.8,7.8,6.8,0.4,6.3,21,14.7,30.8,22.8,20.3,25.5,24,18.9,24.7,25.7,27.1,22.7,24,24.6,22.3,23.8,25.9,38.2,21.2,23.8,26.6,24.6,0,0,0,0,0,0,0,0,0,0,0,0,0,0,0,0,0,0,0,0,0,0,0
Jun-1999,13823,30279,43746,14385,9990,3179,30129,6814,5091,8694,16520,1399,12277,8162,9349,20873,1955,143357,186932,14623,8872,6942,4256,539,11754,7737,-491,7256,1151,2646,20846,42027,1606,2259,3855,1460,3266,4630,8395,50384,236213,20718,30975,7826,9077,25772,4671,255148,9246,15585,24831,9549,3426,3547,15616,2236,5078,4966,11413,2080,11509,3116,5362,13055,1187,92139,116970,7946,2004,4663,2374,311,7348,11353,-752,10601,647,2870,21466,31416,1138,1615,2752,1492,2130,3622,6375,37790,154760,17855,30883,5527,8313,14556,598,154101,1249,2667,3916,1173,1214,2387,12254,10285,22540,1198,4782,5980,4498,4509,9008,4055,2732,6787,4987,2355,7342,2298,815,3113,4505,2459,6965,2417,3885,6302,5107,7669,12777,1129,1437,2566,5897,608,6505,2507,283,2790,5912,1326,7238,6466,754,7220,6129,1313,7442,956,498,1454,1794,950,2745,10688,74532,61233,135765,17738,598,154101,0.0,0.0,0.0,0.0,0.0,0.0,0.0,0.0,0.0,0.0,0.0,0.0,0.0,0.0,0.0,0.0,0.0,0.0,0.0,0.0,0.0,0,0,0,0,0,0,0,0,0,0,0,0,0,0,0,0,0,0,0,0,0,7898,7076,35061,7994,14475,11088,9583,5011,11894,5421,21257,7685,13470,9101,12665,14424,13390,2845,4424,24277,237181,22763,-4607,255148,8.7,-22.7,3.2,-1.6,17.2,7.2,6.3,13.1,5.3,7.5,14.3,2.7,9.1,10.6,-3.4,3.7,4.1,8.3,2.0,2.3,5.2,4.4,5.9,0.3,-0.9,0.5,-0.1,0.9,0.3,0.2,0.2,0.2,0.2,1.1,0.1,0.5,0.4,-0.2,0.2,0.2,0.1,0,0.2,0.4,0.6,5.9,3965,2528,23370,4604,8128,7893,7486,3091,7554,6274,13453,3169,7121,3470,7536,6923,8195,2292,2637,11641,141329,13369,-598,154101,5.8,-32.9,3.2,28.7,15,8.4,5.8,12.8,9.6,6.3,11.3,0.2,15.2,19.7,-3.3,9.5,9.5,6.1,7.6,5.8,6.9,7.1,6.7,20.9,9.9,31.5,28.6,21.8,26.2,24.1,19.4,25.1,25.8,28.1,23.5,24.7,25.6,20.5,24.4,26.3,38.7,21.3,23.9,27.1,24.8,0,0,0,0,0,0,0,0,0,0,0,0,0,0,0,0,0,0,0,0,0,0,0
Jun-2000,14552,30665,44955,14882,10174,3474,31141,6953,5496,8817,16802,1599,12780,8679,10528,22061,2085,150240,195098,17569,9916,6503,4031,-53,10534,8974,-503,8488,1254,2990,22270,46448,1709,1652,3349,1781,3522,5263,8571,54969,249261,23939,34031,8328,9205,22186,4322,264801,10058,16228,26286,10094,3675,3859,16637,2259,5493,5574,11894,2245,11965,3419,6244,14053,1296,98707,124993,10262,2394,4479,2353,-31,6801,12479,-716,11762,749,3209,22521,35177,1212,1155,2367,1773,2252,4025,6392,41570,166563,20904,33492,5967,8429,12420,186,164120,1366,2887,4253,1165,2426,3592,12443,10875,23318,1194,4782,5976,4521,5233,9753,4264,2738,7003,5648,2272,7921,2522,958,3479,4731,2211,6942,2630,3919,6549,5176,8456,13633,1256,1673,2929,6485,977,7462,2998,278,3276,5775,1493,7268,6681,939,7620,6431,1586,8018,1033,708,1742,1990,988,2978,11355,78311,66755,145066,18867,186,164120,0.0,0.0,0.0,0.0,0.0,0.0,0.0,0.0,0.0,0.0,0.0,0.0,0.0,0.0,0.0,0.0,0.0,0.0,0.0,0.0,0.0,0,0,0,0,0,0,0,0,0,0,0,0,0,0,0,0,0,0,0,0,0,8899,7026,35679,8183,14881,11886,10309,5870,11982,5676,21679,8155,13847,9741,11927,14495,14140,3102,4730,25137,245590,23649,-4240,264801,12.7,-0.7,1.8,2.4,2.8,7.2,7.6,17.1,0.7,4.7,2.0,6.1,2.8,7.0,-5.8,0.5,5.6,9.0,6.9,3.5,3.5,3.9,3.8,0.4,0,0.2,0.1,0.2,0.3,0.3,0.3,0,0.1,0.2,0.2,0.1,0.3,-0.3,0,0.3,0.1,0.1,0.3,0.3,0.1,3.8,4342,3594,23587,4626,8795,8238,8126,3475,7548,6541,13979,3619,8131,4093,7199,7334,8970,2745,2867,12508,150317,13989,-186,164120,9.5,42.2,0.9,0.5,8.2,4.4,8.6,12.4,-0.1,4.3,3.9,14.2,14.2,17.9,-4.5,5.9,9.4,19.8,8.7,7.5,6.4,4.6,6.5,21.1,12.8,30.8,28.3,21,26,25,20.2,24.4,26.1,27,23.9,25.5,26.3,19.1,24.7,26.4,39.8,21.4,24.1,26.7,24.8,0,0,0,0,0,0,0,0,0,0,0,0,0,0,0,0,0,0,0,0,0,0,0
Jun-2001,14794,32242,46667,15793,10089,3305,32150,7251,5543,9096,18034,1806,13285,8734,10202,22287,2230,154742,201278,15062,9540,6379,3269,43,9800,9583,-768,8825,1154,3454,22698,44966,1004,1726,2714,1734,3412,5109,7812,52735,252659,24232,33890,8958,9042,20592,5204,268713,10658,18500,29158,10902,4026,3936,17764,2604,5660,5786,13281,2718,12895,3666,6566,14869,1467,106140,135298,9638,2437,4681,2011,27,6719,13471,-1080,12391,829,3797,23736,35811,688,1176,1864,1747,2291,4038,5903,41714,177012,24589,36892,6503,9171,12332,449,174822,1607,3874,5481,1228,2198,3426,13046,9834,22880,1274,5320,6593,4471,4941,9412,4518,2596,7114,5778,2337,8115,2695,930,3625,5054,1981,7034,2776,4187,6963,5505,8788,14293,1351,1677,3027,7568,1124,8692,3458,352,3810,6123,1794,7917,7441,1120,8561,7016,1597,8614,1101,711,1812,2084,1014,3098,11996,84096,68370,152466,21907,449,174822,0.0,0.0,0.0,0.0,0.0,0.0,0.0,0.0,0.0,0.0,0.0,0.0,0.0,0.0,0.0,0.0,0.0,0.0,0.0,0.0,0.0,0,0,0,0,0,0,0,0,0,0,0,0,0,0,0,0,0,0,0,0,0,9142,6066,35154,8060,14137,11364,10664,5840,12624,5919,21723,8209,15662,10635,12941,14852,15210,3380,5115,26064,250918,23111,-5147,268713,2.7,-13.7,-1.5,-1.5,-5.0,-4.4,3.4,-0.5,5.4,4.3,0.2,0.7,13.1,9.2,8.5,2.5,7.6,9.0,8.1,3.7,2.2,-2.3,1.5,0.1,-0.4,-0.2,0,-0.3,-0.2,0.1,0,0.2,0.1,0,0,0.7,0.3,0.4,0.1,0.4,0.1,0.1,0.4,-0.2,-0.3,1.5,5600,3863,23018,5205,8299,8309,8414,3613,7958,6959,14653,3778,9449,4740,8082,8091,9870,2841,2980,13001,158724,16547,-449,174822,29,7.5,-2.4,12.5,-5.6,0.9,3.5,4,5.4,6.4,4.8,4.4,16.2,15.8,12.3,10.3,10,3.5,4,3.9,5.6,18.3,6.5,22.7,10.9,29.7,29.5,22.8,25.5,24.9,19.9,24.7,26.2,26.7,23.2,25.8,26.4,20.3,25.2,27.1,39.4,21.5,24.2,27.1,24.8,0,0,0,0,0,0,0,0,0,0,0,0,0,0,0,0,0,0,0,0,0,0,0
Jun-2002,15932,32704,48405,15864,9943,3500,32957,7449,6270,9851,18723,1922,14343,9362,10575,22728,1311,160376,208641,17752,10869,6556,4151,-373,10397,10263,-786,9487,1081,3730,24218,49548,1153,1856,2992,1881,4336,6082,9083,58563,266303,24203,34736,9709,8309,16111,6166,279448,11672,19368,31040,11459,4150,4106,18967,2855,6536,6515,13569,2906,14025,4036,7089,15722,888,112824,143863,11754,3442,4997,2648,-242,7404,14387,-1095,13291,840,4096,25631,40827,853,1382,2235,1930,2999,4929,7163,47990,191853,24604,37650,7208,8703,9779,669,187761,1617,4906,6523,1285,2126,3411,13582,10463,24045,1404,3947,5351,5084,5692,10776,4574,3119,7692,6422,2828,9250,2830,942,3773,5227,2342,7568,2881,4499,7380,5951,9334,15285,1458,2142,3600,8467,1149,9616,3907,478,4385,6836,1961,8796,7833,1137,8970,7579,1668,9247,1166,729,1895,2345,1187,3533,12858,90448,73507,163955,23137,669,187761,0.0,0.0,0.0,0.0,0.0,0.0,0.0,0.0,0.0,0.0,0.0,0.0,0.0,0.0,0.0,0.0,0.0,0.0,0.0,0.0,0.0,0,0,0,0,0,0,0,0,0,0,0,0,0,0,0,0,0,0,0,0,0,9573,6011,34521,8164,16064,11094,11607,6165,13060,6190,23131,8868,17214,11424,14229,15026,16110,3420,5529,26392,261693,24067,-6132,279448,4.7,-0.9,-1.8,1.3,13.6,-2.4,8.8,5.6,3.5,4.6,6.5,8.0,9.9,7.4,10.0,1.2,5.9,1.2,8.1,1.3,4.3,4.1,4.0,0.2,0,-0.2,0,0.7,-0.1,0.4,0.1,0.2,0.1,0.5,0.2,0.6,0.3,0.5,0.1,0.3,0,0.2,0.1,0.4,-0.4,4,6649,3503,23984,4590,10299,8965,9407,3735,8458,7367,15205,4423,10479,5383,9201,8348,10617,2905,3373,13930,170820,17610,-669,187761,18.7,-9.3,4.2,-11.8,24.1,7.9,11.8,3.4,6.3,5.9,3.8,17.1,10.9,13.6,13.8,3.2,7.6,2.2,13.2,7.1,7.6,6.4,7.4,22.3,9.6,30.1,24.1,24,25.2,25.4,20.3,24.6,26.6,26.7,25.1,26.9,26.8,21.4,24.7,27.2,39.2,22.2,24.4,27.6,24.9,0,0,0,0,0,0,0,0,0,0,0,0,0,0,0.1,0,0,0,0,0,0,0,0
Jun-2003,16469,33875,50099,16171,9825,3838,33973,7718,6583,10165,19467,2071,15357,9333,10443,23459,2117,166765,216736,18907,11482,7424,5277,56,12726,11910,-922,11001,811,4181,28059,55646,795,1890,2672,2132,4806,6801,9518,65114,281502,21613,39857,10048,8543,17363,7099,289224,12374,20896,33270,12167,4268,4595,20245,3101,6849,7155,14683,3254,14950,4410,7271,16663,1476,121088,154358,12914,3887,5812,3491,36,9338,16017,-1220,14797,664,4489,29287,46088,571,1395,1966,2081,3311,5392,7358,53446,207804,20957,40878,7689,8834,13112,22,199871,1518,3379,4897,1454,2109,3563,14842,11036,25878,1440,3723,5163,5827,6675,12502,5214,4048,9262,6841,2900,9741,3089,932,4021,5268,2811,8079,2800,4960,7760,6181,9955,16135,1773,2431,4203,8688,1573,10261,4495,499,4994,7170,1965,9135,8813,1153,9967,8360,1692,10051,1053,793,1846,2479,1403,3882,13255,97304,77291,174596,25254,22,199871,0.0,0.0,0.0,0.0,0.0,0.0,0.0,0.0,0.0,0.0,0.0,0.0,0.0,0.0,0.0,0.0,0.0,0.0,0.0,0.0,0.0,0,0,0,0,0,0,0,0,0,0,0,0,0,0,0,0,0,0,0,0,0,7871,5750,35561,9030,18490,12160,11986,6623,13422,6471,24062,9442,17402,11478,13961,15798,17074,3448,5902,26784,270632,25772,-7090,289224,-17.8,-4.3,3.0,10.6,15.1,9.6,3.3,7.4,2.8,4.5,4.0,6.5,1.1,0.5,-1.9,5.1,6.0,0.8,6.8,1.5,3.4,7.1,3.5,-0.6,-0.1,0.4,0.3,0.9,0.4,0.1,0.2,0.1,0.1,0.3,0.2,0.1,0,-0.1,0.3,0.3,0,0.1,0.1,0.6,-0.3,3.5,5023,3570,25934,4710,11477,10495,9798,3801,8872,7623,15992,5016,11184,6019,9392,8915,11535,2972,3715,14595,180639,19254,-22,199871,-24.4,1.9,8.1,2.6,11.4,17.1,4.1,1.8,4.9,3.5,5.2,13.4,6.7,11.8,2.1,6.8,8.6,2.3,10.1,4.8,5.7,9.3,6.4,21.7,9.8,29.8,23.3,23.5,26.4,25,20.2,23.9,26.2,27,24.8,26.7,26.8,21,24.6,27.6,37.8,22.7,24.3,27.4,25,0,0,0,0,0,0,0,0,0,0,0,0,0,0,0,0,0,0,0,0,0,0,0
Jun-2004,16992,35009,51744,16886,10000,4149,35089,7943,6890,10534,20358,2151,16188,9566,11199,25031,1793,174281,225932,20375,10623,7692,5641,-430,12915,12904,-1252,11669,1056,4456,29528,58358,1079,2963,4025,2216,4246,6418,10413,68693,294353,21483,44273,10997,10065,18685,7705,298886,12919,22015,34934,13053,4513,4989,21478,3287,7122,7599,15478,3429,15484,4701,8075,17902,1280,128392,163326,14466,4280,6432,3869,-291,10009,15738,-1494,14244,910,4666,29829,48575,772,2229,3001,2017,3017,5034,8035,56610,219936,19450,40461,8538,9362,13722,1113,212936,1767,4015,5782,1441,1618,3059,14811,13299,28110,1339,4180,5519,6055,7109,13164,5485,4859,10343,7103,3209,10312,3236,1182,4417,5548,3518,9066,2890,5296,8186,6203,9860,16063,1975,2006,3981,9566,1408,10974,4898,505,5403,7547,1750,9297,8942,1129,10071,9189,1805,10994,1200,897,2097,2595,1659,4254,13833,101789,83137,184925,26897,1113,212936,0.0,0.0,0.0,0.0,0.0,0.0,0.0,0.0,0.0,0.0,0.0,0.0,0.0,0.0,0.0,0.0,0.0,0.0,0.0,0.0,0.0,0,0,0,0,0,0,0,0,0,0,0,0,0,0,0,0,0,0,0,0,0,9855,5508,35834,9691,18297,13339,12867,6868,14149,6904,25177,9311,17862,11112,13442,16024,17998,3645,6209,27558,280175,26534,-7714,298886,25.2,-4.2,0.8,7.3,-1.0,9.7,7.3,3.7,5.4,6.7,4.6,-1.4,2.6,-3.2,-3.7,1.4,5.4,5.7,5.2,2.9,3.5,3.0,3.3,0.7,-0.1,0.1,0.2,-0.1,0.4,0.3,0.1,0.3,0.1,0.4,0,0.2,-0.1,-0.2,0.1,0.3,0.1,0.1,0.3,0.3,-0.2,3.3,5921,3212,27932,5303,12121,11715,10644,4174,9858,8308,16607,4856,11975,6577,9557,9326,12637,3237,4130,15466,193556,20493,-1113,212936,17.9,-10,7.7,12.6,5.6,11.6,8.6,9.8,11.1,9,3.8,-3.2,7.1,9.3,1.8,4.6,9.6,8.9,11.2,6,7.2,6.4,6.5,22.5,9.3,29.8,24.8,21.4,27.6,25.4,20.2,24.4,26.9,26.5,24.3,26,25.9,19.8,24.5,27.6,37.6,22.9,24.1,27.3,24.7,0,0,0,0,0,0,0,0,0,0,0,0,0,0,0,0,0,0,0,0,0,0,0
Jun-2005,17750,35383,52946,17530,10666,4461,36237,8266,7300,11215,21411,2319,16863,9667,11338,26460,2394,182749,235685,20033,9545,8153,6395,-424,14084,14558,-869,13697,1000,4792,33174,61968,1300,2137,3404,2490,4301,6787,10187,72129,307578,21491,49311,10969,11054,23114,8410,311197,13920,23210,37130,13565,4878,5260,22791,3489,7427,8320,16640,3758,16035,5152,8378,19006,1750,136448,173578,14626,3941,7270,4517,-308,11478,17179,-998,16181,885,4991,33535,52101,951,1693,2644,2246,3141,5387,8031,60132,233710,19980,45280,8719,10349,17885,2462,227126,1902,4077,5979,1447,2346,3793,15299,12164,27464,1603,4350,5954,6105,8684,14789,6174,4928,11102,7587,3134,10721,3706,1192,4898,6195,3698,9892,3036,5533,8569,6802,11565,18367,2213,2094,4306,10108,1968,12076,5225,662,5887,7921,2050,9971,9582,1233,10815,9474,1983,11457,1104,932,2036,2926,1568,4494,14610,108409,88771,197180,27484,2462,227126,0.0,0.0,0.0,0.0,0.0,0.0,0.0,0.0,0.0,0.0,0.0,0.0,0.0,0.0,0.0,0.0,0.0,0.0,0.0,0.0,0.0,0,0,0,0,0,0,0,0,0,0,0,0,0,0,0,0,0,0,0,0,0,9635,5296,35771,10128,20835,13906,13496,7086,15381,7134,27334,9312,17975,11538,15185,16619,18194,3722,6194,28912,292040,27703,-8436,311197,-2.2,-3.8,-0.2,4.5,13.9,4.2,4.9,3.2,8.7,3.3,8.6,0.0,0.6,3.8,13.0,3.7,1.1,2.1,-0.2,4.9,4.2,4.4,4.1,-0.1,-0.1,0,0.1,0.8,0.2,0.2,0.1,0.4,0.1,0.7,0,0,0.1,0.6,0.2,0.1,0,0,0.5,0.4,-0.2,4.1,6124,3476,28737,5888,14464,12295,11110,4370,11219,8858,18546,5270,12860,7198,11067,10381,13053,3263,4388,16486,209052,20535,-2462,227126,3.4,8.2,2.9,11,19.3,5,4.4,4.7,13.8,6.6,11.7,8.5,7.4,9.4,15.8,11.3,3.3,0.8,6.2,6.6,8,0.2,6.7,23,7.5,30.1,25.6,23.2,27.8,25.3,19.8,25.1,27,27.2,24.1,25.5,25.8,21.8,25.3,26.6,36.3,23.3,23.8,27.4,24.6,0,0,0,0,0,0,0,0,0,0,0,0,0,0,0,0,0,0,0,0,0,0,0
Jun-2006,17747,37089,54538,17898,10757,4672,37321,8235,7088,11753,21332,2491,17553,10133,11594,28440,1682,187626,242144,18921,9492,8436,7699,-418,15529,16947,-1082,15875,1037,5050,37185,65799,1625,2343,3919,2680,4754,7419,11332,77074,319265,21274,52409,11830,11629,20276,9013,317619,14250,25413,39663,14467,5094,5418,24159,3541,7249,8887,17648,4039,16699,5681,8855,20999,1266,144002,183665,14059,4197,7239,5483,-316,12406,19793,-1216,18577,945,5319,37247,55503,1167,1850,3017,2552,3783,6335,9353,64856,248520,20445,49731,9647,11099,17081,3415,238280,1795,4345,6140,1698,2775,4473,15625,11577,27202,1671,4199,5870,6670,9123,15793,6355,4939,11294,7846,3256,11102,3400,1507,4907,6562,3770,10332,3197,5453,8650,7669,11440,19108,2321,2284,4605,11592,1860,13453,5792,814,6607,7898,2162,10060,10268,1353,11621,10463,2176,12639,1034,982,2016,3427,1493,4920,15561,115283,91070,206353,28512,3415,238280,0.0,0.0,0.0,0.0,0.0,0.0,0.0,0.0,0.0,0.0,0.0,0.0,0.0,0.0,0.0,0.0,0.0,0.0,0.0,0.0,0.0,0,0,0,0,0,0,0,0,0,0,0,0,0,0,0,0,0,0,0,-1,0,10183,5684,34352,9828,21865,14115,13516,7367,15985,7481,27777,9829,18736,12360,15513,16898,18958,3734,6537,29768,298467,28317,-9053,317619,5.7,7.3,-4.0,-3.0,4.9,1.5,0.1,4.0,3.9,4.9,1.6,5.6,4.2,7.1,2.2,1.7,4.2,0.3,5.5,3.0,2.2,2.2,2.1,0.2,0.1,-0.5,-0.1,0.3,0.1,0,0.1,0.2,0.1,0.1,0.2,0.2,0.3,0.1,0.1,0.2,0,0.1,0.3,0.2,-0.2,2.1,6272,4530,28636,5856,15240,12546,11536,4685,11933,9004,19849,5688,14132,7801,11827,11205,14239,3265,4758,17520,220521,21174,-3415,238280,2.4,30.3,-0.4,-0.5,5.4,2,3.8,7.2,6.4,1.6,7,7.9,9.9,8.4,6.9,7.9,9.1,0.1,8.4,6.3,5.5,3.1,4.9,23.1,6.9,29.1,24.4,22.8,27.4,25.1,20.1,25.5,27.3,26.4,24.4,25.5,26.1,21.7,25.3,26.4,35.7,24.7,23.4,26.8,23.9,0,0,0,0,0,0,0,0,0,0,0,0,0,0,0,0,0,0,0,0,0,0,0
Jun-2007,18813,37561,56160,18239,10692,5194,38414,8351,7617,12250,22471,2589,18340,10411,11925,30402,2145,196200,252376,18885,9178,9367,6855,-905,15316,17064,-1011,16061,871,5641,37702,66216,826,2852,3696,2726,4687,7406,11111,77276,329453,21556,55301,13095,13154,22195,9033,326877,15833,26931,42764,15814,5352,5935,25980,3684,7828,9766,19298,4213,17563,6087,9431,22848,1659,155457,198221,14014,4678,8492,5248,-731,13009,19450,-1115,18335,788,6006,38137,56829,613,2270,2884,2586,3763,6349,9232,66061,264282,21622,52121,10972,12596,18752,4241,255153,1803,3714,5517,1771,2834,4605,15718,10717,26435,1771,3985,5756,7298,9811,17110,7152,4698,11850,8172,4054,12227,3462,1462,4923,6907,5455,12363,3467,5826,9293,9000,12489,21489,2456,2836,5292,12975,3704,16679,6384,1136,7520,7894,2079,9972,10846,1480,12326,11358,2313,13671,1344,788,2133,3785,1461,5247,16784,123565,97626,221191,29721,4240,255153,0.0,0.0,0.0,0.0,0.0,0.0,0.0,0.0,0.0,0.0,0.0,0.0,0.0,0.0,0.0,0.0,0.0,0.0,0.0,0.0,0.0,0,0,0,0,0,0,0,0,0,0,0,0,0,0,0,0,0,0,0,0,-1,8996,5555,33867,9480,22492,14169,14280,7605,16641,8206,30718,9630,19952,13043,15953,17439,19453,4088,6739,30209,307024,29036,-9068,326877,-11.7,-2.3,-1.4,-3.5,2.9,0.4,5.7,3.2,4.1,9.7,10.6,-2.0,6.5,5.5,2.8,3.2,2.6,9.5,3.1,1.5,2.9,2.5,2.9,-0.4,0,-0.2,-0.1,0.2,0,0.2,0.1,0.2,0.2,0.9,-0.1,0.4,0.2,0.1,0.2,0.2,0.1,0.1,0.1,0.2,0,2.9,5630,4629,28398,5793,16787,13037,12679,5073,13743,9859,22439,6535,16680,9167,12166,12007,15439,3341,5028,19125,237558,21836,-4241,255153,-10.2,2.2,-0.8,-1.1,10.2,3.9,9.9,8.3,15.2,9.5,13.1,14.9,18,17.5,2.9,7.2,8.4,2.3,5.7,9.2,7.7,3.1,7.1,23.5,6,28.2,23.3,22,26.8,24.8,20.4,25.2,28.1,26.4,25,26.3,26.4,21.2,25.5,25.8,36.1,24.9,23.2,25.8,23.5,0,0,0,0,0,0,0,0,0,0,0,0,0,0,0,0,0,0,0,0,0,0,0
Jun-2008,19334,38321,57453,18395,10357,5896,39384,8456,8077,12667,24408,2695,19869,10571,11631,31974,1402,203829,261325,19931,10027,11442,6018,-159,17485,18111,-1064,17055,839,6375,41390,71972,368,3473,3894,3070,4527,7638,11536,83467,344813,21603,61786,14506,14918,25446,8491,338154,17082,28624,45706,16430,5437,6736,28193,3976,8302,10355,22018,4452,19270,6366,9579,24296,1124,166532,212238,15528,5524,11313,4761,-141,15932,19493,-1113,18380,969,6810,42091,63143,284,2943,3227,2939,4055,6994,10221,73364,285602,22012,56897,12503,13830,22854,4961,277206,1866,5593,7459,1846,3017,4863,16415,11422,27837,1832,4428,6260,8403,9108,17511,8383,5040,13423,9129,4218,13347,3638,1511,5150,7507,6006,13513,3899,5720,9619,9527,15023,24550,2799,2794,5593,14809,3788,18596,7384,1265,8650,7486,1863,9349,11513,1418,12931,12478,2326,14803,1343,1045,2389,3941,1441,5381,18855,134199,105880,240079,32166,4961,277206,0.0,0.0,0.0,0.0,0.0,0.0,0.0,0.0,0.0,0.0,0.0,0.0,0.0,0.0,0.0,0.0,0.0,0.0,0.0,0.0,0.0,0,0,0,0,0,0,0,0,0,0,0,0,0,0,0,0,0,0,0,0,0,9313,5432,35423,10187,23370,14844,15218,7386,17721,8520,33201,8930,20481,13979,14947,17956,19870,4247,6809,30759,317305,29463,-8508,338154,3.5,-2.2,4.6,7.5,3.9,4.8,6.6,-2.9,6.5,3.8,8.1,-7.3,2.6,7.2,-6.3,3.0,2.1,3.9,1.0,1.8,3.3,1.5,3.5,0.1,0,0.5,0.2,0.3,0.2,0.3,-0.1,0.3,0.1,0.8,-0.2,0.2,0.3,-0.3,0.2,0.1,0,0,0.2,0.1,0.2,3.5,7583,5202,30978,6530,17699,14541,13820,5325,14864,10329,24759,6974,18507,10174,11602,12787,16678,3740,5240,21084,258418,23749,-4961,277206,34.7,12.4,9.1,12.7,5.4,11.5,9,5,8.2,4.8,10.3,6.7,11,11,-4.6,6.5,8,12,4.2,10.2,8.8,8.8,8.6,27.5,6.2,28.6,24.8,21.3,27.2,24.8,19.8,25.6,27.5,27.1,24,26.1,26.4,19.8,25.7,25,37.3,24.7,23,26.6,23.5,0,0,0,0,0,0,0,0,0,0,0,0,0,0,0,0,0,0,0,0,0,0,0
Jun-2009,19447,39709,58880,19344,10312,6416,40438,8299,8100,13260,22528,2784,20084,11081,11815,30578,1665,204899,263800,21399,8448,10898,6587,-266,17285,17497,-1027,16477,941,6466,40809,71610,368,3784,4212,2917,5270,8205,12418,83995,347800,21234,56883,15338,14476,23103,8195,344311,18196,31222,49418,17982,5613,7215,30846,4132,8207,10877,19638,4484,19731,7091,9663,25162,1377,172020,221438,16921,4613,10584,5596,-240,15940,19118,-1117,18001,919,7043,41903,63437,312,3394,3706,2938,4843,7780,11486,74923,296361,21693,58688,13646,14693,23781,6326,288425,1748,5084,6832,1987,3157,5144,15557,11140,26697,1830,4288,6118,8601,10473,19074,8879,4947,13826,9785,4357,14141,3849,1775,5625,7472,6233,13704,4098,5847,9944,8491,18109,26600,2971,2536,5507,15437,4675,20112,6817,1566,8383,8254,1939,10193,12389,1621,14010,13712,2500,16212,1430,1194,2623,4162,1541,5703,20390,137467,113371,250838,31261,6326,288425,0.0,0.0,0.0,0.0,0.0,0.0,0.0,0.0,0.0,0.0,0.0,0.0,0.0,0.0,0.0,0.0,0.0,0.0,0.0,0.0,0.0,0,0,0,0,0,0,0,0,0,0,0,0,0,0,0,0,0,0,0,-1,0,9511,5955,32837,10694,24854,15270,15703,7356,17992,8673,31721,9101,22929,12468,16875,18589,21165,4512,6823,31587,323550,29064,-8206,344311,2.1,9.6,-7.3,5.0,6.4,2.9,3.2,-0.4,1.5,1.8,-4.5,1.9,12.0,-10.8,12.9,3.5,6.5,6.2,0.2,2.7,2.0,-1.4,1.8,0.1,0.2,-0.8,0.1,0.4,0.1,0.1,0,0.1,0,-0.4,0.1,0.7,-0.4,0.6,0.2,0.4,0.1,0,0.2,-0.1,0.1,1.8,6957,5506,30629,6883,19411,14831,14855,5801,15220,10800,26432,6830,21429,9421,13398,14033,17816,3756,5556,22996,272559,22192,-6326,288425,-8.3,5.8,-1.1,5.4,9.7,2,7.5,8.9,2.4,4.6,6.8,-2.1,15.8,-7.4,15.5,9.7,6.8,0.4,6,9.1,5.5,-6.6,4,24.1,4.8,28.8,24.9,21.3,27.7,25.5,20.2,25.8,27.8,25.9,23.2,27.6,25.3,21,25.7,25,36.2,24.1,22.8,26.8,22.9,0,0,0,0,0,0,0,0,0,0,0,0,0,0,0,0,0,0,0,0,0,0,0
Jun-2010,19732,41043,60448,19524,10457,6981,41594,9275,8574,13655,23011,2849,20755,11729,11932,31589,1897,211778,272248,22542,9690,8912,7351,-208,15954,18462,-1257,17213,840,6535,40373,72891,476,4710,5260,3885,7352,11251,16538,89540,361926,21491,61257,15185,16291,20190,7486,348730,19068,33648,52716,18180,5879,7784,33233,4976,8791,11510,20339,4589,20635,8070,9920,26503,1604,182016,234732,18533,5958,8408,6322,-184,14545,19048,-1326,17723,925,7063,40256,64746,407,4184,4590,3804,6682,10486,15076,79823,314554,19504,56619,13194,14176,20064,5708,302231,1810,5514,7323,2038,2324,4362,14973,11673,26646,1894,4080,5974,9236,11607,20843,9296,5383,14679,9835,4346,14181,4245,1898,6143,7421,6207,13629,3964,6596,10560,9356,18452,27808,2926,2860,5786,15210,7177,22387,7149,1890,9039,8956,2023,10979,13286,1607,14893,14720,2951,17671,1688,1119,2806,4339,1647,5986,21551,142340,120905,263245,33278,5708,302231,0.0,0.0,0.0,0.0,0.0,0.0,0.0,0.0,0.0,0.0,0.0,0.0,0.0,0.0,0.0,0.0,0.0,0.0,0.0,0.0,0.0,0,0,0,0,0,0,0,0,0,0,0,0,0,0,0,0,0,0,0,-1,-1,9446,5317,32669,10659,25004,15547,15755,7207,17811,8892,33529,9128,23505,12170,16583,19076,22774,4401,6793,31839,327132,29172,-7493,348730,-0.7,-10.7,-0.5,-0.3,0.6,1.8,0.3,-2.0,-1.0,2.5,5.7,0.3,2.5,-2.4,-1.7,2.6,7.6,-2.5,-0.4,0.8,1.1,0.4,1.3,0.0,-0.2,0,0,0,0.1,0,0,-0.1,0.1,0.5,0,0.2,-0.1,-0.1,0.1,0.5,0,0,0.1,0,0.2,1.3,7428,4460,29897,7370,20671,15316,14972,6120,15237,11592,28359,7172,22151,10113,13866,15230,20009,3848,5796,24503,284111,23827,-5708,302231,6.8,-19,-2.4,7.1,6.5,3.3,0.8,5.5,0.1,7.3,7.3,5,3.4,7.3,3.5,8.5,12.3,2.4,4.3,6.6,4.2,7.4,4.8,26,4.7,28.8,24.5,21.2,27.3,25.1,20,25.1,27.9,27.2,23.1,26.5,25,20.5,26,25.4,35.2,24,22.8,26.5,23.2,0,0,0,0,0,0,0,0,0,0,0,0,0,0,0.1,0,0,0,0,0,0,0,0
Jun-2011,20413,41935,62041,19658,10413,7521,42737,9376,9248,14366,25111,3059,23117,12061,12738,32346,1498,221896,283945,24416,9121,7497,8292,138,15715,16925,-1280,15650,1026,7104,39363,73098,475,5195,5753,3900,7189,11108,16863,90079,374083,22147,67003,14779,18942,26283,7596,358943,20368,35672,56040,18567,6545,8148,35886,5587,9337,12304,22595,4707,22607,8891,10827,27617,1305,194923,250962,20900,6284,7617,7424,130,15171,16644,-1277,15368,1168,7595,39302,66485,422,4731,5153,3751,6719,10470,15623,82108,333070,21345,60425,13110,15463,25430,6473,323540,1752,6278,8030,1964,2378,4342,15409,10493,25902,1930,4244,6174,9883,13109,22992,9869,5268,15137,10693,4486,15179,4515,1995,6509,7668,7449,15117,3794,6404,10198,11049,20551,31600,2986,3136,6123,17752,6351,24104,7762,2173,9935,9632,1848,11480,14532,1564,16096,16810,2737,19547,1777,1184,2961,4753,1675,6429,23258,154532,126581,281113,35953,6473,323540,0.0,0.0,0.0,0.0,0.0,0.0,0.0,0.0,0.0,0.0,0.0,0.0,0.0,0.0,0.0,0.0,0.0,0.0,0.0,0.0,0.0,0,0,0,0,0,0,0,0,0,0,0,0,0,0,0,0,0,0,0,0,-1,9547,5259,32668,10860,26090,15090,16196,7461,18562,9066,35811,9290,25311,12789,16744,19760,23001,4499,7168,32801,336829,29787,-7603,358943,1.1,-1.1,0.0,1.9,4.3,-2.9,2.8,3.5,4.2,1.9,6.8,1.8,7.7,5.1,1.0,3.6,1.0,2.2,5.5,3.0,3.0,2.1,2.9,0.0,0,0,0.1,0.3,-0.1,0.1,0.1,0.2,0,0.7,0,0.5,0.2,0,0.2,0.1,0,0.1,0.3,0.2,0,2.9,8213,4827,29974,8253,22755,15804,16048,6661,16690,11421,31739,7660,23800,11293,14582,16670,21938,3969,6377,26134,304807,25205,-6473,323540,10.6,8.2,0.3,12,10.1,3.2,7.2,8.8,9.5,-1.5,11.9,6.8,7.4,11.7,5.2,9.5,9.6,3.1,10,6.7,7.3,5.8,7.1,25.5,3.7,28.8,24.3,21.7,26.7,25.3,20.3,25.5,27.5,28.5,23.3,26.4,24.6,20.1,26,25.1,35,25,23,27.1,22.8,0,0,0,0,0,0,0,0,0,0,0,0,0,0,0.1,0,0,0,0,0,0,0,0
Jun-2012,21509,42674,63949,20118,10534,7508,43872,9251,9877,14937,26287,3233,24823,12512,12570,33325,1403,229226,293179,24733,8388,8292,8522,-2417,14264,16795,-1482,15314,966,7714,38215,71581,713,4395,5176,4584,6813,11432,16636,88335,381464,24028,70768,14453,20262,30591,6739,366246,21876,37521,59397,19263,6908,8186,38574,6259,10003,12920,24223,4858,24061,9759,11070,28851,1250,206184,265581,21360,5677,8187,7683,-2314,13556,16120,-1422,14697,1100,8262,37616,64652,657,4139,4796,4310,6400,10710,15505,80157,345738,23171,64444,13141,16369,28401,6819,336457,1959,6067,8026,2170,2549,4720,16060,9946,26005,2831,3746,6577,10044,13311,23355,10123,5325,15448,11069,5332,16401,4984,2150,7134,8117,7804,15921,4088,6595,10683,10922,21490,32412,3163,3997,7160,19663,5987,25650,8603,1659,10262,9964,1976,11940,14880,1619,16499,17247,2915,20162,1631,1369,3000,5217,1944,7162,24598,162732,130381,293112,36526,6819,336457,0.0,0.0,0.0,0.0,1.2,0.0,0.0,0.0,0.0,0.0,0.1,0.0,0.0,0.0,0.1,0.0,0.0,0.0,0.0,0.0,0.0,0,0,0,0,0,0,0,0,1,0,1,0,1,1,1,1,1,0,0,0,5,9716,5349,31883,10681,26953,15768,16784,7465,18755,9253,37106,9866,25733,12730,16800,20290,23562,4492,7393,33234,342758,30303,-6744,366246,1.8,1.7,-2.4,-1.6,3.3,4.5,3.6,0.0,1.0,2.1,3.6,6.2,1.7,-0.5,0.3,2.7,2.4,-0.2,3.1,1.3,1.8,1.7,2.0,0.0,0,-0.2,0,0.2,0.2,0.2,0,0.1,0.1,0.4,0.2,0.1,0,0,0.1,0.2,0,0.1,0.1,0.1,0.2,2,8236,4939,29541,9136,23386,16409,17316,6866,17814,11743,32980,8713,25249,11803,15101,17328,22718,4119,6954,28045,318394,24882,-6819,336457,0.3,2.3,-1.4,10.7,2.8,3.8,7.9,3.1,6.7,2.8,3.9,13.7,6.1,4.5,3.6,4,3.6,3.8,9,7.3,4.5,-1.3,4,24.4,3.7,28,23.9,20.1,26.2,25.4,19.7,24.9,27.9,28.1,23.1,25.6,24.7,19.5,25.6,25,34.2,24.6,23.1,26.9,22.4,0,0,0,0,0,0,0,0,0,0,0,0.2,0.2,0,0,0,0,0,0,0,0.1,0,0
Jun-2013,21571,42365,63723,20572,10525,7847,44931,8952,9682,15568,27095,3249,24064,12957,12382,33594,1112,231518,295224,24852,8274,9277,7165,-5704,10691,16957,-1445,15514,1053,7773,35124,68240,1181,8874,10195,3486,7575,11095,21286,89786,384961,25091,68036,14742,20642,27170,6946,370232,22004,37849,59853,19944,7220,8484,40542,7312,9745,13851,25285,5092,23546,10660,11123,30032,1013,213848,273701,21487,5612,9174,6640,-5501,10313,15991,-1371,14620,1213,8327,34473,61571,1086,8507,9593,3295,7189,10484,20077,81649,355350,23242,61775,13672,16897,24786,6266,344644,2092,6196,8288,2147,2174,4321,14925,9927,24852,2826,4159,6985,10868,12394,23262,10427,5762,16189,12107,5313,17419,5302,2189,7491,8175,8176,16352,4216,6607,10822,10299,21887,32186,3426,4003,7429,21177,6047,27225,8632,1482,10114,10281,2239,12520,15628,1672,17300,18111,3131,21242,1627,1379,3006,4993,1880,6873,25843,167258,132460,299718,38660,6266,344644,0.0,0.0,0.0,0.0,-2.4,0.0,0.0,0.0,0.0,0.0,-0.2,0.0,0.0,0.0,-0.2,-0.1,0.0,0.0,0.0,0.0,0.0,0,0,1,0,1,1,1,1,1,0,0,0,2,1,1,1,1,0,0,-1,9,10398,5152,30512,10603,26608,16639,17492,7367,19281,9448,37008,10014,27007,12548,17363,20690,24322,4338,6870,33639,346492,30777,-6951,370232,7.0,-3.7,-4.3,-0.7,-1.3,5.5,4.2,-1.3,2.8,2.1,-0.3,1.5,4.9,-1.4,3.3,2.0,3.2,-3.4,-7.1,1.2,1.1,1.6,1.1,0.2,-0.1,-0.4,0,-0.1,0.2,0.2,0,0.1,0.1,0,0,0.3,0,0.2,0.1,0.2,0,-0.1,0.1,0.1,-0.1,1.1,8545,4328,28239,10195,23446,17214,17938,7038,18437,12044,33322,9028,26785,11635,15826,18123,23610,3988,6583,29587,325911,24999,-6266,344644,3.7,-12.4,-4.4,11.6,0.3,4.9,3.6,2.5,3.5,2.6,1,3.6,6.1,-1.4,4.8,4.6,3.9,-3.2,-5.3,5.5,2.4,0.5,2.4,24.4,3.7,27.9,23.5,19,26.6,25.7,19.5,24.6,28.4,27.1,22.1,25.7,24.5,19.8,25.5,24.6,33,23.6,23,26,22.4,0,0,0,0,0,0,0,0,0,0,0,-1.4,0,0,-0.1,0,0,0,0,0,0,0,0
Jun-2014,22863,42819,65558,21920,10529,8487,46134,9024,10068,16080,26958,3661,23570,13341,12604,35564,1074,238303,303843,24647,9294,9655,6646,-1100,15183,16052,-1502,14550,909,7969,38659,72656,1426,3401,4858,3542,6784,10356,15222,87877,391737,25790,71244,15494,19886,30957,5965,378812,23156,39312,62467,21582,7784,9094,42757,7658,10172,14629,26223,5216,23186,11567,11595,32381,1005,224849,287316,21858,7042,9572,6330,-1073,14828,15608,-1472,14136,931,8478,38373,67273,1336,3294,4630,3385,6464,9849,14479,81752,369068,25822,69756,14749,17965,30091,5356,357366,2421,6617,9038,2070,2150,4221,14467,10573,25040,3080,3854,6933,11061,12768,23830,10172,6399,16571,12202,5236,17437,5933,1918,7850,8644,8054,16698,4311,6744,11055,10450,23969,34419,3750,4507,8257,21999,5593,27592,9161,1369,10530,10699,2574,13273,15645,1980,17624,19649,3427,23076,1617,1522,3139,5278,2113,7392,27013,172609,138380,310989,41021,5356,357366,0.0,0.0,0.0,0.0,-2.8,0.0,0.0,0.0,0.0,0.0,-0.2,0.0,0.0,0.0,-0.2,0.0,0.0,0.0,0.0,0.0,-0.1,0,0,1,0,1,1,1,0,1,0,1,0,2,1,1,1,2,0,1,0,16,10325,5087,30659,10420,26788,16619,17606,7470,19307,9941,38512,10726,26977,13321,18328,20872,26204,4366,7098,33922,353822,30991,-5969,378812,-0.7,-1.3,0.5,-1.7,0.7,-0.1,0.7,1.4,0.1,5.2,4.1,7.1,-0.1,6.2,5.6,0.9,7.7,0.6,3.3,0.8,2.1,0.7,2.3,0.0,0,0,0,0,0,0,0,0,0.1,0.4,0.2,0,0.2,0.3,0,0.5,0,0.1,0.1,0.1,0.3,2.3,9265,4434,28593,10223,23697,17328,17838,7198,18468,12353,35455,9785,26558,12384,16791,18652,25356,4123,6940,30786,336223,26499,-5356,357366,8.4,2.4,1.3,0.3,1.1,0.7,-0.6,2.3,0.2,2.6,6.4,8.4,-0.8,6.4,6.1,2.9,7.4,3.4,5.4,4.1,3.2,6,3.7,26.2,3.3,28.1,23.8,18.3,27,25.5,19.6,24.5,28.7,27.6,22.2,25.5,24.7,20.3,25.1,25.1,31.9,23.5,22.9,25.5,22.4,0,0,0,0,0,0,0,0,0,0,0,-1.3,0,0,0,0,0,0,0,0,-0.1,0,-0.1
Jun-2015,24410,43565,67922,22079,10115,8476,47434,9152,10743,17021,27249,4115,24334,13642,13226,36523,1046,244717,312625,26288,9724,11228,6905,-655,17476,16711,-1769,14940,761,8245,41442,77562,1170,2651,3844,3678,7016,10726,14575,92099,404721,26364,71813,18011,20198,26852,5455,389391,24543,40996,65538,22072,8102,8828,44916,7505,10683,15902,26200,5338,24231,12374,12448,34294,996,233889,299427,24194,8569,11246,6676,-650,17272,16538,-1767,14771,771,8653,41467,74230,1109,2609,3718,3642,6817,10459,14177,88407,387834,26278,70934,17447,19229,25306,5780,372481,2327,7226,9553,2047,1168,3215,14255,10861,25116,3459,4205,7665,11420,13646,25066,10419,6185,16603,11988,5409,17397,6482,2008,8490,8692,8964,17656,4484,6985,11470,10648,26843,37491,3824,5156,8980,22363,6024,28387,9470,1543,11012,11397,2641,14038,16691,2152,18844,20759,3725,24484,1661,1579,3240,5547,2206,7753,27828,177933,146355,324288,42413,5779,372481,0.0,0.0,0.0,0.0,-10.8,0.0,0.0,0.0,0.0,0.0,-1.1,0.0,0.0,0.0,-0.9,-0.2,0.0,0.0,0.0,0.0,-0.3,3,0,103,1,-461,2,3,2,4,1,2,0,3,2,-1,2,4,-90,2,-1,-421,10590,5194,30763,11154,28500,17074,18527,7948,19141,10908,39921,11006,27054,13396,18134,21131,27932,4387,7194,34096,363575,31251,-5457,389391,2.6,2.1,0.3,7.0,6.4,2.7,5.2,6.4,-0.9,9.7,3.7,2.6,0.3,0.6,-1.1,1.2,6.6,0.5,1.3,0.5,2.8,0.8,2.8,0.1,0,0,0.2,0.5,0.1,0.2,0.1,0,0.3,0.4,0.1,0,0,-0.1,0.1,0.5,0,0,0,0.1,0.1,2.8,9776,3346,29204,10439,26455,17340,18429,7726,18904,12860,37800,10447,26771,12820,16907,19692,27475,4225,6964,32096,349676,28585,-5780,372481,5.5,-24.5,2.1,2.1,11.6,0.1,3.3,7.3,2.4,4.1,6.6,6.8,0.8,3.5,0.7,5.6,8.4,2.5,0.3,4.3,4,7.9,4.2,25.4,3.1,28.6,25,20,26.9,25.9,20,24.2,29.4,27.3,22.4,25,24.3,20,25.4,25.3,31.6,23.3,23.2,26.3,22.9,0.1,0,0,-0.2,0.3,0,0.1,0.7,0,0,0.1,-2.9,-1,-2.2,-0.1,-0.1,0,-0.3,0.8,0,-0.1,-1.1,-0.3
Jun-2016,26003,44743,70731,23124,10017,9090,48941,9390,11128,17572,27877,4750,25071,14041,13537,38051,1126,253561,324280,29548,10547,11624,7290,-1916,16989,17020,-1705,15315,722,8455,41511,81528,1818,2708,4537,3750,8570,12347,16890,98398,422679,26563,73674,19137,20085,21522,6421,402564,26100,42938,69038,22991,8616,9475,46963,8071,11302,16867,27044,5377,25223,13234,13118,36648,1086,246016,315054,27783,9579,11638,7059,-1895,16803,17704,-1767,15937,765,8729,42234,79596,1769,2732,4501,3865,8414,12279,16779,96375,411430,26147,74747,18724,20590,20051,5914,386929,2419,6206,8625,1875,1274,3149,14797,10642,25439,3215,4552,7767,12227,15140,27367,10909,6119,17027,12506,5570,18076,6696,2070,8766,9338,9288,18626,4731,6721,11453,11045,26990,38035,4400,5236,9636,22229,6741,28969,9820,1427,11247,12580,2667,15247,18117,2084,20201,21766,3516,25282,1895,1658,3553,5613,2024,7637,29093,186179,149015,335194,45821,5914,386929,0.0,0.0,0.0,0.3,1.8,0.0,-2.5,5.4,0.0,-0.8,-0.2,-0.3,-1.1,-0.8,-0.3,-0.1,0.0,0.0,0.1,0.0,-0.1,144,-571,-140,-55,-507,-78,-28,54,747,-175,-384,-1,42,26,-37,157,-34,-4,46,154,-644,9112,5148,29923,11901,30246,17824,19450,8334,19621,11680,42020,11904,29141,14082,18097,21767,28940,4547,7378,34849,375760,33245,-6422,402564,-14.0,-0.9,-2.7,6.7,6.1,4.4,5.0,4.9,2.5,7.1,5.3,8.2,7.7,5.1,-0.2,3.0,3.6,3.6,2.6,2.2,3.4,6.4,3.4,-0.4,0,-0.2,0.2,0.4,0.2,0.2,0.1,0.1,0.2,0.5,0.2,0.5,0.2,0,0.2,0.3,0,0,0.2,0.5,-0.2,3.4,8549,3140,28708,10704,28309,18053,19347,8146,19421,12901,39976,11309,28350,13297,17551,20291,28604,4361,7002,33504,361521,31321,-5914,386929,-12.6,-6.2,-1.7,2.5,7,4.1,5,5.4,2.7,0.3,5.8,8.2,5.9,3.7,3.8,3,4.1,3.2,0.6,4.4,3.4,9.6,3.9,21.4,3.2,28.4,26.1,21.6,27.2,26.3,20.2,24.2,29.3,27.5,22.5,26,24.9,19.2,25.1,25.3,31.6,23.4,23.5,26.8,23.3,-1,-2,-0.4,0.1,-0.8,-0.1,-0.1,-0.3,-1.5,0.2,-0.4,0.3,0.7,0.8,0.2,1.1,-0.2,-1,0.2,0,-0.1,0.1,-0.1
Jun-2017,28008,47489,75492,23358,9892,9413,50494,9536,11416,18219,28689,5273,25434,14368,14162,39661,1178,261033,336526,31421,10589,12057,7061,-1724,17395,16970,-1792,15178,985,9078,42671,84580,2183,2326,4506,4138,10382,14539,19053,103635,440171,27993,76357,21433,20690,19839,6496,418885,28017,46158,74175,23609,9073,9719,49358,8636,11596,17829,27935,5483,25545,13967,13829,38871,1155,256604,330779,30180,9876,11964,6817,-1692,17089,17119,-1808,15310,1176,9214,42789,82845,2112,2335,4447,4181,10014,14195,18642,101486,432266,27386,75347,21133,20335,18617,6455,410175,2469,7142,9612,1846,1888,3734,14822,11220,26042,3371,5025,8396,13214,16457,29672,11368,6499,17867,12989,5879,18868,6947,2057,9003,9659,9599,19258,4796,6729,11526,11456,28822,40278,4506,5612,10117,23752,8238,31990,10982,1582,12564,13785,2593,16377,18982,2165,21147,23363,3781,27144,2025,1542,3567,5901,2039,7940,30442,196235,159311,355546,48174,6455,410175,-0.1,-0.1,0.0,0.2,0.5,1.3,-0.9,2.6,-1.2,0.0,0.1,-0.3,-0.1,-0.1,0.1,-0.1,0.0,0.0,0.0,0.0,0.1,-5,-45,156,-54,-421,-167,81,73,737,-1,-100,46,117,-56,80,145,31,6,-75,119,667,9637,4961,30187,12347,31078,18918,20081,8474,19961,12259,44798,12330,31727,15286,18835,22313,30234,4569,7434,35849,391247,34145,-6496,418885,5.8,-3.6,0.9,3.8,2.8,6.1,3.2,1.7,1.7,5.0,6.6,3.6,8.9,8.5,4.1,2.5,4.5,0.5,0.8,2.9,4.1,2.7,4.1,0.1,0,0.1,0.1,0.2,0.3,0.2,0,0.1,0.1,0.7,0.1,0.6,0.3,0.2,0.1,0.3,0,0,0.2,0.2,0,4.1,9490,4356,29494,11889,30397,18816,20201,8413,19872,12999,43209,12011,31457,14764,18598,21507,30055,4403,7281,35178,384388,32242,-6455,410175,11,38.7,2.7,11.1,7.4,4.2,4.4,3.3,2.3,0.8,8.1,6.2,11,11,6,6,5.1,1,4,5,6.3,2.9,6,19.9,3.3,28.9,27.1,22.8,27.3,26.6,20.4,23.9,29.7,28.4,22.6,26.5,26.2,20,25.7,25.2,31.2,23.3,23.8,26.9,23.3,-0.3,-0.4,0.4,0,-0.9,-0.4,-0.1,-1.1,0.2,4,-0.1,1.6,0.3,0.7,0.4,-0.2,-0.1,1.1,-0.3,0.1,0.1,0.2,0.1
Jun-2018,29918,50199,80117,24471,10006,9966,52023,9895,11977,19139,29329,5587,26840,14687,14780,41230,1334,271262,351380,31479,10698,13816,8146,-1823,20139,18117,-1952,16165,1012,9868,47184,89361,2116,2383,4499,4729,13542,18271,22770,112131,463511,29176,83474,23263,22665,16569,6614,432993,29918,50199,80117,24471,10006,9966,52023,9895,11977,19139,29329,5587,26840,14687,14780,41230,1334,271262,351380,31479,10698,13816,8146,-1823,20139,18117,-1952,16165,1012,9868,47184,89361,2116,2383,4499,4729,13542,18271,22770,112131,463511,29176,83474,23263,22665,16569,6614,432993,2583,7191,9773,1849,2877,4726,15243,12029,27272,3369,5284,8653,14467,17616,32083,11380,6788,18168,13244,6266,19510,7238,2055,9293,9997,9877,19874,4922,6742,11664,11920,30444,42364,4912,5423,10335,25430,8433,33863,11963,1765,13728,14243,2771,17014,20037,2284,22321,25378,4006,29384,2138,1643,3781,6215,2120,8335,31977,206528,167591,374119,52261,6614,432993,0.6,0.1,0.2,0.3,-5.2,-0.3,0.9,9.6,1.6,0.9,0.0,0.2,11.8,9.0,1.6,0.6,0.0,0.1,4.4,2.0,-0.1,-483,586,59,399,706,-369,-586,109,513,215,-578,344,-126,257,462,-38,-343,120,-173,44,1120,9680,5459,30572,12245,33202,19082,20867,8928,20451,13156,46274,12273,33342,16003,19247,22718,32114,4675,7667,36676,404632,34975,-6614,432993,0.4,10.0,1.3,-0.8,6.8,0.9,3.9,5.4,2.5,7.3,3.3,-0.5,5.1,4.7,2.2,1.8,6.2,2.3,3.1,2.3,3.4,2.4,3.4,0.0,0.1,0.1,0,0.5,0,0.2,0.1,0.1,0.2,0.4,0,0.4,0.2,0.1,0.1,0.4,0,0.1,0.2,0.2,0,3.4,9680,5459,30572,12245,33202,19082,20867,8928,20451,13156,46274,12273,33342,16003,19247,22718,32114,4675,7667,36676,404632,34975,-6614,432993,2,25.3,3.7,3,9.2,1.4,3.3,6.1,2.9,1.2,7.1,2.2,6,8.4,3.5,5.6,6.9,6.2,5.3,4.3,5.3,8.5,5.6,21.3,3.6,28.6,26.5,23.4,27,26.9,20.9,23.9,29.7,28.7,22.5,26.4,26.1,20.1,26,25.3,31.1,23.5,24,28.2,23.4,1.1,8.3,-0.3,4.1,0.7,0.6,-0.3,1.3,-0.9,4.9,-1.6,-2.2,0.7,1.7,0.9,-0.5,-1.7,-1.2,-0.5,-0.4,0.1,-1.7,-0.1
Jun-2019,32799,51676,84476,25263,9798,10676,53474,9722,12407,19841,29555,5863,27840,14973,15073,42152,1763,278399,362875,32962,9252,14184,9732,-926,22990,19086,-2094,16992,795,10401,51178,93391,2015,2624,4639,4751,13222,17973,22612,116003,478878,29420,84608,25764,23540,15115,5049,446079,33197,53400,86597,25798,10644,10745,54578,10062,12350,20099,30438,5614,27822,15335,15574,42975,1792,283827,370424,33621,8962,14662,10196,-967,23891,19590,-2154,17436,806,10331,52463,95046,2062,2703,4766,4960,13871,18831,23597,118643,489068,31104,89723,26241,25089,16885,6105,454590,2543,5608,8151,1963,2908,4872,15476,12288,27764,3553,5580,9133,15205,20592,35797,11888,6380,18268,13716,6326,20042,7558,2210,9768,10409,10555,20963,5246,5948,11194,12711,32488,45200,4942,6125,11068,26419,8379,34798,13412,1895,15307,15138,2892,18030,21088,2404,23492,28019,4436,32455,2350,1698,4048,6361,2349,8710,33107,217997,174169,392166,54200,8224,454590,,,,,,,,,,,,,,,,,,,,,,,,,,,,,,,,,,,,,,,,,,,8108,5238,30559,12347,34767,19115,21199,9019,20436,13551,47783,12673,34825,17052,20079,23339,35742,5059,7916,37993,416799,35117,-5837,446079,-16.2,-4.0,0.0,0.8,4.7,0.2,1.6,1.0,-0.1,3.0,3.3,3.3,4.4,6.6,4.3,2.7,11.3,8.2,3.3,3.6,3.0,0.4,3.0,-0.4,-0.1,0,0,0.4,0,0.1,0,0,0.1,0.3,0.1,0.3,0.2,0.2,0.1,0.8,0.1,0.1,0.3,0,0.2,3,8129,5708,31423,13026,37146,19117,21462,9372,21593,12678,49303,13199,34405,17703,20532,23947,35955,5029,8053,38373,426153,35052,-6616,454590,-16,4.6,2.8,6.4,11.9,0.2,2.8,5,5.6,-3.6,6.5,7.5,3.2,10.6,6.7,5.4,12,7.6,5,4.6,5.3,0.2,5,20,3.1,28.6,26.7,25.4,26.8,27.1,21,24,29.6,29.1,22.8,26.6,26.4,20.3,26.2,26.3,31.9,23.2,24.5,28.2,23.3,,,,,,,,,,,,,,,,,,,,,,,
