Date,A2335596K,A2335597L,A2335598R,A2335599T,A2335600R,A2335601T,A2335602V,A2335603W,A2335604X,A2335605A,A2335606C,A2335607F,A2335608J,A2335609K,A2335610V,A2335611W,A2335612X,A2335613A,A2335614C,A2335625K,A2335626L,A2335618L,A2335619R,A2335620X,A2335621A,A2335615F,A2335616J,A2335617K,A2713885L,A2713919X,A2335624J,A2335627R,A2335628T,A2335629V,A2335630C,A2335631F,A2335632J,A2335633K,A2335634L,A2335635R,A2335636T,A2335637V,A2335638W,A2335639X,A2335640J,A2335641K,A2478775R,A2336353K,A2335642L,A2335643R,A2335644T,A2335645V,A2335646W,A2335647X,A2335648A,A2335649C,A2335650L,A2335651R,A2335652T,A2335653V,A2335654W,A2335655X,A2335656A,A2335657C,A2335658F,A2335659J,A2335660T,A2335671X,A2335672A,A2335664A,A2335665C,A2335666F,A2335667J,A2335661V,A2335662W,A2335663X,A2713886R,A2713920J,A2335670W,A2335673C,A2335674F,A2335675J,A2335676K,A2335677L,A2335678R,A2335679T,A2335680A,A2335681C,A2335389V,A2335390C,A2335391F,A2335392J,A2335393K,A2335394L,A2478776T,A2336327F,A2714776V,A2714777W,A2715170V,A2715172X,A2715173A,A2715174C,A2715176J,A2715177K,A2715178L,A2715180X,A2715181A,A2715182C,A2715184J,A2715185K,A2715186L,A2715188T,A2715189V,A2715190C,A2715192J,A2715193K,A2715194L,A2715196T,A2715197V,A2715198W,A2715200W,A2715201X,A2715202A,A2715204F,A2715205J,A2715206K,A2715208R,A2715209T,A2715210A,A2715212F,A2715213J,A2715214K,A2715216R,A2715217T,A2715218V,A2715220F,A2715221J,A2715222K,A2715224R,A2715225T,A2715226V,A2715228X,A2715229A,A2715230K,A2715232R,A2715233T,A2715234V,A2715236X,A2715237A,A2715238C,A2715240R,A2715241T,A2715242V,A2334959T,A2335527F,A2334961C,A2335530V,A2335531W,A2335532X,A83748450X,A2334170J,A2334171K,A2334172L,A2334178A,A2334179C,A2334174T,A2334173R,A2713866F,A2713900X,A2334177X,A2334180L,A2334181R,A2334182T,A2334183V,A2334184W,A2334185X,A2334186A,A2334187C,A2334188F,A2334189J,A2334190T,A2715377C,A2715378F,A2715379J,A2715380T,A2715381V,A2715382W,A2715383X,A2715384A,A2715385C,A2715386F,A2715387J,A2715388K,A2715389L,A2715390W,A2715391X,A2715392A,A2715393C,A2715394F,A2715395J,A2334028V,A2334030F,A2715151L,A2715152R,A2715153T,A2715154V,A2715155W,A2715156X,A2715157A,A2715158C,A2715159F,A2715160R,A2715161T,A2715162V,A2715163W,A2715164X,A2715165A,A2715166C,A2715167F,A2715168J,A2715169K,A2529262T,A2477744F,A2477745J,A2477746K,A2477747L,A2714149J,A2714150T,A2714151V,A2714152W,A2714153X,A2714154A,A2714155C,A2714156F,A2714157J,A2714158K,A2714159L,A2714160W,A2714161X,A2714162A,A2714163C,A2714164F,A2714165J,A2714166K,A2714167L,A2529263V,A2477766V,A2477767W,A2477768X,A2715719T,A2715720A,A2715721C,A2715722F,A2715723J,A2715724K,A2715725L,A2715726R,A2715727T,A2715728V,A2715729W,A2715730F,A2715731J,A2715732K,A2715733L,A2715734R,A2715735T,A2715736V,A2715737W,A2529264W,A2477787F,A2477788J,A2477789K,A2715171W,A2715175F,A2715179R,A2715183F,A2715187R,A2715191F,A2715195R,A2715199X,A2715203C,A2715207L,A2715211C,A2715215L,A2715219W,A2715223L,A2715227W,A2715231L,A2715235W,A2715239F,A2715243W,A2529297T,A2478309F,A2478310R,A2478311T,A2478312V,A2714086K,A2714087L,A2714088R,A2714089T,A2714090A,A2714091C,A2714092F,A2714093J,A2714094K,A2714095L,A2714096R,A2714097T,A2714098V,A2714099W,A2714100V,A2714101W,A2714102X,A2714103A,A2714104C,A2529298V,A2478331A,A2478332C,A2478333F,A2715905W,A2715906X,A2715907A,A2715908C,A2715909F,A2715910R,A2715911T,A2715912V,A2715913W,A2715914X,A2715915A,A2715916C,A2715917F,A2715918J,A2715919K,A2715920V,A2715921W,A2715946T,A2715955V,A2529299W,A2478353R,A2478355V,A2714875A,A2714876C,A2714877F,A2714878J,A2714879K,A2714880V,A2714881W,A2714882X,A2714883A,A2714884C,A2714885F,A2714886J,A2714887K,A2714888L,A2714889R,A2714890X,A2714891A,A2714892C,A2714893F,A2529275C,A2528501W,A2528502X,A2528503A
Jun-1990,4727,1821,6517,749,563,209,1780,187,373,467,853,42,469,509,920,1125,106,7776,14513,807,331,601,111,24,742,86,-11,69,0,58,558,1479,169,,246,347,,602,811,2303,16696,19,45,651,853,1678,-1428,16717,2140,754,2894,392,130,205,738,54,279,176,548,61,393,129,395,535,39,4073,6967,345,74,298,51,11,360,165,-31,134,0,98,592,1010,101,86,186,388,198,586,773,1783,8750,13,43,372,686,-327,-159,7920,5,11,16,55,4,59,174,41,216,84,82,166,138,226,364,157,42,198,199,130,329,96,58,153,180,65,245,80,106,186,177,131,308,123,168,292,447,92,538,121,35,156,2188,360,2548,435,41,475,283,48,331,140,62,203,114,51,165,576,5196,2330,7526,632,-237,7920,,,,,,,,,,,,,,,,,,,,,,0,0,0,0,0,0,0,0,0,0,0,0,0,0,0,0,0,0,0,0,0,36,20,499,782,1081,178,406,483,394,297,718,307,668,347,4207,1499,963,92,462,1496,14068,940,1676,16717,,,,,,,,,,,,,,,,,,,,,,,,,,,,,,,,,,,,,,,,,,,,,,,15,21,163,233,484,153,263,142,199,374,308,169,641,173,1965,626,451,67,251,571,7268,487,165,7920,,,,,,,,,,,,,,,,,,,,,,,,0.1,0.1,0.3,1.6,1.7,0.8,1.3,1.7,1.0,2.9,1.4,1.3,3.9,2.2,8.6,3.6,2.4,2.2,3.2,1.9,1.5,2.0,,,,,,,,,,,,,,,,,,,,,,,
Jun-1991,4905,2268,7114,786,584,213,1865,190,395,463,871,43,498,489,905,1252,211,8163,15488,734,385,386,89,16,494,77,-7,66,0,64,450,1284,151,93,235,354,335,615,816,2137,17344,15,42,730,837,1719,-1853,17077,2266,979,3246,424,145,219,803,58,308,190,593,64,432,137,412,630,82,4497,7743,340,79,200,43,8,251,149,-19,130,0,108,489,908,92,89,181,395,205,601,782,1690,9433,12,40,436,730,-325,-116,8670,5,10,15,47,3,50,159,54,213,87,138,226,129,221,350,161,48,208,219,141,360,136,60,196,182,116,298,89,126,215,161,150,311,134,184,319,479,95,574,131,39,170,2388,383,2771,461,41,503,316,53,368,156,64,221,117,75,192,607,5556,2611,8166,659,-155,8670,0.0,0.0,0.0,0.0,0.0,0.0,0.0,0.0,0.0,0.0,0.0,0.0,0.0,0.0,0.0,0.0,0.0,0.0,0.0,0.0,0.1,0,0,0,0,0,0,0,0,0,0,0,0,0,0,0,0,0,0,0,0,0,38,19,439,816,945,173,425,485,376,314,738,313,650,367,4229,1510,1025,98,468,1558,14129,930,1984,17077,3.8,-7.9,-12.1,4.4,-12.5,-2.5,4.8,0.3,-4.7,5.8,2.8,2.2,-2.6,5.8,0.5,0.8,6.4,6.6,1.3,4.2,0.4,-1.0,2.2,0.0,0.0,-0.4,0.2,-0.8,0.0,0.1,0.0,-0.1,0.1,0.1,0.0,-0.1,0.1,0.1,0.1,0.4,0.0,0.0,0.4,-0.1,1.8,2.2,14,18,171,328,464,161,286,188,241,431,308,184,712,188,2145,694,499,74,299,601,8006,505,159,8670,-5.9,-10.8,5.0,41.0,-4.2,4.7,8.9,31.8,21.6,15.3,0.0,9.1,11.1,8.3,9.2,10.9,10.6,10.8,19.0,5.2,10.2,3.6,9.5,0.1,0.1,0.3,2.2,1.7,0.8,1.4,2.1,1.2,3.0,1.4,1.4,4.2,2.3,8.7,3.8,2.4,2.4,3.6,1.9,1.5,2.1,0.0,0.0,0.0,0.0,0.0,0.0,0.0,0.0,0.0,0.0,0.0,0.0,0.0,0.0,0.0,0.0,0.0,0.0,0.0,0.0,0.0,0.0,0.1
Jun-1992,5408,2241,7598,851,556,230,1945,191,420,459,855,45,551,497,920,1310,175,8455,16252,951,503,347,182,12,538,109,-3,104,0,76,557,1625,149,62,194,400,317,656,825,2453,18506,25,40,785,855,643,-1966,17097,2525,1002,3527,474,150,239,897,60,333,204,589,71,490,151,433,679,70,4840,8367,485,96,186,92,6,284,211,-8,203,0,113,600,1182,90,59,149,439,195,633,783,1964,10331,17,36,478,776,-820,-221,8972,4,11,15,37,5,42,164,58,222,85,191,276,142,237,378,146,47,193,205,148,354,130,54,184,214,133,347,100,152,252,150,143,293,154,155,309,529,93,622,148,34,182,2328,379,2707,477,43,520,306,51,356,168,65,233,123,67,190,693,5607,2761,8368,719,-114,8972,0.0,0.0,0.0,0.0,0.0,0.0,0.0,0.0,0.0,0.0,0.0,0.0,0.0,0.0,0.0,0.0,0.0,0.0,0.0,0.0,0.0,0,0,0,0,0,0,0,0,0,0,0,0,0,0,0,0,0,0,0,0,0,35,20,430,799,1011,179,453,507,349,338,785,319,694,382,3985,1531,1042,101,479,1618,14261,934,1867,17097,-6.1,8.8,-2.2,-2.1,7.0,3.2,6.5,4.6,-7.1,7.7,6.3,1.7,6.7,4.0,-5.8,1.4,1.7,2.7,2.3,3.9,0.9,0.5,0.1,0.0,0.0,-0.1,-0.1,0.4,0.0,0.2,0.1,-0.2,0.1,0.3,0.0,0.3,0.1,-1.4,0.1,0.1,0.0,0.1,0.4,0.0,-0.7,0.1,13,15,176,376,498,150,283,175,269,505,290,175,743,193,2089,707,484,75,295,686,8199,563,211,8972,-2.6,-17.2,3.3,14.5,7.3,-6.6,-1.2,-6.6,11.6,17.2,-5.8,-4.9,4.3,2.7,-2.6,1.8,-2.9,2.3,-1.5,14.2,2.4,11.5,3.5,0.1,0.1,0.3,2.3,2.0,0.7,1.4,1.9,1.3,3.1,1.2,1.5,4.5,2.4,8.2,3.6,2.2,2.3,3.2,2.0,1.7,2.1,0.0,0.0,0.0,0.0,0.0,0.0,0.0,0.0,0.0,0.0,0.0,0.0,0.0,0.0,0.0,0.0,0.0,0.0,0.0,0.0,0.0,0.0,0.0
Jun-1993,5531,2229,7710,938,524,238,2024,197,435,461,849,52,604,510,823,1327,149,8648,16567,1037,553,315,193,16,521,123,-6,113,0,96,593,1751,127,75,194,401,398,709,879,2631,19053,18,27,669,810,681,-1886,17696,2604,1020,3624,533,162,250,984,65,352,206,599,81,553,163,396,701,60,5105,8729,572,108,169,99,8,276,244,-17,227,0,140,643,1323,79,72,151,416,242,657,809,2132,10861,13,27,402,710,-938,-175,9426,2,14,16,44,5,50,177,65,242,88,170,258,156,243,399,137,57,194,256,145,401,156,52,208,195,139,334,97,151,248,164,159,323,164,166,331,555,100,655,159,37,195,2389,406,2795,535,47,582,315,54,369,160,69,229,144,73,217,756,5893,2908,8801,770,-144,9426,0.0,0.0,0.0,0.0,0.0,0.0,0.0,0.0,0.0,0.0,0.0,0.0,0.0,0.0,0.0,0.0,0.0,0.0,0.0,0.0,0.0,0,0,0,0,0,0,0,0,0,0,0,0,0,0,0,0,0,0,0,0,0,37,21,377,737,1025,192,475,535,397,380,783,366,695,416,4042,1613,1070,105,504,1684,14718,964,1979,17696,3.3,4.4,-12.3,-7.8,1.4,7.4,5.0,5.5,13.7,12.5,-0.3,14.8,0.2,8.9,1.4,5.4,2.6,3.7,5.4,4.1,3.2,3.2,3.5,0.0,0.0,-0.3,-0.4,0.1,0.1,0.1,0.2,0.3,0.2,0.0,0.3,0.0,0.2,0.3,0.5,0.2,0.0,0.2,0.4,0.2,0.7,3.5,14,18,195,370,531,151,345,200,270,498,332,190,799,218,2144,788,503,74,339,747,8725,589,112,9426,5.8,20.4,10.7,-1.5,6.7,0.7,21.9,14.1,0.1,-1.5,14.5,8.5,7.6,12.9,2.6,11.5,3.8,-2.3,15.0,8.8,6.4,4.7,5.1,0.1,0.1,0.3,2.3,2.1,0.7,1.6,2.0,1.2,3.0,1.2,1.6,4.5,2.5,8.1,3.7,2.2,2.1,3.5,2.1,1.8,2.1,0.0,0.0,0.0,0.0,0.0,0.0,0.0,0.0,0.0,0.0,0.0,0.0,0.0,0.0,0.0,0.0,0.0,0.0,0.0,0.0,0.0,0.0,0.0
Jun-1994,6335,2214,8501,990,517,236,2102,200,418,455,878,57,678,531,875,1318,261,9013,17682,1065,513,256,175,49,475,166,0,164,0,106,679,1885,106,85,190,398,328,660,825,2695,20174,32,32,732,706,-125,-1669,18406,3051,1041,4092,577,171,248,1022,66,344,209,634,88,634,177,440,707,107,5421,9513,601,108,139,91,25,255,331,1,332,0,149,736,1446,68,69,136,464,201,665,801,2247,11760,24,32,445,640,-1480,-120,9957,2,14,16,42,5,47,158,76,234,98,177,275,164,233,396,149,63,212,251,177,427,176,77,252,223,141,364,108,179,287,197,190,387,183,140,324,589,90,679,178,31,209,2627,419,3046,463,49,512,355,61,416,161,76,237,141,73,213,764,6264,3035,9299,852,-194,9957,0.0,0.0,0.0,0.0,0.0,0.0,0.0,0.0,0.0,0.0,0.0,0.0,0.0,0.0,0.0,0.0,0.0,0.0,0.0,0.0,0.0,0,0,0,0,0,0,0,0,0,0,0,0,0,0,0,0,0,0,0,0,0,34,21,392,772,981,210,492,616,417,416,779,382,737,433,4547,1608,1115,114,515,1747,15580,1016,1774,18406,-6.9,-1.8,4.0,4.7,-4.3,9.6,3.4,15.2,5.0,9.4,-0.4,4.3,6.0,4.2,12.5,-0.3,4.2,9.2,2.1,3.7,5.9,5.4,4.0,0.0,0.0,0.1,0.2,-0.2,0.1,0.1,0.5,0.1,0.2,0.0,0.1,0.2,0.1,2.9,0.0,0.3,0.1,0.1,0.4,0.3,-1.2,4.0,15,18,195,400,527,166,344,244,293,578,390,186,849,234,2349,708,569,78,337,764,9243,638,76,9957,2.4,-3.2,0.0,8.0,-0.9,9.8,-0.3,22.0,8.8,16.1,17.5,-2.2,6.2,7.7,9.6,-10.1,13.2,5.6,-0.5,2.4,5.9,8.3,5.6,0.1,0.1,0.3,2.5,1.9,0.7,1.5,2.2,1.3,3.2,1.2,1.7,4.6,2.6,8.6,3.2,2.4,2.0,3.5,2.1,1.7,2.1,0.0,0.0,0.0,0.0,0.0,0.0,0.0,0.0,0.0,0.0,0.0,0.0,0.0,0.0,0.0,0.0,0.0,0.0,0.0,0.0,0.0,0.0,0.0
Jun-1995,6938,2235,9125,1043,498,228,2180,211,427,418,915,63,698,503,893,1345,-3,9028,18258,971,446,299,165,45,505,73,-1,72,0,120,539,1599,126,103,226,562,356,867,1068,2714,20732,49,38,761,778,-255,-1376,19095,3330,1061,4391,628,175,239,1042,70,358,202,669,99,662,179,462,743,-2,5524,9915,543,104,165,87,24,276,142,-2,140,0,163,579,1226,82,81,163,650,220,870,1033,2259,12174,36,37,472,690,-1523,-201,10232,2,14,16,32,6,39,172,75,247,83,134,217,163,244,407,149,64,214,277,195,471,166,67,232,225,191,416,117,159,276,188,220,408,177,134,311,560,66,626,176,28,204,2828,434,3262,435,48,483,404,66,470,173,81,255,138,69,206,768,6464,3065,9529,905,-201,10232,0.0,0.0,0.0,0.0,0.0,0.0,0.0,0.0,0.0,0.0,0.0,0.0,0.0,0.0,0.0,0.0,0.0,0.0,0.0,0.0,0.0,0,0,0,0,0,0,0,0,0,0,0,0,0,0,0,0,0,0,0,0,0,31,19,363,813,987,226,508,672,475,460,724,414,848,488,5020,1596,1172,118,564,1817,16648,1090,1317,19095,-8.5,-6.2,-7.3,5.4,0.6,7.3,3.2,9.0,14.1,10.4,-7.1,8.5,15.1,12.6,10.4,-0.7,5.2,3.0,9.4,4.0,6.9,7.3,3.7,0.0,0.0,-0.2,0.2,0.0,0.1,0.1,0.3,0.3,0.2,-0.3,0.2,0.6,0.3,2.6,-0.1,0.3,0.0,0.3,0.4,0.4,-2.5,3.7,14,15,206,317,542,168,380,226,338,561,396,176,767,224,2517,672,643,83,329,784,9358,673,201,10232,-4.3,-15.2,5.8,-20.6,2.8,1.1,10.4,-7.4,15.1,-3.1,1.5,-5.2,-9.6,-4.5,7.2,-5.0,13.0,7.2,-2.3,2.5,1.2,5.5,2.8,0.1,0.1,0.3,2.1,1.8,0.7,1.6,1.9,1.4,3.2,1.1,1.6,3.8,2.4,8.7,3.0,2.6,2.0,3.3,2.1,1.7,2.1,0.0,0.0,0.0,0.0,0.0,0.0,0.0,0.0,0.0,0.0,0.0,0.0,0.0,0.0,0.0,0.0,0.0,0.0,0.0,0.0,0.0,0.0,0.0
Jun-1996,6757,2342,9049,1062,471,246,2252,209,398,438,931,73,710,486,909,1379,-113,9091,18261,772,352,345,85,23,453,97,9,111,0,136,605,1518,125,102,225,614,247,860,1059,2630,20615,43,40,802,853,246,-1691,19123,3378,1127,4505,660,187,258,1042,71,340,226,695,114,681,187,481,794,-66,5670,10175,414,86,198,46,13,257,183,27,210,0,180,647,1146,87,79,166,716,153,869,1035,2182,12356,31,39,514,746,-1226,-208,10683,4,13,17,20,7,27,198,70,268,94,108,202,160,198,357,151,71,221,293,201,495,186,68,254,229,184,413,128,172,300,220,247,467,177,152,329,587,67,654,183,29,212,2938,475,3413,491,54,545,433,68,501,218,79,297,149,74,222,748,6858,3085,9943,947,-208,10683,0.0,0.0,0.0,0.0,0.0,0.0,0.0,0.0,0.0,0.0,0.0,0.0,0.0,0.0,0.0,0.0,0.0,0.0,0.0,0.0,-0.1,0,0,0,0,0,0,0,0,0,0,0,0,0,0,0,0,0,0,0,0,0,33,21,328,772,829,231,517,628,479,498,700,441,863,485,4770,1580,1236,105,566,1855,16375,1104,1602,19123,6.2,7.3,-9.7,-5.1,-16.0,2.4,1.9,-6.6,0.8,8.2,-3.3,6.4,1.7,-0.7,-5.0,-1.0,5.4,-10.4,0.4,2.1,-1.6,1.3,0.1,0.0,0.0,-0.2,-0.2,-0.8,0.0,0.1,-0.2,0.0,0.2,-0.1,0.1,0.1,0.0,-1.3,-0.1,0.3,-0.1,0.0,0.2,0.1,1.5,0.1,16,11,224,283,461,174,398,249,335,609,450,188,814,233,2648,769,686,97,360,764,9769,706,208,10683,13.7,-28.3,8.5,-10.9,-14.8,3.9,4.9,10.2,-0.6,8.6,13.7,6.8,6.0,4.0,5.2,14.3,6.6,16.3,9.2,-2.6,4.4,5.0,4.4,0.1,0.0,0.3,1.9,1.5,0.6,1.5,1.9,1.3,3.2,1.2,1.6,3.7,2.4,8.6,3.3,2.6,2.1,3.4,1.9,1.6,2.0,0.0,0.0,0.0,0.0,0.0,0.0,0.0,0.0,0.0,0.0,0.0,0.0,0.0,0.0,0.0,0.0,0.0,0.0,0.0,0.0,0.0,0.0,-0.1
Jun-1997,7629,2449,10029,1005,493,249,2309,219,415,443,955,82,748,500,887,1458,-100,9312,19384,873,346,401,63,43,508,107,3,111,0,155,658,1662,120,72,189,606,281,871,1044,2743,21816,28,46,860,827,-614,-1589,19629,3901,1207,5108,641,202,261,1062,75,361,250,709,127,710,197,483,836,-60,5854,10962,465,86,234,34,25,293,182,8,190,0,197,681,1232,85,58,142,702,173,875,1018,2250,13212,19,42,557,716,-1543,-144,11343,3,14,17,15,7,21,185,87,272,106,98,204,179,226,405,151,66,217,334,195,529,183,64,247,255,107,362,126,188,315,210,214,424,178,180,357,591,78,670,189,32,220,3184,512,3697,552,61,613,475,63,538,229,85,314,172,74,247,787,7318,3138,10456,1031,-144,11343,0.0,0.0,0.0,0.0,0.0,0.0,0.0,0.0,0.0,0.0,0.0,0.0,0.0,0.0,0.0,0.0,0.0,0.0,0.0,0.0,0.0,0,0,0,0,0,0,0,0,0,0,0,0,0,0,0,0,0,0,0,0,0,30,21,290,846,911,253,544,644,472,535,719,469,929,501,4841,1608,1275,99,590,1934,16946,1125,1515,19629,-8.9,0.3,-11.6,9.7,9.8,9.4,5.1,2.6,-1.5,7.6,2.7,6.4,7.7,3.3,1.5,1.8,3.2,-6.4,4.3,4.3,3.5,1.9,2.6,0.0,0.0,-0.2,0.4,0.4,0.1,0.1,0.1,0.0,0.2,0.1,0.1,0.3,0.1,0.4,0.1,0.2,0.0,0.1,0.4,0.1,-0.5,2.6,16,11,238,280,536,173,426,238,355,643,414,201,833,243,2894,855,769,100,398,813,10435,764,144,11343,2.3,-0.2,6.2,-1.1,16.2,-0.5,7.1,-4.5,5.8,5.7,-8.1,6.5,2.4,4.2,9.3,11.2,12.1,2.7,10.5,6.5,6.8,8.2,6.2,0.1,0.0,0.3,1.9,1.6,0.6,1.5,1.8,1.3,3.1,1.0,1.5,3.5,2.4,8.6,3.4,2.7,2.1,3.5,1.9,1.7,2.0,0.0,0.0,0.0,0.0,0.0,0.0,0.0,0.0,0.0,0.0,0.0,0.0,0.0,0.0,0.0,0.0,0.0,0.0,0.0,0.0,0.0,0.0,0.0
Jun-1998,7753,2500,10203,968,520,243,2358,223,442,481,1077,90,817,510,954,1558,-109,9809,20094,781,368,437,52,502,987,121,34,171,0,171,1042,2141,97,68,163,285,294,509,650,2708,22431,45,43,882,913,-117,-1883,20402,4035,1234,5268,632,217,253,1090,78,385,283,777,139,780,208,529,929,-65,6236,11504,408,94,258,29,289,576,202,82,284,0,212,1072,1574,70,54,124,320,183,503,627,2201,13704,32,44,576,835,-1475,-154,11805,4,14,18,13,8,21,159,85,245,96,162,258,163,208,371,156,60,216,334,199,533,199,69,268,237,140,376,129,224,353,250,292,542,213,183,396,636,91,727,212,38,250,3272,518,3790,527,58,585,514,65,579,208,102,311,169,76,245,806,7491,3398,10888,1070,-154,11805,0.0,0.0,0.0,0.0,0.0,0.0,0.0,0.0,0.0,0.0,0.0,0.0,0.0,0.0,0.0,0.0,0.0,0.0,0.0,0.0,0.0,0,0,0,0,0,0,0,0,0,0,0,0,0,0,0,0,0,0,0,0,0,30,20,315,801,882,271,567,691,496,586,803,503,1020,547,4739,1606,1322,100,582,1968,17365,1210,1778,20402,0.2,-4.0,8.6,-5.3,-3.2,7.3,4.2,7.4,5.2,9.5,11.7,7.2,9.7,9.2,-2.1,-0.2,3.7,1.6,-1.4,1.8,2.5,7.6,3.9,0.0,0.0,0.1,-0.2,-0.1,0.1,0.1,0.2,0.1,0.3,0.4,0.2,0.5,0.2,-0.5,0.0,0.2,0.0,0.0,0.2,0.4,1.3,3.9,17,11,208,357,499,174,444,264,381,722,472,228,907,275,2960,820,783,99,396,835,10851,800,154,11805,2.1,0.2,-12.4,27.8,-6.9,0.1,4.0,11.2,7.4,12.2,14.0,13.5,8.9,13.2,2.3,-4.0,1.8,-0.4,-0.5,2.7,4.0,4.6,4.1,0.1,0.0,0.3,2.3,1.4,0.6,1.5,1.8,1.4,3.1,1.1,1.6,3.5,2.3,8.5,3.1,2.7,1.8,3.4,1.8,1.7,2.0,0.0,0.0,0.0,0.0,0.0,0.0,0.0,0.0,0.0,0.0,0.0,0.0,0.0,0.0,0.0,0.0,0.0,0.0,0.0,0.0,0.0,0.0,0.0
Jun-1999,8345,2598,10893,941,551,244,2435,238,441,508,1162,104,912,519,1064,1700,-133,10375,21344,925,399,547,81,364,990,187,-14,168,0,184,1054,2270,112,39,146,442,275,674,807,3011,24006,65,48,727,886,-266,-2098,21500,4370,1323,5693,638,237,254,1124,86,391,298,827,155,871,223,600,1012,-81,6635,12327,487,95,323,45,213,582,311,-32,279,0,225,1085,1668,78,32,110,484,179,663,774,2441,14768,50,51,481,861,-1762,-213,12412,4,15,19,13,8,22,143,102,245,102,191,292,175,216,390,175,66,241,349,208,557,227,91,318,261,226,487,133,240,373,270,247,517,214,165,379,684,78,762,236,30,266,3477,492,3968,562,56,618,578,71,648,207,97,304,182,82,264,816,7992,3497,11488,1137,-213,12412,0.0,0.0,0.0,0.0,0.0,0.0,0.0,0.0,0.0,0.0,0.0,0.0,0.0,0.0,0.0,0.0,0.0,0.0,0.0,0.0,0.0,0,0,0,0,0,0,0,0,0,0,0,0,0,0,0,0,0,0,0,0,0,32,21,325,983,973,278,593,749,577,624,785,517,1150,585,4785,1622,1341,113,634,2007,18230,1249,1971,21500,5.4,2.4,3.2,22.8,10.3,2.5,4.7,8.3,16.3,6.6,-2.3,2.8,12.7,7.1,1.0,1.0,1.4,12.5,9.0,2.0,5.0,3.2,5.4,0.0,0.0,0.0,0.9,0.4,0.0,0.1,0.3,0.4,0.2,-0.1,0.1,0.6,0.2,0.2,0.1,0.1,0.1,0.3,0.2,0.2,1.0,5.4,19,11,215,414,532,191,462,311,489,758,452,216,958,294,2957,868,827,98,430,855,11355,843,213,12412,14.3,3.4,3.1,15.8,6.5,10.1,4.1,17.6,28.3,5.0,-4.1,-5.3,5.6,7.1,-0.1,5.8,5.6,-1.8,8.6,2.4,4.6,5.5,5.1,0.1,0.0,0.3,2.6,1.4,0.6,1.5,1.9,1.6,3.1,0.9,1.6,3.3,2.2,8.0,3.1,2.7,1.6,3.5,1.8,1.7,2.0,0.0,0.0,0.0,0.0,0.0,0.0,0.0,0.0,0.0,0.0,0.0,0.0,0.0,0.0,0.0,0.0,0.0,0.0,0.0,0.0,0.0,0.0,0.0
Jun-2000,8820,2590,11361,1044,601,261,2511,242,531,508,1123,119,1003,573,1079,1753,-15,11064,22530,1137,508,447,208,73,719,263,23,295,0,210,1137,2574,120,71,189,571,300,835,1006,3520,25791,69,59,751,874,-1973,-1724,21981,4898,1303,6202,711,268,270,1202,90,477,327,822,167,954,250,623,1070,-9,7221,13423,622,146,266,119,44,428,410,49,459,0,253,1140,1908,83,60,143,610,191,801,944,2851,16274,83,63,505,866,-2733,-270,12931,4,18,22,12,8,19,151,106,257,92,195,287,203,235,438,200,70,271,396,207,603,209,96,305,259,169,428,139,244,384,314,360,674,213,203,416,628,110,738,239,29,268,3498,561,4059,512,64,576,667,84,751,211,121,333,177,82,260,887,8124,3850,11974,1226,-270,12931,-0.1,0.0,0.0,0.0,0.0,0.0,0.0,0.0,0.0,0.0,0.0,0.0,0.0,0.0,0.0,-0.1,0.0,0.0,0.0,0.0,-0.1,0,0,0,0,0,0,0,0,0,0,0,0,0,0,0,0,0,0,0,0,0,36,17,366,1001,1085,290,633,750,492,646,943,518,1179,620,5024,1611,1414,124,650,2077,18970,1304,1654,21981,12.0,-19.3,12.7,1.8,11.5,4.4,6.7,0.2,-14.7,3.6,20.1,0.1,2.6,5.9,5.0,-0.7,5.4,9.7,2.6,3.5,4.1,4.4,2.2,0.0,0.0,0.2,0.1,0.5,0.1,0.2,0.0,-0.4,0.1,0.7,0.0,0.1,0.2,1.1,-0.1,0.3,0.1,0.1,0.3,0.3,-1.5,2.2,22,11,231,411,612,212,496,298,384,766,559,242,951,298,3071,828,902,105,430,920,11748,913,270,12931,15.9,-2.7,7.6,-0.7,15.1,10.7,7.3,-4.1,-21.5,1.0,23.6,12.1,-0.7,1.2,3.9,-4.6,9.1,7.7,0.1,7.6,3.5,8.2,4.2,0.1,0.0,0.3,2.5,1.5,0.7,1.5,1.7,1.2,3.1,1.1,1.6,3.0,1.9,8.1,2.8,2.7,1.5,3.2,1.8,1.7,2.0,0.0,0.0,0.0,0.0,0.0,0.0,0.0,0.0,0.0,0.0,0.0,0.0,0.0,0.0,0.0,0.0,0.0,0.0,0.0,0.0,0.0,0.0,-0.1
Jun-2001,9328,2696,11976,1193,590,281,2586,254,527,577,1207,138,1020,537,1195,1835,-427,11291,23341,752,481,324,89,150,560,317,-24,284,0,244,1067,2184,70,63,134,764,237,1009,1139,3319,26298,24,48,844,763,-1463,-1773,23118,5477,1458,6935,837,292,312,1310,106,484,367,905,207,1010,247,756,1168,-282,7718,14653,455,142,198,54,91,343,487,-50,437,0,299,1079,1676,48,52,100,810,155,965,1065,2741,17395,34,55,579,867,-2813,-132,14140,5,18,23,12,7,19,167,106,273,107,193,299,196,161,358,215,75,290,416,228,644,242,107,349,280,156,436,150,260,409,339,315,654,231,210,441,786,135,922,268,38,306,3713,609,4323,591,70,661,730,83,814,242,121,363,199,89,288,964,8892,3945,12837,1435,-132,14140,0.0,0.0,0.0,0.0,0.0,0.0,0.0,0.0,0.0,0.0,0.0,0.0,0.0,0.0,0.0,0.0,0.0,0.0,0.0,0.0,0.0,0,0,0,0,0,0,0,0,0,0,0,0,0,0,0,0,0,0,0,0,0,41,17,384,1046,884,298,684,781,543,677,940,538,1341,699,5606,1537,1497,133,730,2153,20090,1281,1704,23118,13.9,2.6,4.8,4.5,-18.5,2.7,8.0,4.0,10.3,4.7,-0.3,3.9,13.7,12.8,11.6,-4.6,5.9,7.4,12.2,3.7,5.9,-1.8,5.2,0.0,0.0,0.1,0.2,-0.9,0.0,0.2,0.1,0.2,0.1,0.0,0.1,0.7,0.4,2.6,-0.3,0.4,0.0,0.4,0.3,-0.1,0.2,5.2,24,11,243,435,494,223,538,347,424,825,582,258,1191,340,3546,896,967,118,480,971,12913,1095,132,14140,11.0,3.2,5.3,5.9,-19.3,5.5,8.5,16.5,10.4,7.7,4.0,7.0,25.1,14.3,15.5,8.3,7.2,12.0,11.5,5.6,9.9,20.0,9.4,0.1,0.0,0.3,2.5,1.4,0.7,1.6,1.9,1.3,3.1,1.1,1.6,3.3,1.9,8.9,2.8,2.7,1.6,3.5,1.8,1.8,2.0,0.0,0.0,0.0,0.0,0.0,0.0,0.0,0.0,0.0,0.0,0.0,0.0,0.0,0.0,0.0,0.0,0.0,0.0,0.0,0.0,0.0,0.0,0.0
Jun-2002,9357,2703,12012,1297,564,297,2653,266,559,616,1206,151,1025,527,1194,1838,-126,11861,23996,1005,562,498,206,98,797,383,-19,358,3,262,1346,2783,84,33,114,774,308,1069,1184,3926,27678,14,55,814,692,-2366,-1582,23810,5592,1467,7059,961,289,332,1431,114,521,401,894,226,1027,246,778,1212,-85,8345,15404,635,199,311,126,60,497,583,-38,545,2,319,1363,2198,62,30,92,825,202,1027,1119,3317,18721,19,60,572,805,-3507,-263,14677,3,22,26,10,7,17,148,126,274,92,200,292,211,269,480,236,87,323,438,274,712,199,103,302,291,226,517,148,272,420,356,345,701,242,240,482,720,163,883,276,51,327,4051,603,4654,512,75,587,776,91,866,205,118,323,181,98,280,1068,9097,4441,13537,1403,-263,14677,0.0,0.0,0.0,0.0,0.0,0.0,0.0,0.0,0.0,0.0,0.0,0.0,0.0,0.0,0.0,0.0,0.0,0.0,0.0,0.0,0.0,0,0,0,0,0,0,0,0,0,0,0,0,0,0,0,0,0,0,0,0,0,36,17,402,1053,1042,311,733,828,543,683,1028,583,1553,765,5498,1537,1581,130,772,2194,20873,1346,1542,23810,-10.8,1.4,4.7,0.6,17.9,4.3,7.2,6.0,0.1,0.9,9.4,8.4,15.8,9.4,-1.9,0.0,5.6,-2.0,5.7,1.9,3.9,5.1,3.0,0.0,0.0,0.1,0.0,0.7,0.1,0.2,0.2,0.0,0.0,0.4,0.2,0.9,0.3,-0.5,0.0,0.4,0.0,0.2,0.2,0.3,-0.7,3.0,27,12,251,413,632,251,594,302,440,831,629,285,1140,360,3595,904,1026,108,467,1070,13337,1076,263,14677,10.0,4.6,3.2,-5.1,28.0,12.4,10.4,-13.0,3.7,0.8,8.2,10.3,-4.2,5.9,1.4,0.8,6.1,-8.3,-2.6,10.2,3.3,-1.8,3.8,0.1,0.0,0.3,2.2,1.5,0.7,1.6,1.6,1.3,3.0,1.1,1.6,2.9,1.8,8.4,2.7,2.6,1.5,3.1,1.9,1.7,1.9,0.0,0.0,0.0,0.0,0.0,0.0,0.0,0.0,0.0,0.0,0.0,0.0,0.0,0.0,0.0,0.0,0.0,0.0,0.0,0.0,0.0,0.0,0.0
Jun-2003,9940,2869,12759,1257,575,298,2731,270,579,635,1256,166,1160,522,1318,1967,-23,12543,25427,1168,552,470,210,119,794,539,1,541,1,293,1655,3305,74,67,143,1051,229,1322,1467,4730,30041,6,75,878,745,-3852,-1541,24712,6335,1632,7967,965,304,340,1540,118,544,429,975,258,1156,263,881,1337,-16,9093,17060,780,264,307,134,77,518,781,2,783,1,346,1648,2691,53,62,115,1073,150,1223,1339,4030,21090,7,77,635,828,-4270,-333,16224,4,12,16,12,7,18,194,129,324,198,145,343,257,285,542,188,87,275,459,274,733,342,113,455,264,187,451,176,296,472,376,307,683,225,276,501,839,89,928,268,56,324,4461,670,5132,723,79,802,816,92,908,313,105,418,217,109,327,1140,10333,4458,14791,1766,-333,16224,0.0,0.0,0.0,0.0,0.0,0.0,0.0,0.0,0.0,0.0,0.0,0.0,0.0,0.0,0.0,0.0,0.0,0.0,0.0,0.0,0.0,0,0,0,0,0,0,0,0,0,0,0,0,0,0,0,0,0,0,0,0,0,32,17,478,801,1180,262,751,854,502,808,1000,594,1489,708,6011,1590,1650,160,835,2222,21710,1434,1508,24712,-11.3,-0.6,19.0,-23.9,13.2,-15.7,2.3,3.1,-7.5,18.4,-2.7,1.9,-4.1,-7.5,9.3,3.4,4.3,23.0,8.2,1.3,4.0,6.6,3.8,0.0,0.0,0.3,-1.1,0.6,-0.2,0.1,0.1,-0.2,0.5,-0.1,0.0,-0.3,-0.2,2.2,0.2,0.3,0.1,0.3,0.1,0.4,-0.1,3.8,18,11,319,393,704,226,613,505,398,975,617,307,1147,371,4092,930,1101,136,506,1130,14500,1391,333,16224,-33.7,-2.9,27.0,-4.8,11.4,-10.0,3.2,67.1,-9.4,17.4,-2.0,7.8,0.6,3.0,13.8,3.0,7.3,26.1,8.3,5.6,8.7,29.3,10.5,0.1,0.0,0.4,1.9,1.4,0.6,1.6,2.7,1.1,3.4,1.0,1.5,2.7,1.7,9.1,2.6,2.6,1.7,3.1,1.9,2.0,2.0,0.0,0.0,0.0,0.0,0.0,0.0,0.0,0.0,0.0,0.0,0.0,0.0,0.0,0.0,0.0,0.0,0.0,0.0,0.0,0.0,0.0,0.0,0.0
Jun-2004,10667,3193,13795,1236,537,306,2806,283,587,882,1338,175,1217,543,1285,2013,-37,13013,26899,1244,481,356,198,19,570,570,-38,534,1,315,1524,3166,78,120,208,1155,291,1480,1684,4830,31569,2,77,858,1023,-4995,-1321,25012,6963,1894,8857,981,292,346,1704,138,554,612,1029,276,1182,281,885,1387,-27,9641,18498,897,302,248,130,13,392,744,-48,696,1,361,1450,2649,56,116,172,1128,197,1325,1497,4146,22644,2,67,631,992,-4607,-407,17204,4,16,20,12,7,19,266,161,427,199,224,423,288,301,590,155,99,254,456,288,744,477,129,606,299,183,482,180,240,420,302,388,691,211,261,471,870,88,957,317,57,374,4808,661,5469,859,80,939,845,141,986,278,147,425,210,120,330,1322,11035,4915,15950,1661,-407,17204,0.0,0.0,0.0,0.0,0.0,0.0,0.0,0.0,0.0,0.0,0.0,0.0,0.0,0.0,0.0,0.0,0.0,0.0,0.0,0.0,0.0,0,0,0,0,0,0,0,0,0,0,0,0,0,0,0,0,0,0,0,0,0,29,9,563,954,1178,272,761,849,513,848,846,567,1445,736,6188,1642,1737,165,840,2272,22171,1471,1307,25012,-10.0,-47.8,17.7,19.1,-0.2,4.0,1.4,-0.6,2.0,4.9,-15.4,-4.6,-2.9,3.9,3.0,3.2,5.3,3.2,0.6,2.3,2.1,2.6,1.2,0.0,0.0,0.3,0.6,0.0,0.0,0.0,0.0,0.0,0.2,-0.6,-0.1,-0.2,0.1,0.7,0.2,0.4,0.0,0.0,0.2,0.1,-0.8,1.2,23,7,406,498,755,239,627,530,422,1021,528,289,1147,435,4451,1012,1209,142,536,1250,15527,1269,407,17204,29.0,-39.2,27.4,26.8,7.2,5.8,2.3,5.1,5.9,4.7,-14.4,-6.0,0.0,17.3,8.8,8.7,9.8,4.4,6.0,10.6,7.1,-8.8,6.0,0.1,0.0,0.4,2.3,1.3,0.6,1.5,2.6,1.0,3.3,0.8,1.4,2.5,1.7,9.2,2.7,2.6,1.7,3.0,1.9,1.7,2.0,0.0,0.0,0.0,0.0,0.0,0.0,0.0,0.0,0.0,0.0,0.0,0.0,0.0,0.0,0.1,0.0,0.0,0.0,0.0,0.0,0.0,0.0,0.0
Jun-2005,11609,3227,14784,1292,560,327,2885,278,593,813,1393,186,1225,553,1267,2092,-49,13271,28100,1188,454,393,187,51,628,668,-31,638,0,334,1731,3332,90,111,208,1120,262,1420,1624,4930,32839,0,87,792,1027,-5255,-1401,25861,7913,2025,9937,1037,310,359,1843,137,555,581,1093,299,1182,309,900,1462,-36,10031,19968,884,259,293,127,37,457,837,-38,799,0,378,1633,2776,66,111,177,1091,181,1273,1449,4226,24194,0,74,597,992,-4929,-509,18288,5,13,19,16,7,23,238,142,380,198,288,486,281,267,547,240,108,348,489,274,763,537,145,683,284,153,436,204,324,528,322,418,740,253,268,521,839,141,980,314,74,388,4962,747,5708,1061,113,1174,928,148,1077,344,171,516,269,114,383,1403,11784,5318,17102,1695,-509,18288,0.0,0.0,0.0,0.0,0.0,0.0,0.0,0.0,0.0,0.0,0.0,0.0,0.0,0.0,0.0,0.0,0.0,0.0,0.0,0.0,0.0,0,0,0,0,0,0,0,0,0,0,0,0,0,0,0,0,0,0,0,0,0,30,11,582,1000,1114,305,776,790,462,858,909,583,1465,757,6488,1663,2019,191,808,2371,22930,1489,1384,25861,4.4,17.3,3.5,4.8,-5.4,12.2,1.9,-6.9,-9.9,1.2,7.4,2.9,1.4,3.0,4.9,1.3,16.2,15.5,-3.7,4.3,3.4,1.2,3.4,0.0,0.0,0.1,0.2,-0.3,0.1,0.1,-0.2,-0.2,0.0,0.3,0.1,0.1,0.1,1.2,0.1,1.1,0.1,-0.1,0.4,0.1,0.3,3.4,21,9,415,558,753,270,637,501,378,1066,598,322,1202,473,4742,1049,1452,163,549,1358,16517,1263,509,18288,-7.3,24.0,2.1,12.0,-0.3,13.0,1.7,-5.5,-10.5,4.5,13.4,11.5,4.8,8.5,6.5,3.7,20.1,14.9,2.5,8.6,6.4,-0.5,6.3,0.1,0.0,0.4,2.4,1.2,0.6,1.5,2.3,0.8,3.3,0.9,1.5,2.4,1.7,9.3,2.6,3.0,1.8,2.9,2.0,1.7,2.0,0.0,0.0,0.0,0.0,0.0,0.0,0.0,0.0,0.0,0.0,0.0,0.0,0.0,0.0,0.0,0.0,0.0,0.0,0.0,0.0,0.0,0.0,0.0
Jun-2006,12574,3000,15550,1278,585,372,2966,273,639,809,1425,194,1280,578,1262,2276,-70,13741,29326,1246,432,937,186,15,1148,654,-41,616,0,357,2130,3820,110,29,128,1284,273,1607,1736,5521,34709,19,87,849,1123,-6256,-1568,26543,8923,2005,10928,1070,334,407,1949,139,607,597,1189,311,1235,343,923,1641,-52,10693,21621,963,266,735,127,10,873,804,-48,756,0,404,2034,3263,79,26,105,1350,217,1567,1673,4936,26557,19,75,657,1109,-5880,-657,19511,5,14,19,16,7,23,271,135,406,247,284,531,355,270,625,264,111,376,511,292,804,433,200,633,287,236,523,195,313,508,331,535,865,302,292,594,902,263,1165,387,89,476,5388,753,6141,1130,113,1243,1009,156,1164,325,160,485,194,116,310,1453,12553,5792,18345,1824,-657,19511,0.0,0.0,0.0,0.0,0.0,0.0,0.0,0.0,0.0,0.0,0.0,0.0,0.0,0.0,0.0,0.0,0.0,0.0,0.0,0.0,0.0,0,0,0,0,0,0,0,0,0,0,0,0,0,0,0,0,0,0,0,0,0,28,14,551,1005,1334,318,794,706,475,869,938,652,1634,796,6418,1696,2117,173,722,2434,23418,1521,1544,26543,-7.5,33.7,-5.3,0.6,19.7,4.3,2.3,-10.7,3.0,1.3,3.2,11.8,11.5,5.1,-1.1,2.0,4.9,-9.7,-10.7,2.7,2.1,2.2,2.6,0.0,0.0,-0.1,0.0,0.8,0.1,0.1,-0.3,0.1,0.0,0.1,0.3,0.7,0.1,-0.3,0.1,0.4,-0.1,-0.3,0.2,0.1,0.6,2.6,22,9,409,579,940,283,678,462,397,1041,649,370,1391,502,4910,1182,1608,150,505,1437,17523,1331,657,19511,2.0,9.7,-1.6,3.7,24.9,4.9,6.3,-7.9,5.2,-2.4,8.6,14.8,15.7,6.3,3.5,12.6,10.7,-8.1,-8.1,5.8,6.1,5.4,6.7,0.1,0.0,0.4,2.4,1.4,0.6,1.5,2.0,0.8,3.1,0.9,1.6,2.5,1.7,9.0,2.7,3.0,1.6,2.6,1.9,1.7,2.0,0.0,0.0,0.0,0.0,0.0,0.0,0.0,0.0,0.0,0.0,0.0,0.0,-0.1,0.0,0.0,0.0,0.0,0.0,0.0,0.0,0.0,0.0,0.0
Jun-2007,13645,2784,16427,1286,614,411,3046,283,699,784,1546,208,1410,641,1461,2296,-93,14501,30963,1274,464,1397,218,18,1653,589,-24,567,0,397,2515,4301,55,44,97,1221,411,1652,1754,6000,36846,12,92,914,1259,-6551,-1513,28358,10211,1941,12152,1145,368,442,2103,150,664,604,1349,337,1365,393,1110,1689,-71,11647,23798,1013,371,1145,162,13,1320,702,-28,674,0,450,2444,3827,41,39,80,1263,327,1590,1670,5497,29296,12,79,728,1243,-6287,-555,21872,5,11,15,22,7,29,247,130,377,237,414,651,498,425,923,267,105,372,535,366,901,478,170,648,294,207,501,220,326,546,407,606,1013,332,340,672,1003,276,1279,355,122,477,5948,839,6787,1250,127,1377,1068,163,1232,357,153,510,230,115,345,1563,13753,6464,20217,2210,-555,21872,0.0,0.0,0.0,0.0,0.0,0.0,0.0,0.0,0.0,0.0,0.0,0.0,0.0,0.0,0.0,0.0,0.0,0.0,0.0,0.0,0.0,0,0,0,0,0,0,0,0,0,0,0,0,0,0,0,0,0,0,0,0,0,25,20,509,1160,1628,318,852,643,456,857,1100,626,1609,832,7465,1639,2394,186,753,2471,25247,1564,1495,28358,-9.0,42.8,-7.7,15.4,22.0,-0.2,7.4,-8.9,-4.1,-1.4,17.3,-3.9,-1.5,4.5,16.3,-3.4,13.1,7.7,4.2,1.5,7.8,2.8,6.8,0.0,0.0,-0.2,0.6,1.1,0.0,0.2,-0.2,-0.1,0.0,0.6,-0.1,-0.1,0.1,3.9,-0.2,1.0,0.0,0.1,0.1,0.2,-0.2,6.8,17,10,371,685,1228,292,751,440,414,1022,788,418,1539,585,5696,1215,1926,154,542,1574,19664,1652,555,21872,-21.6,1.8,-9.2,18.4,30.6,3.3,10.9,-4.8,4.2,-1.8,21.3,12.9,10.6,16.4,16.0,2.8,19.8,2.5,7.4,9.5,12.2,24.1,12.1,0.1,0.0,0.4,2.8,1.6,0.6,1.5,1.8,0.8,2.9,0.9,1.6,2.4,1.7,9.9,2.6,3.2,1.7,2.7,1.9,2.0,2.0,0.0,0.0,0.0,0.0,0.0,0.0,0.0,0.0,0.0,0.0,0.1,0.0,0.0,0.0,0.0,0.0,0.0,0.0,0.0,0.0,0.0,0.0,0.0
Jun-2008,14483,2848,17334,1321,566,443,3121,283,643,802,1716,215,1426,659,1438,2407,-36,14928,32283,1193,444,1159,316,-106,1384,531,38,568,0,450,2359,4038,24,98,126,1627,563,2213,2347,6361,38538,8,110,1070,1428,-7042,-1299,29738,11356,2091,13447,1204,355,489,2311,176,617,635,1565,352,1382,421,1143,1756,-28,12377,25824,980,393,979,243,-83,1139,593,42,635,0,503,2277,3650,19,90,109,1754,495,2248,2357,6007,31831,8,89,879,1315,-6757,-652,23906,5,11,16,18,7,25,169,143,312,283,435,717,551,593,1144,279,110,389,633,377,1009,506,202,708,338,242,580,242,337,579,425,636,1061,367,412,779,1346,430,1776,339,150,490,6424,839,7263,1344,145,1489,1218,160,1377,392,151,543,255,113,368,1755,15135,7246,22381,2177,-652,23906,0.0,0.0,0.0,0.0,0.0,0.0,0.0,0.0,0.0,0.0,0.0,0.0,0.0,0.0,0.0,0.0,0.0,0.0,0.0,0.0,0.0,0,0,0,0,0,0,0,0,0,0,0,0,0,0,0,0,0,0,0,0,0,29,25,495,1086,1632,323,926,666,497,858,1123,561,1884,898,8206,1722,2644,188,760,2513,26817,1592,1296,29738,12.6,25.9,-2.7,-6.4,0.2,1.8,8.6,3.6,9.1,0.2,2.1,-10.4,17.1,8.0,9.9,5.0,10.5,1.2,1.0,1.7,6.2,1.8,4.9,0.0,0.0,0.0,-0.3,0.0,0.0,0.3,0.1,0.1,0.0,0.1,-0.2,1.0,0.2,2.6,0.3,0.9,0.0,0.0,0.1,0.1,-0.7,4.9,18,12,385,686,1229,317,835,489,450,1017,836,431,1928,654,6348,1290,2267,158,566,1756,21674,1580,652,23906,5.3,29.9,3.7,0.2,0.1,8.4,11.2,11.3,8.7,-0.5,6.2,3.2,25.3,11.8,11.4,6.2,17.7,2.4,4.4,11.6,10.2,-4.4,9.3,0.1,0.0,0.4,2.6,1.5,0.6,1.5,1.8,0.8,2.7,0.9,1.5,2.7,1.7,10.8,2.6,3.4,1.6,2.7,1.9,1.8,2.0,0.0,0.0,0.0,0.0,0.0,0.0,0.0,0.0,0.0,0.0,0.0,0.0,0.0,0.0,0.0,0.0,0.0,0.0,0.0,0.0,0.0,0.0,0.0
Jun-2009,15051,2901,17958,1322,549,488,3197,252,656,765,1615,223,1415,689,1421,2338,-110,14767,32721,1234,407,1132,276,-169,1259,688,-29,660,0,457,2365,4048,24,119,149,1721,551,2302,2457,6487,39106,16,125,1106,1319,-6850,-1349,30586,12295,2248,14542,1256,359,536,2561,161,643,609,1408,357,1390,473,1126,1825,-90,12613,27155,1064,331,1001,227,-137,1091,779,-33,746,0,518,2356,3751,21,117,137,1885,500,2385,2522,6273,33428,17,115,939,1399,-7098,-647,25126,6,10,16,22,7,29,275,171,446,224,396,621,611,547,1158,237,104,341,694,384,1077,575,198,773,316,240,556,241,370,611,509,562,1070,318,419,737,1391,446,1837,283,158,440,6548,972,7519,1912,136,2049,1253,174,1427,433,148,581,318,119,437,1949,16165,7510,23676,2097,-647,25126,0.0,0.0,0.0,0.0,0.0,0.0,0.0,0.0,0.0,0.0,0.0,0.0,0.0,0.0,0.0,0.0,0.0,0.0,0.0,0.0,-0.1,0,0,0,0,0,0,0,0,0,0,0,0,0,0,0,0,0,0,0,0,0,30,49,437,857,1703,320,949,620,476,817,1143,612,1925,885,8700,1877,2901,219,777,2574,27657,1566,1345,30586,4.4,93.2,-11.8,-21.1,4.3,-0.9,2.6,-6.9,-4.4,-4.8,1.7,9.0,2.2,-1.4,6.0,9.0,9.7,16.8,2.2,2.4,3.1,-1.6,2.8,0.0,0.1,-0.2,-0.8,0.2,0.0,0.1,-0.2,-0.1,-0.1,0.1,0.2,0.1,0.0,1.7,0.5,0.9,0.1,0.1,0.2,-0.1,0.2,2.8,18,11,387,540,1339,311,898,495,413,1015,934,450,1997,669,6873,1441,2500,180,620,1944,23037,1442,647,25126,2.6,-12.9,0.6,-21.3,9.0,-1.8,7.5,1.2,-8.3,-0.3,11.7,4.4,3.6,2.3,8.3,11.6,10.3,14.5,9.6,10.7,6.3,-8.7,5.1,0.1,0.0,0.4,2.0,1.5,0.6,1.5,1.7,0.7,2.6,0.9,1.5,2.6,1.8,10.8,2.6,3.5,1.7,2.7,1.9,1.7,2.0,0.0,0.0,0.0,0.0,0.0,0.0,0.0,0.0,0.0,0.0,0.0,0.0,0.0,0.0,0.0,0.0,0.0,0.0,0.0,0.0,0.0,0.0,-0.1
Jun-2010,15444,3054,18501,1431,558,477,3289,251,664,766,1691,210,1489,751,1549,2409,-163,15297,33797,1510,450,1056,242,31,1338,740,-49,691,0,461,2475,4460,31,227,269,1882,857,2740,3007,7465,41258,7,145,1205,1726,-7954,-1315,31331,12999,2467,15466,1353,375,532,2764,168,671,627,1500,337,1469,548,1261,1929,-137,13397,28863,1343,458,943,204,26,1172,786,-54,733,0,516,2421,4221,27,219,246,2030,771,2801,3047,7269,36132,7,127,1047,1501,-7499,-882,27178,5,10,15,22,7,29,167,133,300,210,418,627,835,775,1610,294,129,423,693,401,1094,660,257,918,335,266,602,259,439,698,424,583,1007,324,492,816,1513,706,2219,327,208,535,7099,949,8048,2123,171,2294,1260,198,1459,424,165,589,262,130,392,2128,17236,8565,25801,2259,-882,27178,0.0,0.0,0.0,0.0,0.0,0.0,0.0,0.0,0.0,0.0,0.0,0.0,0.0,0.0,0.0,0.0,0.0,0.0,0.0,0.0,0.0,0,0,0,0,0,0,0,0,0,0,0,0,0,0,0,0,0,0,0,0,0,25,41,439,876,2178,374,983,620,502,877,999,657,2088,825,8471,1995,2971,257,801,2596,28425,1578,1313,31331,-15.8,-15.3,0.4,2.2,27.9,16.8,3.6,0.0,5.5,7.3,-12.6,7.4,8.5,-6.9,-2.6,6.3,2.4,17.0,3.1,0.9,2.8,0.7,2.4,0.0,0.0,0.0,0.1,1.6,0.2,0.1,0.0,0.1,0.2,-0.5,0.1,0.5,-0.2,-0.7,0.4,0.2,0.1,0.1,0.1,0.0,-0.1,2.4,16,16,382,603,1808,369,934,533,427,1144,840,507,2109,685,7138,1549,2680,219,672,2087,24718,1578,882,27178,-12.2,47.3,-1.3,11.7,35.0,18.5,4.0,7.6,3.3,12.8,-10.1,12.6,5.6,2.4,3.9,7.6,7.2,21.4,8.4,7.3,7.3,9.4,8.2,0.1,0.0,0.4,2.0,1.9,0.7,1.6,1.7,0.7,2.8,0.8,1.6,2.5,1.7,10.6,2.6,3.4,2.0,2.8,1.9,1.8,2.1,0.0,0.0,0.0,0.0,0.0,0.0,0.0,0.0,0.0,0.0,0.0,0.0,0.0,0.0,0.0,0.0,0.0,0.0,0.0,0.0,0.0,0.0,0.0
Jun-2011,16108,3050,19166,1618,568,503,3389,280,634,829,1823,215,1428,784,1481,2470,-115,15824,34988,1838,432,984,309,44,1340,513,-42,472,0,514,2300,4568,32,307,355,1989,905,2897,3242,7815,42808,3,179,1296,2063,-8142,-1277,32446,14244,2551,16795,1562,412,545,2988,191,645,684,1659,330,1393,598,1232,2009,-100,14148,30943,1678,446,905,271,37,1213,522,-43,479,0,566,2259,4383,29,297,326,2126,825,2951,3277,7659,38603,3,156,1150,1681,-7449,-1021,29449,6,10,16,32,7,39,181,173,354,367,269,637,1042,882,1924,304,131,435,732,410,1142,939,261,1199,332,278,610,250,454,704,444,511,955,331,527,858,1418,756,2174,384,269,653,7793,975,8769,2438,204,2642,1431,195,1626,456,151,607,263,164,427,2299,19143,8926,28069,2400,-1021,29449,0.0,0.0,0.0,0.0,0.0,0.0,0.0,0.0,0.0,0.0,0.0,0.0,0.0,0.0,0.0,0.0,0.0,0.0,0.0,0.0,0.0,0,0,0,0,0,0,0,0,0,0,0,0,0,0,0,0,0,0,0,0,0,28,56,419,759,2244,370,990,647,472,924,1003,655,2322,885,9042,2087,3113,234,730,2683,29561,1598,1277,32446,10.0,34.3,-4.5,-13.4,3.0,-1.1,0.7,4.3,-6.0,5.4,0.4,-0.2,11.2,7.4,6.7,4.6,4.8,-8.7,-8.9,3.3,4.0,1.3,3.6,0.0,0.0,-0.1,-0.4,0.2,0.0,0.0,0.1,-0.1,0.2,0.0,0.0,0.7,0.2,1.8,0.3,0.5,-0.1,-0.2,0.3,0.1,-0.1,3.6,17,28,375,577,1952,388,981,581,419,1161,879,532,2303,782,7958,1738,3022,202,631,2240,26764,1664,1021,29449,5.2,75.6,-1.7,-4.4,8.0,5.1,5.0,8.9,-1.8,1.5,4.7,4.9,9.2,14.1,11.5,12.2,12.7,-7.9,-6.2,7.3,8.3,5.5,8.4,0.1,0.0,0.4,1.7,1.9,0.7,1.5,1.8,0.6,2.8,0.8,1.6,2.6,1.7,11.0,2.7,3.5,1.8,2.5,2.0,1.8,2.1,0.0,0.0,0.0,0.0,0.0,0.0,0.0,0.0,0.0,0.0,0.0,0.0,0.0,0.0,0.0,0.0,0.0,0.0,0.0,0.0,0.0,0.0,0.0
Jun-2012,17699,3158,20875,1631,561,501,3488,236,646,815,1922,227,1480,819,1492,2491,-108,16137,36998,1970,446,1003,403,17,1425,623,-67,556,0,562,2519,4932,48,262,323,2428,985,3428,3748,8694,45735,14,225,1514,2008,-10094,-1240,33696,16175,2734,18909,1595,422,544,3267,180,649,689,1804,340,1435,657,1295,2104,-96,14883,33792,1803,418,907,361,14,1283,616,-67,550,0,617,2449,4671,44,261,305,2545,922,3467,3773,8444,42235,15,201,1377,1621,-9416,-1025,31365,6,9,16,34,7,41,178,145,323,259,375,634,1115,913,2028,338,128,465,805,462,1267,1042,256,1299,396,305,701,278,464,742,413,545,958,328,662,991,1857,651,2508,452,235,687,8447,1037,9484,2534,130,2664,1537,207,1744,398,165,562,241,160,401,2537,20658,9396,30054,2336,-1025,31365,0.0,0.0,0.0,0.0,1.3,0.0,0.0,0.0,0.0,0.0,0.2,0.0,0.0,0.0,0.0,0.0,0.0,0.0,0.0,0.0,0.1,0,0,0,0,0,0,0,0,0,0,0,0,0,0,0,0,0,0,0,0,0,28,58,429,682,2286,362,1049,692,526,972,992,706,2513,881,9680,2079,3281,256,711,2733,30847,1607,1241,33696,1.7,4.7,2.4,-10.1,1.8,-2.2,5.9,7.0,11.4,5.1,-1.1,7.7,8.2,-0.5,7.1,-0.4,5.4,9.2,-2.6,1.9,4.3,0.6,3.9,0.0,0.0,0.0,-0.2,0.1,0.0,0.2,0.1,0.2,0.1,0.0,0.2,0.6,0.0,2.0,0.0,0.5,0.1,-0.1,0.2,0.0,-0.1,3.9,15,25,394,585,1989,377,1081,641,487,1232,878,615,2580,817,8750,1766,3238,226,644,2453,28793,1548,1025,31365,-12.7,-9.5,4.9,1.4,1.9,-2.8,10.1,10.4,16.3,6.1,-0.2,15.7,12.0,4.5,10.0,1.6,7.2,12.3,2.1,9.5,7.6,-7.0,6.5,0.0,0.0,0.4,1.5,1.7,0.6,1.6,1.8,0.7,2.9,0.7,1.6,2.6,1.7,11.3,2.6,3.6,1.9,2.3,2.0,1.7,2.1,-0.1,0.0,0.0,0.0,0.0,0.0,0.0,0.0,0.0,0.0,0.0,0.2,0.1,0.0,0.1,0.0,0.0,0.0,0.0,0.0,0.0,0.0,0.1
Jun-2013,17634,3392,21034,1774,548,511,3570,222,670,852,1994,230,1498,855,1540,2518,-158,16574,37595,1894,460,951,459,-31,1382,740,-55,685,0,571,2620,4976,83,175,264,1899,827,2734,2996,7957,45551,7,211,1564,2221,-8719,-1407,34563,16379,3035,19414,1732,430,557,3480,198,656,743,1874,360,1448,717,1375,2217,-144,15644,35058,1741,411,861,429,-27,1262,717,-54,663,0,624,2550,4702,75,178,253,1970,780,2750,3004,7705,42763,7,187,1451,1817,-8177,-1228,32812,7,9,16,31,7,38,152,111,263,319,333,652,1451,533,1984,307,119,427,802,466,1268,966,261,1227,480,342,822,282,465,747,490,478,968,332,799,1130,2044,638,2682,463,203,666,8853,1046,9900,3042,95,3137,1679,213,1892,479,162,641,279,149,428,2700,22459,9130,31589,2451,-1228,32812,0.0,0.0,0.0,0.0,-2.5,0.0,0.0,0.0,0.0,0.0,-0.2,0.0,0.0,0.0,-0.1,0.0,0.0,0.0,0.0,0.0,0.0,0,0,0,0,0,0,0,0,0,0,0,0,0,0,0,0,0,0,0,0,0,26,58,432,654,2114,333,1084,692,590,958,996,788,2613,875,10162,2074,3409,272,665,2772,31502,1652,1407,34563,-8.3,-0.3,0.6,-4.1,-7.5,-8.1,3.4,0.0,12.2,-1.4,0.4,11.5,4.0,-0.7,5.0,-0.3,3.9,6.3,-6.4,1.4,2.1,2.8,2.6,0.0,0.0,0.0,-0.1,-0.5,-0.1,0.1,0.0,0.2,0.0,0.0,0.2,0.3,0.0,1.4,0.0,0.4,0.0,-0.1,0.1,0.1,0.5,2.6,15,20,400,636,1868,344,1108,665,556,1227,889,701,2694,811,9322,1854,3405,244,617,2619,29993,1591,1228,32812,1.6,-21.9,1.5,8.8,-6.1,-8.6,2.6,3.7,14.1,-0.4,1.3,13.9,4.4,-0.7,6.5,4.9,5.2,7.7,-4.2,6.8,4.2,2.8,4.6,0.0,0.0,0.4,1.5,1.5,0.5,1.6,1.8,0.7,2.9,0.7,1.7,2.6,1.7,11.7,2.6,3.5,2.0,2.2,2.0,1.7,2.1,0.0,0.0,0.0,0.0,0.0,0.0,0.0,0.0,0.0,0.0,0.0,-1.6,0.1,0.0,0.0,0.0,0.0,0.0,0.0,0.0,-0.1,0.0,0.0
Jun-2014,17497,3337,20842,1808,519,519,3643,214,645,911,1953,255,1495,868,1516,2620,-186,16741,37576,1823,468,691,582,-89,1196,504,-51,453,0,587,2232,4516,100,57,156,2037,805,2855,3014,7527,45088,3,187,1504,2165,-7852,-1520,34871,16571,3049,19620,1801,431,561,3588,197,636,813,1915,362,1447,763,1384,2397,-174,16121,35741,1694,421,636,560,-80,1116,497,-51,447,0,634,2197,4312,93,58,151,2084,762,2846,2997,7309,43050,3,184,1432,1954,-7528,-1455,33363,11,6,17,31,9,40,286,85,371,109,377,486,1287,532,1820,264,140,404,791,476,1266,683,308,991,544,333,876,269,431,700,435,601,1035,344,418,762,1988,572,2559,489,183,672,9094,1186,10280,3729,114,3843,1758,221,1979,654,153,807,345,165,510,2826,23109,9135,32244,2575,-1455,33363,0.0,0.0,0.0,0.0,-2.5,0.0,0.0,0.0,0.0,0.0,-0.2,0.0,0.0,0.0,-0.1,0.0,0.0,0.0,0.0,0.0,0.0,0,0,0,0,0,0,0,0,0,0,0,0,-1,0,0,0,0,0,0,0,0,25,65,400,658,2059,319,1107,669,634,968,947,829,2555,904,10143,2181,3559,288,667,2788,31702,1648,1519,34871,-2.6,11.7,-7.2,0.6,-2.6,-4.2,2.1,-3.3,7.5,1.0,-4.9,5.3,-2.2,3.3,-0.2,5.2,4.4,5.8,0.2,0.6,0.6,-0.2,0.9,0.0,0.0,-0.1,0.0,-0.2,0.0,0.1,-0.1,0.1,0.0,-0.1,0.1,-0.2,0.1,-0.1,0.3,0.4,0.0,0.0,0.0,0.0,0.3,0.9,16,26,373,647,1826,332,1121,646,600,1216,872,748,2599,840,9350,1925,3514,263,639,2703,30258,1650,1455,33363,6.3,33.9,-6.6,1.8,-2.2,-3.5,1.1,-2.9,8.1,-0.9,-1.9,6.7,-3.5,3.6,0.3,3.9,3.2,7.9,3.7,3.2,0.9,3.7,1.7,0.0,0.0,0.4,1.5,1.4,0.5,1.6,1.8,0.8,2.8,0.7,1.7,2.5,1.7,11.3,2.6,3.5,2.0,2.2,2.0,1.6,2.1,0.0,0.0,0.0,0.0,0.0,0.0,0.0,0.0,0.0,0.0,0.0,-1.3,0.1,0.0,-0.1,0.0,0.0,0.0,0.0,0.0,-0.1,0.0,0.0
Jun-2015,17259,3470,20731,1783,499,533,3725,217,687,957,1984,275,1521,873,1563,2709,-199,17097,37826,1725,453,839,392,-36,1196,559,-89,469,0,623,2289,4465,77,50,127,2266,1082,3354,3486,7960,45778,19,194,1648,1933,-7929,-1708,35681,16543,3259,19802,1804,439,556,3595,191,675,877,1920,357,1499,797,1462,2543,-190,16525,36327,1635,478,782,382,-33,1131,559,-90,469,0,662,2262,4375,73,51,124,2335,1043,3377,3501,7875,44202,18,198,1597,1840,-7705,-1594,34480,14,3,17,37,7,43,302,92,394,55,430,484,1159,779,1938,307,142,450,769,500,1269,1001,321,1322,578,444,1022,235,469,704,390,821,1211,385,626,1011,2158,481,2639,386,229,615,8376,1271,9647,4220,128,4348,1888,248,2136,655,184,839,459,169,628,2701,23372,10045,33417,2658,-1594,34480,0.1,0.0,0.1,-0.1,-9.9,0.0,0.0,0.0,0.0,0.0,-0.9,0.0,8.2,7.8,2.7,0.4,0.0,0.0,0.0,0.0,0.1,0,0,0,0,3,0,0,0,2,0,0,0,-1,0,4,-1,0,0,0,0,8,23,29,382,687,2297,326,1145,674,653,1018,1079,816,2622,906,10075,2183,3656,277,692,2805,32312,1661,1707,35681,-7.6,-56.0,-4.5,4.4,11.6,2.4,3.4,0.7,2.9,5.2,13.9,-1.6,2.6,0.2,-0.7,0.1,2.7,-3.9,3.8,0.6,1.9,0.7,2.3,0.0,-0.1,-0.1,0.1,0.7,0.0,0.1,0.0,0.1,0.1,0.4,0.0,0.2,0.0,-0.2,0.0,0.3,0.0,0.1,0.0,0.0,0.5,2.3,14,24,360,644,2130,331,1139,655,630,1200,1025,767,2654,867,9485,2008,3657,260,664,2717,31233,1653,1594,34480,-14.5,-7.9,-3.5,-0.5,16.7,-0.2,1.7,1.5,5.0,-1.3,17.6,2.5,2.1,3.2,1.4,4.3,4.1,-1.2,3.8,0.5,3.2,0.2,3.3,0.0,0.0,0.4,1.5,1.6,0.5,1.6,1.7,0.8,2.7,0.7,1.6,2.5,1.6,11.2,2.6,3.4,1.9,2.2,2.0,1.5,2.1,1.8,0.0,0.9,0.0,10.4,0.0,0.2,1.0,-7.4,-0.3,0.2,-5.0,-0.5,1.1,-0.1,0.1,0.0,0.1,-0.2,0.0,0.3,-1.0,0.1
Jun-2016,17510,3573,21086,1852,472,564,3823,217,756,934,2052,328,1570,893,1617,2843,-200,17711,38797,1801,455,861,357,-3,1214,574,-85,489,0,642,2345,4596,119,124,244,1931,916,2853,3096,7694,46471,21,176,1898,1928,-7472,-1751,37062,17026,3431,20458,1850,436,581,3648,187,759,881,1981,371,1566,841,1547,2722,-193,17178,37635,1711,534,815,348,-3,1161,600,-89,511,0,669,2341,4586,116,128,244,1998,895,2893,3137,7723,45359,20,187,1858,1976,-7336,-1594,36143,16,3,19,38,7,45,281,91,373,57,555,612,1234,775,2009,314,211,526,789,520,1310,1212,314,1526,556,487,1044,225,477,703,369,928,1297,417,667,1084,2378,410,2788,378,250,629,8818,1375,10194,4196,158,4353,2066,241,2308,608,213,820,317,160,477,2704,24271,10548,34818,2919,-1594,36143,0.1,0.0,0.1,-3.3,1.6,0.0,-2.4,4.1,0.0,-0.5,-1.4,-0.5,1.5,1.2,-0.5,-0.1,0.0,0.0,0.0,0.0,-0.1,0,0,8,5,-9,0,-1,8,-10,-5,-10,2,3,1,10,6,0,-1,3,3,9,20,28,378,729,2406,372,1208,696,660,1083,1195,850,2853,928,10398,2136,3800,272,713,2827,33539,1770,1751,37062,-13.0,-2.9,-1.1,6.0,4.8,13.9,5.4,3.3,1.1,6.4,10.7,4.2,8.8,2.5,3.2,-2.1,4.0,-1.8,3.1,0.8,3.8,6.6,3.9,0.0,0.0,0.0,0.1,0.3,0.1,0.2,0.1,0.0,0.2,0.3,0.1,0.6,0.1,0.9,-0.1,0.4,0.0,0.1,0.1,0.3,0.1,3.9,18,26,363,660,2247,377,1196,680,640,1198,1140,801,2837,876,10158,2099,3804,256,674,2715,32764,1785,1594,36143,31.8,5.4,0.7,2.4,5.5,13.6,5.0,3.8,1.5,-0.2,11.2,4.4,6.9,1.1,7.1,4.5,4.0,-1.3,1.6,-0.1,4.9,8.0,4.8,0.0,0.0,0.4,1.6,1.7,0.6,1.6,1.7,0.8,2.7,0.8,1.6,2.6,1.6,11.1,2.6,3.4,1.9,2.3,1.9,1.5,2.2,-1.6,3.8,0.6,0.5,-1.2,-0.1,0.5,-0.5,-4.4,0.9,-0.8,-0.1,1.7,-7.3,0.3,-3.7,-0.1,0.6,3.0,0.0,-0.3,0.0,-0.1
Jun-2017,17632,3765,21397,1887,460,584,3932,218,806,998,2086,361,1588,929,1622,2968,-298,18136,39532,2052,490,845,410,153,1405,587,-121,466,0,690,2555,5087,142,75,216,2018,1062,3081,3298,8385,47912,27,225,2028,2318,-7427,-1717,38280,17312,3681,20993,1905,437,599,3795,194,819,967,2024,376,1600,898,1586,2905,-293,17813,38806,1995,571,820,401,147,1367,594,-122,471,0,704,2542,5109,138,76,214,2043,1043,3086,3300,8408,47214,27,226,2000,2278,-7207,-1643,37887,16,4,20,37,8,45,278,94,372,57,602,658,1299,872,2171,325,213,538,793,582,1374,1189,332,1521,572,515,1087,239,446,685,389,1011,1400,447,723,1170,2609,564,3173,352,292,644,9174,1236,10411,4283,166,4449,2298,285,2583,609,228,837,322,182,503,2787,25288,11141,36429,3101,-1643,37887,0.1,0.0,0.0,-1.8,0.6,-0.1,-2.2,0.7,-1.3,-0.8,-1.0,-0.8,-0.8,-0.6,-0.9,-0.1,0.0,0.0,0.6,0.0,-0.3,0,-3,8,7,-109,-2,35,-51,-15,-12,-6,0,-39,99,8,-51,-99,-27,25,0,-231,21,28,370,746,2534,380,1249,732,688,1097,1226,920,3224,972,10445,2192,4039,278,729,2893,34751,1811,1717,38280,3.3,0.4,-2.3,2.4,5.3,2.2,3.4,5.1,4.3,1.3,2.7,8.2,13.0,4.7,0.4,2.6,6.3,2.4,2.3,2.4,3.6,2.3,3.3,0.0,0.0,0.0,0.0,0.3,0.0,0.1,0.1,0.1,0.0,0.1,0.2,1.0,0.1,0.1,0.2,0.6,0.0,0.0,0.2,0.1,-0.1,3.3,21,27,362,719,2483,378,1255,726,680,1167,1186,890,3223,939,10354,2120,4061,267,712,2806,34377,1867,1643,37887,15.2,4.8,-0.2,9.0,10.5,0.4,5.0,6.7,6.3,-2.6,4.1,11.1,13.6,7.1,1.9,1.0,6.8,4.3,5.6,3.4,4.9,4.6,4.8,0.0,0.0,0.4,1.6,1.9,0.5,1.7,1.8,0.8,2.7,0.8,1.7,2.7,1.7,11.1,2.5,3.4,1.9,2.3,1.9,1.6,2.1,0.6,3.1,0.7,-0.7,-2.6,-0.3,-0.1,1.3,-3.2,-3.1,0.0,1.9,2.3,2.0,0.1,0.0,-0.1,-0.1,-3.4,0.1,-0.1,0.2,-0.3
Jun-2018,17713,3798,21511,1912,454,632,4047,214,839,1065,2116,378,1681,972,1657,3079,-249,18796,40308,1942,536,1077,350,-133,1294,675,-68,607,0,757,2658,5135,138,140,278,2208,1228,3436,3714,8849,49157,21,265,2236,2400,-7315,-1747,39686,17713,3798,21511,1912,454,632,4047,214,839,1065,2116,378,1681,972,1657,3079,-249,18796,40308,1942,536,1077,350,-133,1294,675,-68,607,0,757,2658,5135,138,140,278,2208,1228,3436,3714,8849,49157,21,265,2236,2400,-7315,-1747,39686,14,6,20,38,9,47,300,90,390,64,619,683,1346,1015,2361,329,223,551,811,595,1406,1206,383,1589,565,518,1084,245,484,730,398,1052,1450,477,766,1243,2843,539,3382,402,315,717,9532,1266,10798,4495,181,4676,2376,342,2718,633,267,900,333,188,521,2945,26408,11804,38211,3222,-1747,39686,-2.2,0.0,-1.2,-2.3,1.3,-6.6,8.8,-346.0,1.8,-1.6,-1.5,12.0,-2.1,-1.3,-1.1,-1.2,0.1,-0.1,0.7,-3.2,-0.3,1,-1,5,15,-177,1,-9,-21,-40,40,-58,62,-296,119,239,-71,-149,11,-2,11,-320,21,29,377,756,2609,401,1284,757,697,1252,1224,947,3381,1155,10710,2227,4281,287,734,2969,36098,1841,1747,39686,0.4,2.9,2.0,1.3,3.0,5.7,2.8,3.5,1.3,14.2,-0.2,2.9,4.9,18.8,2.5,1.6,6.0,3.3,0.6,2.6,3.9,1.6,3.7,0.0,0.0,0.0,0.0,0.2,0.1,0.1,0.1,0.0,0.4,0.0,0.1,0.4,0.5,0.7,0.1,0.6,0.0,0.0,0.2,0.1,0.1,3.7,21,29,377,756,2609,401,1284,757,697,1252,1224,947,3381,1155,10710,2227,4281,287,734,2969,36098,1841,1747,39686,0.6,6.2,4.1,5.1,5.1,6.2,2.3,4.3,2.4,7.3,3.2,6.4,4.9,23.0,3.4,5.1,5.4,7.4,3.1,5.8,5.0,-1.4,4.7,0.0,0.0,0.4,1.6,1.8,0.6,1.7,1.8,0.8,2.8,0.8,1.7,2.7,1.9,11.2,2.6,3.4,1.9,2.3,1.9,1.5,2.1,3.0,1.1,-8.0,-2.1,-2.4,4.8,1.4,0.9,3.4,4.7,-1.2,0.9,-6.3,-1.1,2.5,-1.1,-2.5,-2.5,-2.1,-0.3,-0.2,-1.5,-0.3
Jun-2019,18448,3981,22430,1976,445,660,4148,201,861,1118,2091,394,1726,993,1693,3141,-223,19226,41656,2232,489,1026,362,-58,1330,715,-87,628,0,801,2759,5480,131,133,265,2175,975,3150,3415,8894,50550,16,256,2255,2534,-7076,-2075,40879,18888,4082,22970,2025,472,664,4325,220,866,1145,2167,378,1725,1025,1745,3208,-227,19739,42709,2295,471,1052,376,-59,1369,732,-89,643,0,793,2805,5571,134,136,270,2180,994,3174,3444,9015,51724,16,281,2297,2702,-7554,-1858,41641,15,6,21,38,8,45,327,97,424,68,628,696,1405,1002,2407,336,222,558,832,614,1446,1257,409,1666,586,535,1121,262,453,714,399,1096,1494,494,787,1280,2916,501,3416,445,346,792,10034,1218,11252,4708,201,4909,2526,344,2870,686,268,954,347,200,547,3133,27679,12067,39746,3547,-1652,41641,,,,,,,,,,,,,,,,,,,,,,,,,,,,,,,,,,,,,,,,,,,21,28,384,764,2624,408,1301,758,715,1306,1233,987,3519,1266,10732,2286,4598,304,749,3043,37024,1857,1998,40879,2.4,-3.7,1.9,1.1,0.6,1.7,1.3,0.1,2.6,4.3,0.7,4.2,4.1,9.7,0.2,2.6,7.4,5.8,2.1,2.5,2.6,0.9,3.0,0.0,0.0,0.0,0.0,0.0,0.0,0.0,0.0,0.0,0.1,0.0,0.1,0.3,0.3,0.1,0.1,0.8,0.0,0.0,0.2,0.0,0.6,3.0,21,27,387,798,2793,408,1322,788,755,1227,1269,1027,3415,1315,11271,2338,4558,305,769,3131,37924,1911,1806,41641,1.7,-7.0,2.7,5.5,7.0,1.7,3.0,4.0,8.4,-2.0,3.6,8.5,1.0,13.9,5.2,5.0,6.5,6.1,4.8,5.5,5.1,3.8,4.9,0.1,0.0,0.4,1.6,1.9,0.6,1.7,1.8,0.8,2.9,0.7,1.8,2.6,2.0,11.2,2.6,3.3,1.9,2.2,2.0,1.5,2.1,,,,,,,,,,,,,,,,,,,,,,,
