Date,A2335697W,A2335698X,A2335699A,A2335700X,A2335701A,A2335702C,A2335703F,A2335704J,A2335705K,A2335706L,A2335707R,A2335708T,A2335709V,A2335710C,A2335711F,A2335712J,A2335713K,A2335714L,A2335715R,A2335726W,A2335727X,A2335719X,A2335720J,A2335721K,A2335722L,A2335716T,A2335717V,A2335718W,A2713887T,A2713921K,A2335725V,A2335728A,A2335729C,A2335730L,A2335731R,A2335732T,A2335733V,A2335734W,A2335735X,A2335736A,A2335737C,A2335738F,A2335739J,A2335740T,A2335741V,A2335742W,A2478903W,A2336351F,A2335743X,A2335744A,A2335745C,A2335746F,A2335747J,A2335748K,A2335749L,A2335750W,A2335751X,A2335752A,A2335753C,A2335754F,A2335755J,A2335756K,A2335757L,A2335758R,A2335759T,A2335760A,A2335761C,A2335772K,A2335773L,A2335765L,A2335766R,A2335767T,A2335768V,A2335762F,A2335763J,A2335764K,A2713888V,A2713922L,A2335771J,A2335774R,A2335775T,A2335776V,A2335777W,A2335778X,A2335779A,A2335780K,A2335781L,A2335782R,A2335783T,A2335784V,A2335785W,A2335786X,A2335787A,A2335788C,A2478904X,A2336325A,A2714624J,A2714625K,A2714626L,A2714628T,A2714629V,A2714630C,A2714632J,A2714633K,A2714634L,A2714636T,A2714637V,A2714638W,A2714640J,A2714641K,A2714642L,A2714644T,A2714645V,A2714646W,A2714648A,A2714649C,A2714650L,A2714652T,A2714653V,A2714654W,A2714656A,A2714657C,A2714658F,A2714660T,A2714661V,A2714662W,A2714664A,A2714665C,A2714666F,A2714668K,A2714669L,A2714670W,A2714672A,A2714673C,A2714674F,A2714676K,A2714677L,A2714678R,A2714680A,A2714681C,A2714682F,A2714684K,A2714685L,A2714686R,A2714688V,A2714689W,A2714690F,A2714692K,A2714693L,A2714694R,A2714696V,A2714697W,A2714698X,A2335189A,A2335515W,A2335191L,A2335518C,A2335519F,A2335520R,A83748448L,A2334424W,A2334425X,A2334426A,A2334432W,A2334433X,A2334428F,A2334427C,A2713871X,A2713905K,A2334431V,A2334434A,A2334435C,A2334436F,A2334437J,A2334438K,A2334439L,A2334440W,A2334441X,A2334442A,A2334443C,A2334444F,A2715339R,A2715340X,A2715341A,A2715342C,A2715343F,A2715344J,A2715345K,A2715346L,A2715347R,A2715348T,A2715349V,A2715350C,A2715351F,A2715352J,A2715353K,A2715354L,A2715355R,A2715356T,A2715357V,A2334308L,A2334310X,A2715113X,A2715114A,A2715115C,A2715116F,A2715117J,A2715118K,A2715119L,A2715120W,A2715121X,A2715122A,A2715123C,A2715124F,A2715125J,A2715126K,A2715127L,A2715128R,A2715129T,A2715130A,A2715131C,A2529256W,A2478072V,A2478073W,A2478074X,A2477847W,A2715008W,A2715009X,A2715010J,A2715011K,A2715012L,A2715013R,A2715014T,A2715015V,A2715016W,A2715017X,A2715018A,A2715019C,A2715020L,A2715021R,A2715022T,A2715023V,A2715024W,A2715025X,A2715026A,A2529257X,A2477866C,A2477867F,A2477868J,A2715681W,A2715682X,A2715683A,A2715684C,A2715685F,A2715686J,A2715687K,A2715688L,A2715689R,A2715690X,A2715691A,A2715692C,A2715693F,A2715694J,A2715695K,A2715696L,A2715697R,A2715698T,A2715699V,A2529258A,A2477887R,A2477888T,A2477889V,A2714627R,A2714631F,A2714635R,A2714639X,A2714643R,A2714647X,A2714651R,A2714655X,A2714659J,A2714663X,A2714667J,A2714671X,A2714675J,A2714679T,A2714683J,A2714687T,A2714691J,A2714695T,A2714699A,A2529291C,A2478649A,A2478650K,A2478651L,A2478652R,A2714048W,A2714049X,A2714050J,A2714051K,A2714052L,A2714053R,A2714054T,A2714055V,A2714056W,A2714057X,A2714058A,A2714059C,A2714060L,A2714061R,A2714062T,A2714063V,A2714064W,A2714065X,A2714066A,A2529292F,A2478436W,A2478437X,A2478438A,A2715871K,A2715872L,A2715873R,A2715874T,A2715875V,A2715876W,A2715877X,A2715878A,A2715879C,A2715880L,A2715881R,A2715882T,A2715883V,A2715884W,A2715885X,A2715886A,A2715887C,A2715944L,A2715953R,A2529293J,A2478458K,A2478460W,A2714837L,A2714838R,A2714839T,A2714840A,A2714841C,A2714842F,A2714843J,A2714844K,A2714845L,A2714846R,A2714847T,A2714848V,A2714849W,A2714850F,A2714851J,A2714852K,A2714853L,A2714854R,A2714855T,A2529273X,A2528459C,A2528460L,A2528461R
Jun-1990,935,3093,3909,1221,1266,264,2073,385,380,531,1098,51,617,463,1136,1594,-58,10214,14126,1016,399,395,119,68,583,549,-12,535,134,113,1310,2577,293,204,431,122,316,428,840,3365,17576,1868,1010,212,208,100,-873,17665,576,1305,1881,669,234,262,760,122,322,250,684,73,533,111,503,799,-27,5296,7177,412,70,203,54,31,289,727,-13,714,106,89,1198,1680,153,161,313,132,243,375,688,2369,9545,1577,397,121,146,-1688,-104,8908,226,510,736,60,565,625,782,566,1348,236,226,462,230,265,495,227,124,351,222,208,430,94,73,167,357,224,581,74,154,228,158,254,412,48,107,155,156,52,209,61,26,87,385,119,504,396,47,443,331,86,417,34,38,72,109,64,173,440,4187,4149,8337,763,-192,8908,,,,,,,,,,,,,,,,,,,,,,0,0,0,0,0,0,0,0,0,0,0,0,0,0,0,0,0,0,0,0,0,1567,761,2422,900,802,537,555,481,738,185,950,190,397,298,817,1337,1259,193,399,1149,15176,1262,1217,17665,,,,,,,,,,,,,,,,,,,,,,,,,,,,,,,,,,,,,,,,,,,,,,,732,669,1012,440,424,363,341,203,449,316,406,107,234,156,402,480,642,114,156,522,8167,629,112,8908,,,,,,,,,,,,,,,,,,,,,,,,4.3,3.7,1.8,3.0,1.5,1.8,1.7,2.5,2.2,2.4,1.9,0.8,1.4,2.0,1.8,2.8,3.4,3.8,2.0,1.7,1.9,2.2,,,,,,,,,,,,,,,,,,,,,,,
Jun-1991,979,3008,3891,1262,1269,256,2146,376,388,526,1154,54,632,480,1128,1649,139,10627,14530,920,366,235,87,-22,302,423,-6,415,146,115,994,2066,255,267,472,129,236,366,811,2858,17297,2064,827,245,210,-235,-730,17603,606,1395,2000,714,252,266,855,133,341,280,746,79,571,130,530,873,68,5839,7840,395,71,123,41,-11,154,574,-7,566,91,93,904,1370,137,219,356,138,185,323,679,2050,9890,1468,335,145,156,-1993,-123,8894,231,432,663,60,325,386,792,469,1261,263,204,467,248,249,497,250,139,389,261,221,482,130,78,208,349,220,570,79,174,252,178,195,373,49,120,169,157,53,211,61,28,89,411,127,538,429,52,481,347,81,428,32,35,67,124,53,177,490,4452,3746,8197,861,-164,8894,0.0,0.0,0.0,0.0,0.0,0.0,0.0,0.0,0.0,0.0,0.0,0.0,0.0,0.0,0.0,0.0,0.0,0.0,0.0,0.0,0.0,0,0,0,0,0,0,0,0,0,0,0,0,0,0,0,0,0,0,0,0,0,1492,815,2345,900,755,516,573,561,755,198,931,198,399,302,815,1326,1319,195,397,1185,15286,1299,1008,17603,-4.8,7.0,-3.2,0.1,-5.9,-4.0,3.1,16.5,2.4,6.6,-2.0,4.5,0.7,1.6,-0.3,-0.8,4.8,1.0,-0.4,3.1,0.7,3.0,-0.4,-0.4,0.3,-0.4,0.0,-0.3,-0.1,0.1,0.4,0.1,0.1,-0.1,0.0,0.0,0.0,0.0,-0.1,0.3,0.0,0.0,0.2,0.2,-1.2,-0.4,661,405,948,441,427,402,379,253,443,347,351,116,234,157,435,518,658,105,156,584,8020,707,168,8894,-9.7,-39.4,-6.3,0.1,0.7,10.5,11.1,24.6,-1.2,9.9,-13.6,9.0,0.2,0.6,8.3,7.9,2.4,-7.4,-0.1,11.9,-1.8,12.4,-0.2,5.0,2.0,1.8,2.9,1.5,1.9,1.9,2.9,2.2,2.4,1.6,0.9,1.4,1.9,1.8,2.8,3.1,3.5,1.9,1.8,2.2,2.1,0.0,0.0,0.0,0.0,0.0,0.0,0.0,0.0,0.0,0.0,0.0,0.0,0.0,0.0,0.0,0.0,0.0,0.0,0.0,0.0,0.0,0.0,0.0
Jun-1992,1005,2991,3907,1275,1174,259,2212,372,394,545,1180,60,678,453,1107,1683,86,10762,14683,983,400,289,294,38,610,375,-18,357,107,133,1069,2219,244,208,400,139,225,368,749,2927,17528,2392,795,259,157,-143,-1099,17984,642,1404,2046,742,244,272,932,139,359,315,748,90,629,137,541,918,43,6109,8156,442,72,154,145,19,317,516,-21,496,67,104,983,1497,131,171,301,143,176,319,621,2118,10273,1604,312,154,119,-2014,-215,9371,208,446,655,41,448,489,761,477,1238,278,229,507,269,308,577,233,134,366,290,221,510,134,68,202,385,207,592,75,219,294,179,205,384,46,101,147,153,40,193,61,22,83,447,134,581,403,49,452,318,83,401,36,36,73,133,75,207,549,4452,4051,8503,972,-104,9371,0.0,0.0,0.0,0.0,0.0,0.0,0.0,0.0,0.0,0.0,0.0,0.0,0.0,0.0,0.0,0.0,0.0,0.0,0.0,0.0,0.0,0,0,0,0,0,0,0,0,0,0,0,0,0,0,0,0,0,0,0,0,0,1325,960,2143,886,906,513,602,558,713,216,1019,201,409,306,900,1364,1344,199,396,1214,15569,1291,1116,17984,-11.2,17.8,-8.6,-1.6,20.0,-0.6,5.1,-0.5,-5.6,9.3,9.5,1.3,2.4,1.2,10.4,2.8,1.8,1.8,-0.4,2.5,1.8,-0.6,2.2,-0.9,0.8,-1.1,-0.1,0.9,0.0,0.2,0.0,-0.2,0.1,0.5,0.0,0.1,0.0,0.5,0.2,0.1,0.0,0.0,0.2,0.0,0.6,2.2,656,501,946,490,509,383,406,253,461,404,368,105,221,154,466,495,626,115,188,666,8413,753,205,9371,-0.7,23.5,-0.2,11.1,19.2,-4.8,7.3,-0.2,4.1,16.3,5.0,-10.0,-5.7,-2.3,7.0,-4.3,-4.8,9.6,20.8,14.1,4.9,6.4,5.4,5.1,2.5,1.8,3.1,2.1,1.9,2.0,2.7,2.2,2.5,1.5,0.9,1.3,1.9,1.8,2.5,2.9,3.4,2.1,1.9,2.3,2.2,0.0,0.0,0.0,0.0,0.0,0.0,0.0,0.0,0.0,0.0,0.0,0.0,0.0,0.0,0.0,0.0,0.0,0.0,0.0,0.0,0.0,0.1,0.0
Jun-1993,1022,3055,3985,1372,1218,255,2268,404,412,483,1212,67,712,433,1058,1693,64,10950,14949,1104,424,218,176,13,402,367,-18,349,122,160,972,2174,199,175,332,140,323,458,780,2921,17772,2525,864,273,161,125,-1038,18632,664,1455,2119,815,268,271,992,158,380,280,778,102,682,144,528,942,32,6371,8490,512,81,114,88,6,208,528,-22,506,74,125,914,1507,110,145,255,138,254,392,647,2153,10643,1697,363,165,130,-2055,-194,9764,216,549,764,44,367,412,767,520,1287,264,295,559,264,280,543,229,157,385,327,254,580,149,82,231,381,206,587,86,214,300,159,336,495,48,105,153,159,41,200,64,22,86,401,153,554,424,54,478,352,92,444,44,36,79,142,82,225,590,4520,4433,8953,974,-163,9764,0.0,0.0,0.0,0.0,0.0,0.0,0.0,0.0,0.0,0.0,0.0,0.0,0.0,0.0,0.0,0.0,0.0,0.0,0.0,0.0,0.0,0,0,0,0,0,0,0,0,0,0,0,0,0,0,0,0,0,0,0,0,0,1380,1134,2123,872,891,537,622,558,699,249,1078,223,387,312,881,1473,1370,188,405,1248,16046,1322,1256,18632,4.1,18.1,-0.9,-1.6,-1.6,4.7,3.3,-0.1,-1.9,15.2,5.8,11.0,-5.4,1.9,-2.2,7.9,2.0,-5.6,2.3,2.8,3.1,2.4,3.6,0.3,1.0,-0.1,-0.1,-0.1,0.1,0.1,0.0,-0.1,0.2,0.3,0.1,-0.1,0.0,-0.1,0.6,0.1,-0.1,0.0,0.2,0.2,0.8,3.6,765,434,978,541,486,401,460,288,456,414,476,109,226,159,440,519,689,123,203,704,8872,762,129,9764,16.6,-13.4,3.4,10.4,-4.5,4.9,13.2,14.1,-1.2,2.5,29.3,4.1,2.3,3.3,-5.4,4.8,10.0,6.6,7.9,5.7,5.5,1.3,4.2,5.3,2.1,1.7,3.3,1.9,1.8,2.1,2.9,2.1,2.5,1.7,0.9,1.3,1.8,1.7,2.5,3.0,3.4,2.1,2.0,2.3,2.2,0.0,0.0,0.0,0.0,0.0,0.0,0.0,0.0,0.0,0.0,0.0,0.0,0.0,0.0,0.0,0.0,0.0,0.0,0.0,0.0,0.0,0.0,0.0
Jun-1994,1007,3095,4003,1443,1076,260,2334,361,419,541,1222,75,723,436,1104,1631,76,11110,15129,1195,403,207,80,49,331,356,20,371,125,165,973,2230,152,448,594,161,297,459,1024,3248,18345,2666,1160,314,144,89,-1058,19053,647,1491,2138,884,287,276,1042,146,389,320,797,112,704,155,573,920,39,6646,8784,574,96,109,40,23,172,524,25,549,78,129,928,1598,90,283,373,152,213,364,738,2335,11119,1710,489,190,118,-2250,-136,10026,226,642,868,48,395,444,713,578,1291,236,303,540,256,250,507,248,173,421,340,266,606,136,100,236,362,197,559,77,246,324,159,337,496,47,89,136,153,34,188,62,18,80,425,148,574,451,62,513,364,102,466,37,35,72,141,81,222,610,4485,4667,9152,1086,-212,10026,0.0,0.0,0.0,0.0,0.0,0.0,0.0,0.0,0.0,0.0,0.0,0.0,0.0,0.0,0.0,0.0,0.0,0.0,0.0,0.0,0.0,0,0,0,0,0,0,0,0,0,0,0,0,0,0,0,0,0,0,0,0,0,1403,1122,2097,873,824,581,655,601,755,273,1163,235,404,326,864,1469,1411,175,423,1285,16427,1381,1236,19053,1.7,-1.0,-1.2,0.1,-7.6,8.1,5.3,7.7,8.0,9.9,7.8,5.4,4.5,4.5,-1.9,-0.3,3.0,-6.8,4.6,3.0,2.4,4.5,2.3,0.1,-0.1,-0.1,0.0,-0.4,0.2,0.2,0.2,0.3,0.1,0.5,0.1,0.1,0.1,-0.1,0.0,0.2,-0.1,0.1,0.2,0.3,-0.1,2.3,869,454,983,526,457,441,461,289,435,445,478,101,215,151,449,560,727,113,202,736,9091,843,93,10026,13.5,4.7,0.6,-2.9,-6.0,9.8,0.2,0.3,-4.6,7.4,0.5,-7.3,-5.0,-5.1,1.9,8.0,5.5,-8.1,-0.9,4.6,2.5,10.5,2.7,5.6,2.2,1.6,3.3,1.7,1.9,2.0,2.6,2.0,2.4,1.5,0.9,1.2,1.7,1.6,2.5,3.1,3.0,2.1,2.0,2.3,2.2,0.0,0.0,0.0,0.0,0.0,0.0,0.0,0.0,0.0,0.0,0.0,0.0,0.0,0.0,0.0,0.0,0.0,0.0,0.0,0.0,0.0,0.0,0.0
Jun-1995,1013,3201,4105,1397,1066,249,2395,399,424,557,1239,85,731,426,1199,1642,-54,11161,15276,1145,416,299,68,50,414,510,-3,504,103,183,1226,2537,202,181,373,178,309,490,865,3395,18661,2465,889,359,175,10,-1041,19390,654,1562,2217,879,301,261,1086,163,402,341,827,128,729,161,637,950,-29,6837,9054,565,109,162,35,25,221,727,-4,723,67,143,1155,1829,124,111,236,164,220,384,620,2448,11502,1738,398,217,142,-2105,-175,10638,264,566,831,53,578,631,791,619,1410,205,299,504,258,239,498,255,171,427,348,278,626,159,92,251,371,218,589,82,220,302,186,365,551,48,88,136,168,30,199,64,18,82,467,161,628,471,64,535,401,112,513,40,31,72,151,75,225,630,4785,4854,9639,1174,-175,10638,0.0,0.0,0.0,0.0,0.0,0.0,0.0,0.0,0.0,0.0,0.0,0.0,0.0,0.0,0.0,0.0,0.0,0.0,0.0,0.0,0.0,0,0,0,0,0,0,0,0,0,0,0,0,0,0,0,0,0,0,0,0,0,1481,986,2249,849,776,605,644,627,773,310,1114,264,465,373,951,1463,1474,179,443,1325,16921,1464,991,19390,5.6,-12.2,7.2,-2.8,-5.8,4.3,-1.6,4.4,2.4,13.2,-4.2,12.2,15.1,14.4,10.1,-0.4,4.5,2.4,4.6,3.1,3.0,6.0,1.8,0.4,-0.7,0.8,-0.1,-0.3,0.1,-0.1,0.1,0.1,0.2,-0.3,0.2,0.3,0.2,0.5,0.0,0.3,0.0,0.1,0.2,0.4,-1.3,1.8,836,656,1069,490,446,446,476,311,463,415,531,97,217,147,493,577,792,111,202,785,9560,902,175,10638,-3.7,44.6,8.6,-6.8,-2.5,1.3,3.4,7.6,6.3,-6.7,11.0,-4.2,1.3,-2.5,10.0,3.1,8.9,-2.1,0.1,6.7,5.2,7.0,6.1,5.6,3.1,1.6,3.3,1.5,1.8,1.9,2.6,1.9,2.3,1.5,0.9,1.1,1.6,1.7,2.6,3.2,2.6,2.0,2.1,2.2,2.2,0.0,0.0,0.0,0.0,0.0,0.0,0.0,0.0,0.0,0.0,0.0,0.0,0.0,0.0,0.0,0.0,0.0,0.0,0.0,0.0,0.0,0.0,0.0
Jun-1996,1128,3301,4332,1385,1020,254,2450,407,435,573,1294,98,761,418,1256,1647,-162,11313,15640,965,349,376,124,37,535,430,-6,422,141,211,1219,2381,199,259,445,186,350,536,981,3354,18962,2489,866,373,180,326,-1118,19986,762,1619,2380,892,308,266,1133,169,420,368,877,148,763,170,673,990,-90,7087,9468,482,95,210,65,19,294,605,-7,598,65,167,1123,1701,130,160,290,170,246,416,705,2406,11874,1754,413,230,148,-1935,-147,11214,284,651,935,63,505,568,821,649,1470,204,265,469,281,291,572,257,193,449,362,293,655,177,96,272,379,232,611,84,244,328,196,370,566,53,94,147,185,30,215,67,18,85,502,166,668,483,70,554,447,120,568,47,26,73,162,78,239,638,5052,5028,10080,1281,-147,11214,0.0,0.0,0.0,0.0,0.0,0.0,0.0,0.0,0.0,0.0,0.0,0.0,0.0,0.0,0.0,0.0,0.0,0.0,0.0,0.0,0.0,0,0,0,0,0,0,0,0,0,0,0,0,0,0,0,0,0,0,0,0,0,1591,980,2314,875,870,648,657,620,840,339,1017,265,434,368,969,1479,1543,183,447,1340,17415,1495,1063,19986,7.4,-0.5,2.9,3.1,12.2,7.0,1.9,-1.0,8.6,9.4,-8.7,0.4,-6.6,-1.2,1.9,1.1,4.7,2.4,1.0,1.1,2.9,2.1,3.1,0.6,0.0,0.3,0.1,0.5,0.2,0.1,0.0,0.3,0.2,-0.5,0.0,-0.2,0.0,0.1,0.1,0.4,0.0,0.0,0.1,0.2,0.4,3.1,945,583,1117,458,515,475,520,338,482,451,578,104,236,154,527,599,882,115,215,804,10099,968,147,11214,13.0,-11.2,4.5,-6.4,15.6,6.4,9.1,8.7,4.2,8.6,8.8,7.7,8.7,4.7,6.9,3.7,11.4,4.1,6.4,2.4,5.6,7.4,5.4,5.3,2.4,1.7,3.1,1.6,1.8,2.0,2.6,1.9,2.4,1.5,0.9,1.1,1.6,1.7,2.6,3.3,2.5,2.0,2.0,2.2,2.1,0.0,0.0,0.0,0.0,0.0,0.0,0.0,0.0,0.0,0.0,0.0,0.0,0.0,0.0,0.0,0.0,0.0,0.0,0.0,0.0,0.0,0.0,0.0
Jun-1997,1162,3394,4457,1347,1025,251,2488,416,435,609,1382,110,769,439,1193,1744,-20,11658,16111,895,317,414,99,34,546,571,5,571,140,224,1465,2638,189,253,429,185,334,520,948,3577,19673,2809,1036,390,205,-436,-1117,20077,794,1713,2507,890,320,264,1172,178,426,411,934,164,765,183,655,1055,-11,7408,9915,452,77,236,52,18,305,759,4,763,69,176,1314,1844,126,164,289,164,223,387,677,2520,12435,1936,453,244,165,-2230,-137,11630,334,708,1041,62,444,505,824,759,1584,184,411,595,278,280,557,242,171,413,377,300,676,179,80,259,395,190,586,87,243,330,215,350,565,55,104,158,189,41,231,66,20,86,511,162,674,508,72,580,471,112,583,52,28,81,164,79,244,725,5194,5280,10474,1294,-137,11630,0.0,0.0,0.0,0.0,0.0,0.0,0.0,0.0,0.0,0.0,0.0,0.0,0.0,0.0,0.0,0.0,0.0,0.0,0.0,0.0,0.1,0,0,0,0,0,0,0,0,0,0,0,0,0,0,0,0,0,0,0,0,0,1616,809,2316,906,820,640,707,674,792,366,948,278,449,380,944,1518,1588,205,471,1386,17471,1527,1063,20077,1.6,-17.4,0.1,3.5,-5.8,-1.2,7.6,8.7,-5.7,8.1,-6.7,5.0,3.3,3.2,-2.6,2.6,2.9,12.1,5.3,3.4,0.3,2.2,0.5,0.1,-0.9,0.0,0.2,-0.3,0.0,0.3,0.3,-0.2,0.1,-0.3,0.1,0.1,0.1,-0.1,0.2,0.2,0.1,0.1,0.2,0.2,0.0,0.5,1054,514,1154,577,504,451,559,330,488,457,583,111,254,155,532,629,946,130,219,872,10518,976,137,11630,11.5,-11.9,3.3,25.8,-2.3,-5.0,7.6,-2.4,1.2,1.4,1.0,6.7,7.4,0.7,0.9,5.1,7.2,13.1,1.8,8.4,4.1,0.8,3.7,5.8,2.1,1.7,4.0,1.5,1.6,2.0,2.5,1.8,2.2,1.4,0.9,1.1,1.5,1.6,2.5,3.3,2.7,1.9,2.0,2.2,2.1,0.0,0.0,0.0,0.0,0.0,0.0,0.0,0.0,0.0,0.0,0.0,0.0,0.0,0.0,0.0,0.0,0.0,0.0,0.0,0.0,0.0,0.1,0.1
Jun-1998,1168,3447,4512,1381,1050,254,2526,425,447,647,1429,120,863,448,1182,1875,-55,12113,16631,843,301,325,119,42,481,508,3,507,127,275,1367,2468,143,278,409,173,315,490,897,3356,19933,3468,933,387,216,-619,-1138,20881,809,1736,2544,916,334,266,1200,187,429,442,962,179,869,192,655,1180,-31,7781,10325,418,77,189,63,22,274,672,3,675,75,217,1241,1736,97,181,278,159,206,364,642,2378,12703,2354,446,245,185,-2597,-135,11939,340,708,1048,46,479,525,860,720,1580,176,380,556,256,190,446,255,166,420,394,311,706,197,85,282,381,245,626,91,328,419,233,387,620,57,108,165,189,39,229,69,24,93,551,184,735,530,81,612,482,115,597,53,47,100,173,87,260,743,5336,5426,10762,1312,-135,11939,0.0,0.0,0.0,0.0,0.0,0.0,0.0,0.0,0.0,0.0,0.0,0.0,0.0,0.0,0.0,0.0,0.0,0.0,0.0,0.0,0.0,0,0,0,0,0,0,0,0,0,0,0,0,0,0,0,0,0,0,0,0,0,1690,891,2442,935,718,677,721,711,806,451,970,284,470,419,982,1546,1636,218,466,1405,18155,1624,1084,20881,4.6,10.1,5.4,3.2,-12.4,5.7,2.0,5.5,1.8,23.2,2.3,2.2,4.7,10.2,4.0,1.8,3.0,5.9,-1.0,1.4,3.9,6.3,4.0,0.4,0.4,0.6,0.1,-0.5,0.2,0.1,0.2,0.1,0.4,0.1,0.0,0.1,0.2,0.2,0.1,0.2,0.1,0.0,0.1,0.5,0.1,4.0,1060,583,1151,533,413,449,567,355,487,578,617,113,252,166,576,666,962,159,229,895,10812,992,135,11939,0.6,13.4,-0.3,-7.5,-18.0,-0.4,1.3,7.4,-0.3,26.5,5.8,2.0,-0.7,7.4,8.4,5.8,1.7,22.4,4.7,2.7,2.8,1.7,2.7,5.9,2.3,1.6,3.4,1.2,1.6,1.9,2.4,1.7,2.5,1.4,0.8,1.0,1.4,1.6,2.5,3.3,2.8,2.0,1.9,2.1,2.0,0.0,0.0,0.0,0.0,0.0,0.0,0.0,0.0,0.0,0.0,0.0,0.0,0.0,0.0,0.0,0.0,0.0,0.0,0.0,0.0,0.0,0.0,0.0
Jun-1999,1142,3562,4583,1269,1119,251,2584,411,449,681,1497,134,879,460,1237,2009,-206,12283,16871,765,301,325,96,59,476,398,-2,394,137,221,1159,2144,163,261,411,181,311,495,905,3043,19819,3251,977,406,212,464,-1375,21378,809,1821,2630,876,365,259,1219,182,432,477,1001,195,883,208,695,1255,-117,7931,10561,381,90,188,51,32,271,538,-3,535,77,174,1057,1528,107,177,284,172,207,379,664,2191,12752,2102,489,260,190,-1891,-109,12435,389,726,1115,48,592,641,905,879,1784,177,296,472,265,190,455,264,159,422,403,311,714,187,106,292,394,179,573,97,340,437,209,465,674,49,91,140,175,31,207,72,19,91,582,211,792,563,92,655,494,124,618,53,43,95,176,85,262,726,5501,5664,11165,1379,-109,12435,0.0,0.0,0.0,0.0,0.0,0.0,0.0,0.0,0.0,0.0,0.0,0.0,0.0,0.0,0.0,0.0,0.0,0.0,0.0,0.0,0.0,0,0,0,0,0,0,0,0,0,0,0,0,0,0,0,0,0,0,0,0,0,1689,817,2413,954,756,666,719,722,803,469,1105,274,490,445,973,1593,1662,221,476,1421,18389,1667,1302,21378,0.0,-8.3,-1.2,2.0,5.3,-1.5,-0.3,1.4,-0.4,4.1,13.9,-3.7,4.3,6.3,-1.0,3.1,1.6,1.6,2.2,1.1,1.3,2.7,2.4,0.0,-0.4,-0.1,0.1,0.2,0.0,0.0,0.0,0.0,0.1,0.6,0.0,0.1,0.1,0.0,0.2,0.1,0.0,0.0,0.1,0.2,1.0,2.4,1130,720,1301,478,421,458,563,352,512,591,685,97,225,165,574,711,1019,153,234,903,11290,1036,109,12435,6.7,23.5,13.0,-10.4,2.0,2.0,-0.7,-0.9,5.2,2.2,11.0,-14.2,-10.9,-0.9,-0.5,6.7,5.9,-4.1,2.3,0.9,4.4,4.4,4.2,6.0,2.8,1.8,3.0,1.1,1.5,1.8,2.2,1.7,2.4,1.4,0.7,0.8,1.2,1.6,2.5,3.3,2.6,1.9,1.9,2.1,2.0,0.0,0.0,0.0,0.0,0.0,0.0,0.0,0.0,0.0,0.0,0.0,0.0,0.0,0.0,0.0,0.0,0.0,0.0,0.0,0.0,0.0,0.0,0.0
Jun-2000,1292,3538,4747,1297,1255,229,2639,419,466,649,1426,150,917,481,1305,2107,-64,12700,17451,874,323,383,69,46,498,490,22,511,136,224,1347,2472,177,220,384,213,289,515,901,3363,20742,3159,1144,447,214,-528,-1049,21414,948,1813,2761,906,429,238,1235,193,451,495,974,209,915,224,748,1344,-38,8323,11084,442,100,218,38,25,281,635,29,664,82,175,1201,1744,117,151,268,199,186,385,653,2397,13481,2265,576,291,191,-2388,-98,12784,325,849,1174,39,438,477,896,897,1793,181,332,513,261,214,475,265,168,432,399,356,755,192,115,307,424,233,657,100,351,451,222,501,723,48,100,147,169,43,212,79,18,97,599,227,826,562,102,664,533,146,679,55,54,109,182,88,269,755,5530,5986,11516,1366,-98,12784,0.0,0.0,-0.1,0.0,0.0,0.0,0.0,0.0,0.0,0.0,0.0,0.0,0.0,0.0,0.0,0.0,0.0,0.0,0.0,0.0,0.0,0,0,0,0,0,0,0,0,0,0,0,0,0,0,0,0,0,0,0,0,0,1856,711,2083,959,785,698,727,682,978,486,1172,269,488,463,1105,1574,1753,210,471,1456,18688,1697,1009,21414,9.8,-12.9,-13.7,0.6,3.8,4.7,1.1,-5.5,21.8,3.6,6.1,-1.8,-0.5,4.0,13.6,-1.2,5.5,-4.9,-1.1,2.4,1.6,1.8,0.2,0.8,-0.5,-1.5,0.0,0.1,0.1,0.0,-0.2,0.8,0.1,0.3,0.0,0.0,0.1,0.6,-0.1,0.4,-0.1,0.0,0.2,0.1,-1.4,0.2,1187,478,1295,522,447,460,574,367,631,602,744,102,232,178,672,724,1114,170,243,922,11663,1022,98,12784,5.0,-33.5,-0.5,9.2,6.1,0.5,2.0,4.4,23.1,1.8,8.6,4.6,3.3,8.3,17.1,1.9,9.4,11.5,3.9,2.1,3.3,-1.3,2.8,5.8,1.7,1.7,3.2,1.1,1.4,1.8,2.1,2.0,2.4,1.4,0.7,0.7,1.1,1.8,2.4,3.3,2.5,1.8,1.8,2.0,1.9,0.0,0.0,0.0,0.0,0.0,0.0,0.0,0.0,0.0,0.0,0.0,0.0,0.0,0.0,0.0,0.0,0.0,0.0,0.0,0.0,0.0,0.0,0.0
Jun-2001,1318,3641,4871,1376,1220,229,2682,431,498,676,1525,165,944,469,1250,2127,-226,12877,17747,803,357,280,40,46,365,569,-24,543,122,275,1345,2433,94,214,300,204,355,562,868,3291,20952,3273,1095,485,219,-1231,-974,21192,1007,1982,2989,979,465,257,1267,225,488,499,1074,246,972,231,782,1419,-140,8765,11754,433,99,162,23,25,210,750,-31,718,88,225,1241,1774,61,145,206,195,239,434,640,2413,14167,2499,626,319,217,-2949,13,13206,335,1033,1368,39,249,288,880,887,1766,207,342,549,253,196,449,272,141,412,425,387,813,197,111,308,455,260,714,101,370,471,228,504,732,49,113,162,188,47,236,88,22,110,598,232,831,591,106,697,556,140,697,58,57,115,182,89,271,693,5701,5979,11680,1513,13,13206,0.0,0.0,0.0,0.0,0.0,0.0,0.0,0.0,0.0,0.0,0.0,0.0,0.0,0.0,0.0,0.0,0.0,0.0,0.0,0.0,0.0,0,0,0,0,0,0,0,0,0,0,0,0,0,0,0,0,0,0,0,0,0,1817,734,1797,963,750,649,767,664,969,496,1048,276,561,521,1248,1595,1808,209,486,1492,18583,1648,940,21192,-2.1,3.2,-13.7,0.4,-4.4,-7.1,5.5,-2.5,-0.9,2.0,-10.6,2.9,15.1,12.7,12.9,1.3,3.2,-0.5,3.3,2.5,-0.6,-2.9,-1.0,-0.2,0.1,-1.3,0.0,-0.2,-0.2,0.2,-0.1,0.0,0.0,-0.6,0.0,0.3,0.3,0.7,0.1,0.3,0.0,0.1,0.2,-0.2,-0.3,-1.0,1383,322,1272,565,431,450,606,374,653,626,695,110,260,205,785,799,1167,181,246,935,12065,1154,-13,13206,16.6,-32.6,-1.8,8.3,-3.5,-2.1,5.6,1.9,3.5,4.0,-6.6,7.6,12.1,14.7,16.9,10.3,4.8,6.3,1.2,1.4,3.4,12.9,3.3,5.6,0.9,1.6,3.2,1.2,1.4,1.8,2.1,2.0,2.4,1.3,0.7,0.7,1.1,2.0,2.5,3.2,2.5,1.8,1.7,1.9,1.9,0.0,0.0,0.0,0.0,0.0,0.0,0.0,0.0,0.0,0.0,0.0,0.0,0.0,0.0,0.0,0.0,0.0,0.0,0.0,0.0,0.0,0.0,0.0
Jun-2002,1451,3692,5081,1387,1213,259,2719,438,529,722,1581,172,976,493,1208,2160,-217,13198,18273,1054,434,315,556,42,908,602,-34,565,117,304,1737,3144,107,623,717,211,398,607,1303,4435,22707,3244,1161,437,282,-2029,-787,22129,1107,2075,3182,1020,481,287,1336,229,526,542,1106,257,1010,247,775,1495,-139,9172,12354,585,143,189,325,23,537,792,-44,748,94,254,1632,2359,75,461,536,207,274,481,1017,3376,15730,2406,634,294,289,-3140,82,14449,340,1253,1593,39,298,337,913,916,1830,230,254,484,263,422,685,417,169,586,461,316,777,213,103,316,464,317,781,104,353,458,264,553,817,55,159,214,219,46,265,102,27,129,700,241,941,582,114,696,596,150,746,62,58,120,196,103,299,738,6221,6591,12813,1555,82,14449,0.0,0.0,0.0,0.0,0.0,0.0,0.0,0.0,0.0,0.0,0.0,0.0,0.0,0.0,0.0,0.0,0.0,0.0,0.0,0.0,0.0,0,0,0,0,0,0,0,0,0,0,0,0,0,0,0,0,0,0,0,0,0,1929,757,1643,972,1225,601,797,652,1044,480,1227,276,551,508,1461,1621,1937,222,455,1596,19624,1713,772,22129,6.1,3.1,-8.6,1.0,63.2,-7.4,3.9,-1.8,7.8,-3.3,17.1,-0.3,-1.9,-2.6,17.0,1.6,7.1,6.2,-6.5,7.0,5.6,3.9,4.4,0.5,0.1,-0.7,0.0,2.2,-0.2,0.1,-0.1,0.4,-0.1,0.8,0.0,-0.1,-0.1,1.0,0.1,0.6,0.1,-0.1,0.5,0.3,-0.8,4.4,1608,345,1314,594,716,485,646,392,671,609,795,144,296,239,953,825,1262,190,275,976,13334,1197,-82,14449,16.3,6.8,3.3,5.1,66.1,7.8,6.6,4.8,2.8,-2.8,14.3,31.4,14.0,16.8,21.3,3.2,8.1,4.8,12.0,4.4,10.5,3.7,9.4,5.4,0.9,1.6,3.1,1.7,1.4,1.7,2.1,2.0,2.2,1.4,0.8,0.8,1.2,2.2,2.4,3.2,2.6,1.8,1.7,1.9,1.9,0.0,0.0,0.0,0.0,0.0,0.0,0.0,0.0,0.0,0.0,0.0,0.0,0.0,0.0,0.0,0.0,0.0,0.0,0.0,0.0,0.0,0.0,0.0
Jun-2003,1487,3708,5140,1370,1222,293,2779,463,571,750,1662,178,1065,484,1221,2153,-294,13550,18688,1071,564,342,221,24,587,758,-29,726,87,301,1733,3209,93,390,473,241,400,646,1109,4299,22963,3418,899,479,211,-2072,-911,22766,1158,2174,3332,1050,505,315,1447,252,570,591,1205,278,1097,263,820,1532,-194,9730,13062,642,188,214,134,14,362,961,-36,924,72,249,1607,2436,64,281,345,226,279,505,850,3287,16348,2496,884,332,213,-2876,-44,15159,358,1072,1429,47,322,369,1029,1027,2055,225,470,696,295,277,572,274,206,481,532,324,855,260,105,365,442,285,727,103,360,462,319,596,914,74,204,278,253,26,279,119,29,148,776,284,1060,670,128,798,692,153,845,66,65,131,166,123,289,786,6699,6842,13541,1662,-44,15159,0.0,0.0,0.0,0.0,0.0,0.0,0.0,0.0,0.0,0.0,0.0,0.0,0.0,0.0,0.0,0.0,0.0,0.0,0.0,0.0,0.0,0,0,0,0,0,0,0,0,0,0,0,0,0,0,0,0,0,0,0,0,0,1832,781,1745,858,1033,620,933,678,1170,521,1333,288,537,484,1589,1656,1996,230,451,1673,20141,1718,888,22766,-5.0,3.1,6.2,-11.8,-15.7,3.2,17.0,4.0,12.0,8.5,8.7,4.5,-2.4,-4.6,8.8,2.1,3.0,3.4,-0.8,4.8,2.6,0.3,2.9,-0.4,0.1,0.5,-0.5,-0.9,0.1,0.6,0.1,0.6,0.2,0.5,0.1,-0.1,-0.1,0.6,0.2,0.3,0.0,0.0,0.3,0.0,0.5,2.9,1444,370,1473,445,597,535,763,414,750,655,870,162,307,254,1075,850,1332,199,281,1041,13815,1300,44,15159,-10.2,7.5,12.1,-25.0,-16.6,10.2,18.1,5.5,11.8,7.7,9.5,12.4,3.7,6.2,12.8,3.1,5.6,5.0,1.9,6.6,3.6,8.6,4.9,6.2,1.0,1.7,2.2,1.2,1.3,1.9,2.2,2.0,2.3,1.5,0.8,0.7,1.1,2.4,2.3,3.2,2.5,1.7,1.7,1.9,1.9,0.0,0.0,0.0,0.0,0.0,0.0,0.0,0.0,0.0,0.0,0.0,0.0,0.0,0.0,0.0,0.0,0.0,0.0,0.0,0.0,0.0,0.0,0.0
Jun-2004,1601,4185,5708,1471,1213,316,2864,513,646,653,1807,181,1209,489,1277,2298,-543,14115,19796,1636,587,412,294,31,737,805,-30,772,117,335,1953,3934,97,497,583,246,376,631,1198,5109,24921,3226,993,448,250,-2386,-1055,23912,1258,2509,3768,1158,527,335,1568,288,635,522,1330,287,1224,273,906,1644,-367,10330,14098,1059,229,267,189,19,475,930,-34,896,102,276,1748,3037,67,348,416,218,266,484,899,3936,18034,2341,870,315,227,-2783,-257,16553,386,1039,1425,51,325,376,1052,1385,2437,263,470,733,383,410,794,283,244,526,606,373,979,322,133,454,475,232,707,122,392,513,264,623,887,94,201,295,305,42,347,167,31,198,880,287,1167,728,137,865,773,155,928,66,80,146,208,146,354,860,7429,7564,14993,1817,-257,16553,0.0,0.0,0.0,0.0,0.0,0.0,0.0,0.0,0.0,0.0,0.0,0.0,0.0,0.0,0.0,0.0,0.0,0.0,0.0,0.0,0.0,0,0,0,0,0,0,0,0,0,0,0,0,0,0,0,0,0,0,0,0,0,1974,812,1985,832,1075,669,915,701,1055,513,1380,318,612,506,1780,1721,2045,248,455,1720,21081,1788,1023,23912,7.7,4.0,13.8,-3.0,4.0,7.9,-1.8,3.4,-9.8,-1.5,3.5,10.3,14.0,4.6,12.0,3.9,2.4,8.2,0.9,2.8,4.7,4.1,5.0,0.6,0.1,1.1,-0.1,0.2,0.2,-0.1,0.1,-0.5,0.0,0.2,0.1,0.3,0.1,0.8,0.3,0.2,0.1,0.0,0.2,0.3,0.6,5.0,1442,394,1764,456,665,587,757,449,713,651,888,174,370,300,1272,904,1418,221,299,1130,14852,1444,257,16553,-0.2,6.4,19.8,2.3,11.5,9.8,-0.7,8.6,-4.9,-0.7,2.1,7.7,20.3,18.0,18.3,6.3,6.4,11.0,6.6,8.6,7.5,11.1,9.2,5.5,1.1,1.9,2.1,1.2,1.4,1.8,2.2,1.8,2.1,1.4,0.9,0.8,1.2,2.6,2.4,3.1,2.6,1.7,1.8,1.9,1.9,0.0,0.0,0.0,0.0,0.0,0.0,0.0,0.0,0.0,0.0,0.0,0.0,0.0,0.0,0.0,0.0,0.0,0.0,0.0,0.0,0.0,0.0,0.0
Jun-2005,1709,4264,5908,1534,1251,341,2939,483,668,697,1889,194,1261,490,1300,2445,-189,15027,20918,1515,447,484,461,-108,847,1094,-20,1069,113,402,2475,4367,120,414,523,272,535,808,1322,5664,26616,3303,819,496,305,-4081,-819,24390,1387,2691,4078,1225,551,354,1713,277,660,566,1439,312,1268,289,948,1769,-131,11243,15320,1080,194,328,310,-69,569,1227,-22,1205,102,336,2212,3486,85,304,389,240,387,627,1016,4502,19822,2646,725,357,280,-4174,-252,17394,519,989,1508,57,395,452,1095,1110,2205,273,527,799,452,460,912,261,238,499,662,370,1032,321,135,455,500,310,810,121,435,556,303,612,915,130,214,343,325,90,414,187,43,230,925,298,1223,794,137,932,830,169,998,70,83,153,227,144,371,946,8052,7703,15755,1891,-252,17394,0.0,0.0,0.0,0.0,0.0,0.0,0.0,0.0,0.0,0.0,0.0,0.0,0.0,0.0,0.0,0.0,0.0,0.0,0.0,0.0,0.0,0,0,0,0,0,0,0,0,0,0,0,0,0,0,0,0,0,0,0,0,0,2280,801,1774,812,1246,672,964,721,1062,554,1400,300,684,573,1849,1736,2134,265,446,1796,21793,1785,800,24390,15.5,-1.4,-10.6,-2.3,15.9,0.5,5.3,2.9,0.6,8.1,1.4,-5.7,11.7,13.2,3.9,0.9,4.4,6.8,-2.1,4.4,3.4,-0.2,2.0,1.3,0.0,-0.9,-0.1,0.7,0.0,0.2,0.1,0.0,0.2,0.1,-0.1,0.3,0.3,0.3,0.1,0.4,0.1,0.0,0.3,0.0,-0.9,2.0,1537,467,1589,473,826,594,799,471,718,728,934,179,454,357,1356,911,1518,233,312,1243,15700,1443,252,17394,6.6,18.5,-9.9,3.8,24.1,1.2,5.6,4.8,0.6,11.9,5.2,2.5,22.8,19.2,6.6,0.8,7.1,5.6,4.2,10.1,5.7,-0.1,5.1,5.8,1.0,1.7,2.1,1.3,1.3,1.8,2.1,1.6,2.2,1.4,0.8,0.9,1.3,2.7,2.2,3.1,2.6,1.7,1.8,1.9,1.9,0.0,0.0,0.0,0.0,0.0,0.0,0.0,0.0,0.0,0.0,0.0,0.0,0.0,0.0,0.0,0.0,0.0,0.0,0.0,0.0,0.0,0.0,0.0
Jun-2006,1724,4409,6058,1576,1220,381,3006,480,692,807,2027,209,1366,508,1311,2613,-431,15587,21632,1479,428,461,426,-94,803,1365,-68,1294,118,415,2742,4622,147,524,657,283,543,828,1472,6065,27746,3260,713,534,291,-4381,-979,25176,1441,2932,4373,1310,551,399,1882,284,689,659,1644,337,1373,311,984,1942,-308,12055,16428,1111,204,317,300,-65,552,1520,-72,1449,109,363,2472,3788,102,400,502,267,445,713,1215,5003,21431,2914,657,396,271,-4612,-238,18963,476,1138,1614,66,611,677,1184,1119,2304,269,561,830,491,519,1010,334,259,593,784,402,1186,325,167,492,547,267,814,128,440,569,348,613,962,148,215,363,392,58,451,198,53,251,949,312,1261,866,148,1013,964,190,1154,87,75,161,264,140,403,1045,8822,8331,17153,2048,-238,18963,0.0,0.0,0.0,0.0,0.0,0.0,0.0,0.0,0.0,0.0,0.0,0.0,0.0,0.0,0.0,0.0,0.0,0.0,0.0,0.0,0.0,0,0,0,0,0,0,0,0,0,0,0,0,0,0,0,0,0,0,0,0,0,2078,764,1876,894,1401,742,1020,751,1037,612,1395,370,688,595,1787,1757,2276,277,453,1836,22397,1814,955,25176,-8.9,-4.6,5.8,10.1,12.4,10.4,5.8,4.1,-2.3,10.4,-0.3,23.6,0.6,3.8,-3.3,1.3,6.6,4.2,1.6,2.2,2.8,1.6,3.2,-0.8,-0.2,0.4,0.3,0.6,0.3,0.2,0.1,-0.1,0.2,0.0,0.3,0.0,0.1,-0.3,0.1,0.6,0.0,0.0,0.2,0.1,0.6,3.2,1640,687,1734,526,932,659,877,506,724,772,982,225,489,375,1368,1053,1706,243,326,1369,17193,1532,238,18963,6.7,47.1,9.1,11.3,12.9,10.9,9.7,7.5,0.9,6.0,5.2,25.7,7.5,5.1,0.9,15.6,12.3,4.3,4.4,10.1,9.5,6.2,9.0,6.0,1.0,1.8,2.2,1.4,1.4,1.9,2.2,1.5,2.3,1.3,1.0,0.9,1.3,2.5,2.4,3.2,2.7,1.7,1.8,1.9,1.9,0.0,0.0,0.0,0.0,0.0,0.0,0.0,0.0,0.0,0.0,0.0,0.0,0.0,0.0,0.0,0.0,0.0,0.0,0.0,0.0,0.0,0.0,0.0
Jun-2007,1797,4325,6066,1530,1211,426,3067,530,732,921,2123,222,1389,520,1332,2886,-231,16486,22554,1493,432,556,564,-38,1095,975,-173,806,102,451,2377,4237,76,246,315,265,426,696,1017,5228,27759,3376,785,589,316,-3879,-796,25947,1584,3022,4606,1355,577,443,2071,324,742,774,1794,359,1409,323,1033,2179,-170,13213,17818,1155,238,415,442,-29,828,1066,-182,885,93,410,2216,3609,55,209,264,249,352,601,865,4473,22292,3759,755,449,297,-4216,-454,20779,395,1256,1651,72,770,842,1285,1216,2501,314,595,909,502,580,1081,367,273,640,757,492,1249,377,190,567,773,527,1299,139,476,615,427,730,1157,161,233,394,424,65,489,183,73,256,1059,251,1310,910,136,1047,1070,189,1259,101,70,171,240,140,381,1182,9555,9444,18999,2234,-454,20779,0.0,0.0,0.0,0.0,0.0,0.0,0.0,0.0,0.0,0.0,0.0,0.0,0.0,0.0,0.0,0.0,0.0,0.0,0.0,0.0,0.0,0,0,0,0,0,0,0,0,0,0,0,0,0,0,0,0,0,0,0,0,0,2178,809,1997,891,1402,778,1071,813,1135,696,1448,345,696,557,1797,1784,2384,298,495,1846,23290,1866,782,25947,4.8,6.0,6.5,-0.3,0.1,4.8,4.9,8.2,9.4,13.8,3.8,-6.8,1.2,-6.4,0.5,1.5,4.8,7.8,9.2,0.5,4.0,2.9,3.1,0.4,0.2,0.5,0.0,0.0,0.1,0.2,0.2,0.4,0.3,0.2,-0.1,0.0,-0.2,0.0,0.1,0.4,0.1,0.2,0.0,0.2,-0.7,3.1,1666,847,1845,539,1014,716,952,562,891,870,1052,245,541,391,1374,1098,1898,246,364,1532,18643,1682,454,20779,1.6,23.3,6.4,2.5,8.8,8.5,8.6,11.0,23.1,12.6,7.1,9.0,10.8,4.2,0.5,4.2,11.3,1.0,11.9,11.9,8.4,9.8,9.6,7.0,1.1,1.8,2.2,1.3,1.5,1.9,2.3,1.6,2.5,1.2,0.9,0.9,1.1,2.4,2.3,3.2,2.7,1.8,1.9,2.0,1.9,0.0,0.0,0.0,0.0,0.0,0.0,0.0,0.0,0.0,0.0,0.1,0.0,0.0,0.0,0.0,0.0,0.0,0.0,0.0,0.0,0.0,0.0,0.0
Jun-2008,1825,4463,6225,1576,1179,441,3116,520,805,900,2291,228,1433,525,1407,3123,-541,16902,23129,1590,370,641,519,-24,1147,1330,-100,1230,103,564,3032,5001,36,470,508,321,466,796,1309,6277,29442,3388,894,592,412,-4549,-727,26839,1665,3272,4937,1434,593,453,2234,342,808,776,2010,376,1465,335,1139,2343,-413,13894,18831,1294,260,500,420,-19,901,1380,-100,1280,117,542,2842,4396,27,410,436,303,423,727,1163,5559,24390,3672,854,466,375,-4680,-343,22277,521,1281,1802,86,741,827,1350,1258,2608,289,621,910,593,597,1190,462,275,737,861,512,1373,392,179,571,776,625,1400,142,464,607,542,849,1392,176,236,412,473,53,526,184,84,268,1047,185,1231,992,110,1101,1203,173,1376,100,104,204,248,153,402,1285,10436,9784,20219,2401,-343,22277,0.0,0.0,0.0,0.0,0.0,0.0,0.0,0.0,0.0,0.0,0.0,0.0,0.0,0.0,0.0,0.0,0.0,0.0,0.0,0.0,0.0,0,0,0,0,0,0,0,0,0,0,0,0,0,0,0,0,0,0,0,0,0,2215,904,2242,879,1490,810,1163,827,1200,715,1659,314,684,572,1875,1775,2430,274,446,1862,24272,1854,715,26839,1.7,11.7,12.2,-1.4,6.2,4.1,8.6,1.8,5.7,2.7,14.6,-9.2,-1.7,2.8,4.3,-0.5,1.9,-8.2,-9.8,0.9,4.2,-0.7,3.4,0.1,0.4,0.9,0.0,0.3,0.1,0.4,0.1,0.3,0.1,0.8,-0.1,0.0,0.1,0.3,0.0,0.2,-0.1,-0.2,0.1,0.0,-0.3,3.4,1828,929,2097,555,1094,793,1055,611,929,880,1242,256,579,417,1458,1134,2050,239,339,1678,20164,1771,343,22277,9.7,9.7,13.6,3.0,8.0,10.9,10.8,8.7,4.3,1.2,18.1,4.4,6.8,6.5,6.1,3.3,8.0,-2.7,-6.9,9.6,8.2,5.3,7.2,6.6,1.1,1.9,2.1,1.3,1.5,1.9,2.3,1.6,2.3,1.4,0.9,0.8,1.1,2.5,2.3,3.1,2.4,1.6,1.8,2.0,1.9,0.0,0.0,0.0,0.0,0.0,0.0,0.0,0.0,0.0,0.0,0.0,0.0,0.0,0.0,0.0,0.0,0.0,0.0,0.0,0.0,0.0,0.0,0.0
Jun-2009,2017,4593,6566,1706,1195,468,3168,547,837,929,2220,239,1374,554,1493,3042,-175,17471,24036,1543,370,684,532,-11,1216,1536,-73,1461,109,508,3295,5238,36,455,492,315,564,887,1386,6591,30669,3359,996,576,409,-5143,-680,27375,1902,3548,5450,1623,620,480,2402,375,844,804,1845,384,1406,381,1198,2448,-138,14671,20121,1293,241,576,462,-9,1030,1634,-77,1557,106,504,3197,4731,29,424,453,316,539,855,1308,6039,26160,3533,1142,467,408,-5555,-24,23031,558,1321,1879,94,824,919,1245,1025,2270,309,659,969,731,660,1391,462,257,719,959,542,1501,472,115,587,671,628,1299,157,500,657,536,762,1298,180,270,450,488,30,518,133,121,254,1221,211,1431,1084,129,1213,1304,194,1499,75,110,185,281,160,441,1243,10959,9762,20721,2334,-24,23031,0.0,0.0,0.0,0.0,0.0,0.0,0.0,0.0,0.0,0.0,0.0,0.0,0.0,0.0,0.0,0.0,0.0,0.0,0.0,0.0,0.0,0,0,0,0,0,0,0,0,0,0,0,0,0,0,0,0,0,0,0,0,0,2370,1071,2059,873,1604,787,1206,729,1158,719,1764,353,720,531,1921,1777,2635,291,413,1894,24835,1877,668,27375,7.0,18.5,-8.1,-0.7,7.7,-2.8,3.7,-11.8,-3.5,0.6,6.3,12.6,5.3,-7.2,2.5,0.1,8.4,6.5,-7.3,1.7,2.3,1.2,2.0,0.6,0.6,-0.7,0.0,0.4,-0.1,0.2,-0.4,-0.2,0.0,0.4,0.1,0.1,-0.2,0.2,0.0,0.8,0.1,-0.1,0.1,0.1,-0.2,2.0,1909,1097,1991,563,1257,764,1149,583,898,929,1470,278,636,401,1526,1271,2225,242,335,1806,21331,1677,24,23031,4.4,18.1,-5.1,1.3,14.8,-3.6,8.9,-4.6,-3.4,5.6,18.3,8.9,10.0,-3.6,4.7,12.1,8.5,0.9,-1.1,7.6,5.8,-5.3,3.4,6.6,1.0,1.9,2.0,1.4,1.4,2.0,2.0,1.5,2.4,1.4,0.9,0.8,1.1,2.4,2.3,3.1,2.3,1.5,1.8,2.0,1.8,0.0,0.0,0.0,0.0,0.0,0.0,0.0,0.0,0.0,0.0,0.0,0.0,0.0,0.0,0.0,0.0,0.0,0.0,0.0,0.0,0.0,0.0,0.0
Jun-2010,2007,4623,6583,1777,1167,463,3227,524,815,1013,2196,241,1432,593,1527,3087,-255,17707,24290,1530,386,610,324,-26,914,1078,-83,993,97,503,2500,4383,45,692,740,397,824,1230,1980,6359,30669,3158,1004,501,462,-4442,-816,27605,1927,3741,5668,1712,636,487,2577,368,838,905,1885,388,1471,437,1262,2542,-205,15301,20970,1352,275,551,286,-23,814,1090,-86,1004,106,500,2424,4052,38,630,668,394,790,1184,1852,5904,26874,3023,900,434,402,-4512,-389,24128,469,1299,1768,98,884,982,1261,927,2188,396,757,1153,816,777,1593,451,277,728,1001,556,1558,393,240,633,754,675,1429,160,514,674,398,911,1309,161,314,475,523,47,569,200,149,349,1381,215,1596,1195,125,1320,1416,229,1645,90,77,167,298,171,469,1467,11461,10611,22072,2445,-389,24128,0.0,0.0,0.0,0.0,0.0,0.0,0.0,0.0,0.0,0.0,0.0,0.0,0.0,0.0,0.0,0.0,0.0,0.0,0.0,0.0,0.0,0,0,0,0,0,0,0,0,0,0,0,0,0,0,0,0,0,0,0,0,0,2290,1188,1934,1025,1656,803,1232,725,1176,698,1621,369,753,533,1806,1832,2720,302,450,1931,24967,1845,799,27605,-3.3,10.9,-6.1,17.4,3.2,2.0,2.1,-0.7,1.6,-2.9,-8.1,4.5,4.6,0.4,-6.0,3.1,3.2,3.7,8.8,2.0,0.5,-1.7,0.8,-0.3,0.4,-0.5,0.6,0.2,0.1,0.1,0.0,0.1,-0.1,-0.5,0.1,0.1,0.0,-0.4,0.2,0.3,0.0,0.1,0.1,-0.1,0.5,0.8,1791,1007,1833,704,1402,791,1184,623,988,947,1373,304,682,443,1511,1389,2397,262,383,1985,21999,1740,389,24128,-6.2,-8.3,-7.9,25.1,11.5,3.5,3.1,6.8,10.1,2.0,-6.6,9.2,7.2,10.4,-1.0,9.3,7.8,8.4,14.2,9.9,3.1,3.8,4.8,6.3,1.1,1.8,2.3,1.4,1.4,2.0,2.0,1.6,2.3,1.3,1.0,0.8,1.1,2.2,2.4,3.0,2.4,1.6,1.9,1.9,1.9,0.0,0.0,0.0,0.0,0.0,0.0,0.0,0.0,0.0,0.0,0.0,0.0,0.0,0.0,0.0,0.0,0.0,0.0,0.0,0.0,0.0,0.0,0.0
Jun-2011,2052,4663,6670,1794,1122,476,3290,541,763,1092,2302,259,1446,609,1511,3096,-13,18192,24862,1482,331,560,353,-16,902,1187,-57,1130,116,518,2668,4471,43,651,697,400,938,1347,2059,6527,31411,3042,931,526,536,-4550,-832,28130,2033,3956,5990,1741,696,506,2738,419,777,970,2009,401,1458,465,1287,2590,-11,16045,22035,1356,246,526,326,-15,836,1150,-56,1094,134,516,2580,4182,38,589,627,388,921,1309,1936,6118,28153,3205,843,466,439,-4417,-362,25762,461,1477,1938,102,1137,1239,1147,868,2016,368,1033,1401,874,799,1674,493,283,776,1245,556,1802,462,247,709,710,725,1435,173,510,683,418,998,1416,144,457,602,554,80,634,307,169,477,1269,226,1496,1191,155,1346,1519,247,1765,93,74,167,258,169,427,1673,11790,11885,23675,2449,-362,25762,0.0,0.0,0.0,0.0,0.0,0.0,0.0,0.0,0.0,0.0,0.0,0.0,0.0,0.0,0.0,0.0,0.0,0.0,0.0,0.0,0.0,0,0,0,0,0,0,0,0,0,0,0,0,0,0,0,0,0,0,0,0,0,2295,1222,1904,1166,1627,801,1353,768,1166,733,1720,373,761,523,1789,1809,2762,306,488,1972,25463,1861,814,28130,0.2,2.9,-1.5,13.8,-1.7,-0.2,9.8,5.9,-0.9,5.0,6.1,1.1,1.0,-1.9,-0.9,-1.2,1.5,1.2,8.6,2.1,2.0,0.8,1.9,0.0,0.1,-0.1,0.5,-0.1,0.0,0.4,0.2,0.0,0.1,0.4,0.0,0.0,0.0,-0.1,-0.1,0.1,0.0,0.1,0.1,0.1,0.1,1.9,1862,1386,1815,882,1452,839,1352,690,1013,963,1528,321,694,462,1559,1517,2622,267,435,2033,23693,1707,362,25762,4.0,37.7,-1.0,25.2,3.6,6.0,14.2,10.9,2.5,1.6,11.3,5.7,1.7,4.2,3.2,9.2,9.4,2.1,13.7,2.4,7.7,-1.9,6.8,5.8,1.1,1.7,2.6,1.4,1.4,2.1,2.1,1.6,2.3,1.4,1.0,0.8,1.0,2.1,2.4,3.0,2.4,1.7,1.8,1.8,1.8,0.0,0.0,0.0,0.0,0.0,0.0,0.0,0.0,0.0,0.0,0.0,0.0,0.0,0.0,0.1,0.0,0.0,0.0,0.0,0.0,0.0,-0.1,0.0
Jun-2012,2074,4445,6489,1729,1122,569,3324,485,721,1339,2262,271,1463,608,1512,3130,-311,18159,24646,1300,290,474,334,-11,800,1514,-14,1500,108,544,2959,4561,64,649,716,443,616,1065,1785,6342,31004,3208,1249,526,528,-3910,-717,28333,2097,3929,6026,1692,733,604,2884,454,742,1197,2048,410,1467,485,1338,2670,-276,16449,22475,1192,238,431,311,-10,732,1436,-13,1423,123,551,2829,4259,58,600,658,420,614,1035,1693,5952,28427,3186,1162,477,428,-3950,-171,26379,429,1509,1937,109,1190,1299,1412,662,2074,589,955,1544,801,771,1572,544,310,854,1130,578,1708,435,274,709,694,743,1438,192,515,707,454,1025,1479,139,453,592,551,146,697,309,150,460,1304,206,1510,1172,165,1337,1508,278,1786,86,78,164,308,184,492,1677,12166,11871,24037,2513,-171,26379,0.0,0.0,0.0,0.0,1.1,0.0,0.0,0.0,0.0,0.0,0.1,0.0,0.0,0.0,0.1,0.0,0.0,0.0,0.0,0.0,0.0,0,0,0,0,0,0,0,0,0,0,0,0,0,0,0,0,0,0,0,0,0,2274,1220,2172,1210,1539,878,1298,763,1092,757,1781,414,802,506,1697,1802,2870,285,437,2035,25794,1844,703,28333,-0.9,-0.1,14.1,3.7,-5.4,9.7,-4.0,-0.6,-6.4,3.2,3.5,11.0,5.4,-3.3,-5.1,-0.4,3.9,-6.9,-10.5,3.2,1.3,-0.9,0.7,-0.1,0.0,1.0,0.2,-0.3,0.3,-0.2,0.0,-0.3,0.1,0.2,0.1,0.1,-0.1,-0.3,0.0,0.4,-0.1,-0.2,0.2,-0.1,-0.4,0.7,1865,1356,2063,1038,1367,914,1347,708,1033,1003,1584,379,766,469,1526,1527,2765,258,410,2167,24544,1663,171,26379,0.2,-2.2,13.6,17.8,-5.9,9.0,-0.4,2.6,1.9,4.2,3.6,18.1,10.4,1.5,-2.1,0.6,5.5,-3.4,-5.8,6.6,3.6,-2.5,2.4,5.5,1.0,2.0,2.7,1.2,1.5,2.0,2.0,1.4,2.4,1.3,1.0,0.8,1.0,2.0,2.3,3.0,2.1,1.5,1.8,1.8,1.8,0.0,0.0,0.1,0.0,0.0,0.0,0.0,0.0,0.0,0.0,0.0,0.2,0.2,0.0,0.1,0.0,0.0,0.0,0.0,0.0,0.0,0.0,0.0
Jun-2013,2094,4418,6485,1628,1123,517,3334,449,712,1335,2253,271,1391,615,1514,3104,-137,18013,24496,1245,283,406,299,-28,679,1184,-74,1110,111,536,2451,3981,99,625,726,386,460,850,1574,5551,30045,3334,1013,535,543,-3450,-650,28259,2124,3975,6099,1591,774,541,2958,461,713,1222,2037,427,1394,520,1380,2743,-124,16635,22735,1108,236,364,287,-26,625,1107,-69,1037,126,548,2336,3679,90,590,680,367,460,827,1507,5186,27921,3094,936,495,446,-3521,-160,26446,326,1600,1926,108,1139,1247,1502,586,2088,526,995,1521,693,787,1480,540,331,872,1075,605,1680,381,282,663,737,801,1538,202,490,693,397,1189,1586,156,455,611,532,175,707,291,133,424,1200,253,1453,1274,186,1460,1565,327,1892,82,79,161,280,186,466,1722,11869,12322,24191,2415,-160,26446,0.0,0.0,0.0,0.0,-2.4,0.0,0.0,0.0,0.0,0.0,-0.1,0.0,0.0,0.0,-0.1,0.0,0.0,0.0,0.0,0.0,-0.1,0,0,0,0,0,0,0,0,0,0,0,0,0,0,0,0,0,0,0,0,0,2427,1187,2000,1145,1512,898,1268,737,1067,757,1691,415,800,484,1695,1830,3082,288,465,2095,25802,1826,638,28259,6.7,-2.7,-7.9,-5.4,-1.8,2.2,-2.3,-3.3,-2.2,0.0,-5.0,0.1,-0.2,-4.3,-0.1,1.5,7.4,1.1,6.4,2.9,0.0,-1.0,-0.3,0.5,-0.1,-0.6,-0.2,-0.1,0.1,-0.1,-0.1,-0.1,0.0,-0.3,0.0,0.0,-0.1,0.0,0.1,0.7,0.0,0.1,0.2,-0.1,-0.2,-0.3,1862,1237,1879,1134,1361,929,1299,710,1085,1002,1525,385,775,449,1546,1594,2986,262,446,2205,24672,1614,160,26446,-0.1,-8.8,-8.9,9.2,-0.4,1.6,-3.6,0.2,5.1,-0.1,-3.7,1.5,1.2,-4.3,1.3,4.4,8.0,1.6,8.6,1.8,0.5,-3.0,0.3,5.3,1.0,1.9,2.6,1.1,1.4,1.9,2.0,1.4,2.4,1.2,0.9,0.7,0.9,1.9,2.2,3.1,2.2,1.6,1.7,1.7,1.7,0.0,0.0,0.0,0.0,0.0,0.0,0.0,0.0,0.0,0.0,0.0,-1.3,0.1,0.0,0.0,0.0,0.0,0.0,0.0,0.0,0.0,0.0,-0.1
Jun-2014,2197,4245,6430,1729,1127,508,3358,445,809,1156,2206,304,1508,627,1558,3216,-217,18277,24703,1316,329,485,356,-68,777,1056,-100,956,95,524,2364,4000,115,676,794,379,550,935,1727,5727,30429,3304,990,510,533,-3747,-420,28552,2216,3919,6135,1713,837,539,3018,454,814,1076,2099,435,1493,561,1441,2970,-202,17249,23384,1181,280,431,347,-62,716,1024,-98,927,97,538,2278,3740,107,648,755,363,535,898,1653,5393,28777,3285,987,485,483,-3904,-21,27151,386,1782,2167,92,1183,1275,1469,573,2042,631,1028,1659,731,782,1513,546,330,876,1063,621,1684,491,267,758,712,793,1505,242,475,717,335,1056,1391,181,470,652,545,159,704,296,130,426,1202,282,1484,1314,207,1521,1521,342,1864,79,86,165,307,200,507,1770,12143,12537,24680,2492,-21,27151,0.0,0.0,0.0,0.0,-2.8,0.0,0.0,0.0,0.0,0.0,-0.2,0.0,0.0,0.0,-0.1,0.0,0.0,0.0,0.0,0.0,-0.1,0,0,0,0,0,0,0,0,0,0,0,0,0,0,0,0,0,0,0,0,0,2437,1258,1976,1063,1611,900,1287,730,1073,815,1644,446,795,499,1765,1820,3222,298,492,2206,26326,1813,416,28552,0.4,5.9,-1.2,-7.2,6.5,0.2,1.5,-1.0,0.5,7.7,-2.8,7.5,-0.7,3.2,4.1,-0.5,4.6,3.7,5.8,5.3,2.0,-0.7,1.0,0.0,0.2,-0.1,-0.3,0.3,0.0,0.1,0.0,0.0,0.2,-0.2,0.1,0.0,0.1,0.2,0.0,0.5,0.0,0.1,0.4,0.0,-0.8,1.0,2133,1309,1893,1037,1446,938,1304,704,1044,1048,1514,416,766,464,1618,1658,3109,279,481,2247,25408,1722,21,27151,14.5,5.8,0.7,-8.6,6.3,1.0,0.4,-0.8,-3.8,4.6,-0.8,8.0,-1.1,3.4,4.6,4.0,4.1,6.4,7.9,1.9,3.0,6.6,2.7,6.0,1.0,1.9,2.4,1.1,1.5,1.9,1.9,1.4,2.4,1.2,0.9,0.7,0.9,2.0,2.2,3.1,2.2,1.6,1.7,1.7,1.7,0.0,0.0,0.0,0.0,0.0,0.0,0.0,0.0,0.0,0.0,0.0,-1.2,0.0,0.0,-0.1,0.0,0.0,0.0,0.0,0.0,-0.1,0.0,-0.1
Jun-2015,2304,4230,6530,1801,1116,516,3388,432,852,1215,2117,338,1471,642,1634,3298,-357,18425,24952,1540,348,577,382,-14,947,1073,-113,959,82,516,2506,4380,102,521,624,461,523,989,1614,5988,30938,3145,993,607,512,-4105,-216,28865,2307,3999,6307,1839,881,554,3088,402,855,1144,2000,440,1458,596,1532,3116,-340,17566,23873,1412,346,514,374,-13,875,1056,-113,943,83,527,2428,4186,96,509,605,455,512,967,1571,5757,29630,3025,992,588,487,-4103,-46,27615,497,1795,2291,78,987,1065,1402,581,1983,565,1010,1575,777,811,1588,559,352,912,1104,648,1753,454,269,723,767,877,1644,249,477,726,336,1178,1514,208,494,703,528,184,712,296,129,426,1276,279,1555,1363,212,1575,1603,329,1932,86,83,169,374,179,553,1755,12522,12630,25152,2510,-46,27615,0.0,0.0,0.0,-0.1,-10.8,0.0,0.0,0.0,0.0,0.0,-0.8,0.0,-0.1,0.0,-0.5,-0.1,0.0,0.0,0.0,0.0,0.1,-2,0,1,0,3,0,1,0,1,0,0,0,0,0,0,0,0,0,0,0,2,2631,1137,1988,988,1899,877,1333,729,1084,871,1633,463,804,488,1766,1834,3279,301,473,2340,26883,1766,217,28865,7.9,-9.6,0.6,-7.1,17.9,-2.6,3.6,-0.1,1.1,6.9,-0.6,3.7,1.2,-2.3,0.0,0.8,1.8,0.9,-3.9,6.0,2.1,-2.6,1.1,0.7,-0.4,0.0,-0.3,1.0,-0.1,0.2,0.0,0.0,0.2,0.0,0.1,0.0,0.0,0.0,0.0,0.2,0.0,-0.1,0.5,-0.2,-0.7,1.1,2287,1053,1932,911,1778,891,1335,708,1095,1061,1546,447,784,467,1646,1710,3231,288,458,2267,25894,1674,46,27615,7.2,-19.6,2.1,-12.1,22.9,-5.1,2.4,0.6,4.9,1.3,2.1,7.5,2.4,0.6,1.8,3.1,3.9,3.2,-4.8,0.9,1.9,-2.8,1.7,5.9,1.0,1.9,2.2,1.3,1.4,1.9,1.8,1.4,2.4,1.1,1.0,0.7,0.9,1.9,2.2,3.0,2.2,1.5,1.6,1.5,1.7,-0.1,0.0,0.3,0.0,0.0,0.0,0.4,1.0,0.2,0.0,0.0,-3.1,1.6,1.2,-0.1,0.1,0.0,0.2,3.0,0.0,0.1,-1.0,0.1
Jun-2016,2459,4341,6799,1852,1098,524,3429,469,896,1316,2055,382,1552,656,1648,3414,-235,19043,25839,1465,371,619,310,-38,887,978,-103,875,82,486,2333,4156,155,515,669,400,606,1011,1680,5834,31669,3764,1047,694,480,-4930,-305,29364,2460,4178,6638,1857,929,549,3185,445,904,1262,1970,433,1554,625,1581,3289,-226,18357,24995,1401,370,566,305,-36,835,1015,-107,908,87,491,2322,4092,150,519,669,411,599,1010,1679,5771,30766,3238,994,679,492,-4823,-95,28279,541,1926,2467,70,1140,1210,1302,576,1878,622,750,1372,752,819,1571,609,295,904,1027,658,1684,427,249,676,771,1051,1822,249,461,710,400,1166,1567,219,567,786,597,177,774,295,153,448,1355,300,1655,1374,219,1592,1707,334,2041,86,84,170,338,184,523,1803,12740,12914,25653,2721,-95,28279,0.0,0.0,0.0,0.2,1.7,0.0,-2.2,5.4,0.0,-0.7,-0.2,-0.1,-1.1,-0.7,-0.3,0.0,0.0,0.0,0.0,0.0,0.0,24,-4,-21,27,-6,-1,48,3,8,8,-15,0,3,41,-86,85,-2,4,24,4,142,2710,1045,1908,925,1735,868,1343,730,1184,915,1666,493,804,516,1807,1899,3410,304,499,2483,27230,1831,306,29364,3.0,-8.1,-4.0,-6.4,-8.6,-1.0,0.8,0.2,9.2,5.0,2.0,6.4,0.0,5.7,2.3,3.6,4.0,1.2,5.6,6.1,1.3,3.7,1.7,0.3,-0.3,-0.3,-0.2,-0.6,0.0,0.0,0.0,0.3,0.2,0.1,0.1,0.0,0.1,0.1,0.2,0.5,0.0,0.1,0.5,0.2,0.3,1.7,2578,1094,1861,818,1645,880,1337,713,1160,1038,1584,473,771,487,1753,1768,3387,291,474,2326,26438,1746,95,28279,12.7,3.9,-3.7,-10.2,-7.5,-1.3,0.1,0.7,5.9,-2.2,2.5,5.9,-1.6,4.3,6.5,3.4,4.8,1.0,3.6,2.6,2.1,4.3,2.4,6.5,1.1,1.8,2.0,1.3,1.3,1.8,1.8,1.4,2.4,1.1,0.9,0.7,0.9,1.9,2.2,3.0,2.1,1.6,1.6,1.5,1.7,-0.8,0.2,3.2,0.6,0.8,-0.1,0.8,-0.4,0.6,0.7,-30.5,2.0,-0.2,0.4,11.3,2.0,-0.2,0.3,-0.7,0.0,-0.6,0.1,0.0
Jun-2017,2592,4536,7127,1897,1084,507,3480,485,932,1345,2032,417,1578,672,1665,3508,-453,19145,26272,1206,414,627,360,-49,936,1008,-145,863,120,504,2424,4040,182,567,748,412,731,1146,1894,5934,32203,3486,1266,819,535,-4695,-326,29685,2588,4427,7014,1928,990,514,3347,478,936,1315,1967,436,1585,655,1640,3430,-444,18775,25790,1183,399,601,354,-48,907,1016,-146,869,144,506,2425,4007,176,568,744,420,716,1136,1880,5887,31677,3256,1179,807,526,-4552,-286,29197,578,2013,2590,69,1138,1207,1325,558,1883,682,802,1485,793,888,1681,626,317,942,1049,680,1729,437,255,692,747,1097,1844,254,451,706,432,1270,1702,222,619,841,620,209,829,302,160,462,1324,265,1589,1444,222,1666,1870,355,2225,92,84,175,335,211,546,1908,13202,13502,26704,2779,-286,29197,-0.1,-0.1,0.0,0.0,0.6,1.8,-1.0,1.1,-1.0,0.2,0.1,-2.0,1.7,0.2,0.1,0.0,0.0,0.0,0.0,0.0,-0.4,3,-119,-31,14,-141,-5,64,2,71,2,-1,-1,-16,45,-49,107,25,7,48,0,27,2816,1008,1781,920,1748,940,1376,726,1201,962,1734,511,843,528,1685,1873,3487,318,507,2542,27494,1867,327,29685,3.9,-3.5,-6.7,-0.5,0.7,8.2,2.4,-0.6,1.4,5.1,4.1,3.7,4.9,2.4,-6.7,-1.4,2.2,4.3,1.5,2.4,1.0,2.0,1.1,0.4,-0.1,-0.4,0.0,0.0,0.2,0.1,0.0,0.1,0.2,0.2,0.1,0.1,0.0,-0.4,-0.1,0.3,0.0,0.0,0.2,0.1,0.1,1.1,2661,1091,1765,883,1736,934,1380,720,1212,1033,1672,502,830,510,1664,1829,3477,306,496,2443,27144,1766,286,29197,3.2,-0.3,-5.2,7.9,5.5,6.2,3.2,1.0,4.5,-0.4,5.6,6.0,7.6,4.8,-5.1,3.4,2.7,5.1,4.7,5.0,2.7,1.1,3.2,5.6,0.8,1.7,2.0,1.3,1.4,1.8,1.7,1.5,2.4,1.1,0.9,0.7,0.9,1.8,2.2,2.9,2.2,1.6,1.7,1.5,1.7,-0.6,-0.2,-2.8,-0.9,1.3,-0.3,-0.4,0.4,-1.9,1.1,0.6,0.5,0.4,0.4,0.7,-0.7,-0.2,0.0,-2.4,0.0,-0.3,0.2,-0.4
Jun-2018,2707,4620,7327,2024,1110,534,3543,509,930,1361,2090,438,1657,696,1748,3610,-365,19885,27212,1288,425,550,431,63,1044,1422,-131,1290,114,542,2991,4704,174,644,818,290,779,1069,1887,6591,33803,4164,1499,946,584,-5767,-353,30710,2707,4620,7327,2024,1110,534,3543,509,930,1361,2090,438,1657,696,1748,3610,-365,19885,27212,1288,425,550,431,63,1044,1422,-131,1290,114,542,2991,4704,174,644,818,290,779,1069,1887,6591,33803,4164,1499,946,584,-5767,-353,30710,641,2272,2913,73,1098,1172,1356,588,1944,711,923,1635,871,957,1829,599,339,938,1083,691,1774,461,261,722,753,1134,1887,259,460,719,449,1337,1786,237,647,885,650,250,900,319,174,492,1362,275,1637,1524,212,1735,1963,368,2331,101,86,187,348,198,545,2037,13760,14307,28067,2996,-353,30710,-0.3,1.0,0.6,1.7,1.2,14.1,0.5,9.8,2.6,6.0,4.2,7.9,-9.4,-2.6,2.1,0.9,0.1,0.1,4.5,2.4,0.2,240,-161,-137,6,30,-29,-2,-5,19,19,-54,-24,-10,39,-25,79,-128,8,26,-8,-116,2957,1086,1823,963,1924,921,1414,752,1241,1052,1758,525,898,543,1710,1899,3638,324,494,2569,28490,1868,353,30710,5.0,7.7,2.4,4.7,10.1,-2.0,2.8,3.6,3.4,9.3,1.4,2.7,6.5,2.8,1.5,1.4,4.3,1.9,-2.5,1.0,3.6,0.0,3.5,0.5,0.3,0.1,0.1,0.6,-0.1,0.1,0.1,0.1,0.3,0.1,0.0,0.2,0.1,0.1,0.1,0.5,0.0,0.0,0.1,0.0,0.1,3.5,2957,1086,1823,963,1924,921,1414,752,1241,1052,1758,525,898,543,1710,1899,3638,324,494,2569,28490,1868,353,30710,11.1,-0.5,3.3,9.0,10.8,-1.5,2.5,4.4,2.4,1.8,5.1,4.5,8.3,6.4,2.7,3.8,4.6,5.8,-0.4,5.2,5.0,5.8,5.2,6.5,0.7,1.7,2.1,1.4,1.3,1.8,1.8,1.5,2.4,1.1,1.0,0.7,0.9,1.8,2.2,2.9,2.1,1.5,1.7,1.5,1.7,4.3,-1.1,-4.1,1.1,5.1,-0.9,0.6,-2.2,2.8,8.9,-1.5,-1.6,-3.7,-4.5,0.1,-0.1,-1.4,-0.6,-4.9,-0.3,0.2,-1.2,0.2
Jun-2019,2970,4813,7783,2127,1087,560,3607,485,975,1436,2077,459,1705,711,1810,3699,-387,20352,28134,1438,395,574,578,-54,1098,1428,-134,1293,97,545,3033,4866,164,643,808,453,882,1334,2142,7008,35142,3905,1576,1125,630,-5642,-506,31819,3013,4914,7927,2168,1180,570,3797,497,976,1459,2144,439,1716,727,1845,3784,-394,20908,28835,1491,394,592,600,-56,1135,1474,-139,1335,98,545,3113,4998,168,667,835,469,905,1374,2210,7207,36042,4187,1698,1146,672,-6053,-397,32555,667,2334,3001,72,1048,1121,1450,640,2089,738,1018,1756,985,1103,2088,631,314,945,1125,706,1830,503,294,796,793,1190,1983,276,417,692,477,1348,1826,252,722,974,677,258,935,366,155,521,1467,313,1780,1605,216,1821,2168,388,2557,109,88,197,363,218,581,2196,14723,14967,29690,3107,-242,32555,,,,,,,,,,,,,,,,,,,,,,,,,,,,,,,,,,,,,,,,,,,3023,1093,1878,972,2094,937,1431,794,1245,1095,1762,555,934,563,1796,1942,3906,343,515,2616,29492,1879,448,31819,2.3,0.6,3.0,0.9,8.8,1.7,1.2,5.6,0.3,4.1,0.2,5.7,3.9,3.7,5.0,2.2,7.4,6.0,4.3,1.9,3.5,0.6,3.6,0.2,0.0,0.2,0.0,0.6,0.1,0.1,0.1,0.0,0.1,0.0,0.1,0.1,0.1,0.3,0.1,0.9,0.1,0.1,0.2,0.0,0.3,3.6,3051,1130,1951,1026,2242,937,1452,826,1328,1010,1821,578,930,584,1844,1982,3903,342,524,2740,30202,1994,359,32555,3.2,4.1,7.0,6.5,16.5,1.7,2.7,9.9,7.0,-4.0,3.6,10.1,3.5,7.6,7.9,4.4,7.3,5.8,6.1,6.7,6.0,6.8,6.0,7.5,0.6,1.8,2.1,1.5,1.3,1.8,1.9,1.5,2.4,1.1,1.0,0.7,0.9,1.8,2.2,2.9,2.2,1.5,1.7,1.6,1.7,,,,,,,,,,,,,,,,,,,,,,,
