Series ID,A2336115C,A2336116F,A2336117J,A2336118K,A2336119L,A2336120W,A2336121X,A2336122A,A2336123C,A2336124F,A2336125J,A2336126K,A2336127L,A2336128R,A2336129T,A2336130A,A2336014T,A2336015V,A2336016W,A2336027C,A2336028F,A2336020L,A2336021R,A2336022T,A2336023V,A2336017X,A2336018A,A2336019C,A2713895T,A2713929C,A2336026A,A2336029J,A2336030T,A2336031V,A2336032W,A2336033X,A2336034A,A2336035C,A2336036F,A2336037J,A2336038K,A2336039L,A2336040W,A2336041X,A2336042A,A2336043C,A2478897L,A2336348T,A2336044F,A2336045J,A2336046K,A2336047L,A2336048R,A2336049T,A2336050A,A2336051C,A2336052F,A2336053J,A2336054K,A2336055L,A2336056R,A2336057T,A2336058V,A2336059W,A2336060F,A2336061J,A2336062K,A2335963A,A2335964C,A2336066V,A2336067W,A2336068X,A2335959K,A2336063L,A2336064R,A2336065T,A2713893L,A2713927X,A2335962X,A2335965F,A2335966J,A2335967K,A2335968L,A2335969R,A2335970X,A2335971A,A2335972C,A2335973F,A2335974J,A2335975K,A2335976L,A2335977R,A2335978T,A2335979V,A2478898R,A2336322V,A2714396T,A2714397V,A2714398W,A2714400W,A2714401X,A2714402A,A2714404F,A2714405J,A2714406K,A2714408R,A2714409T,A2714410A,A2714412F,A2714413J,A2714414K,A2714416R,A2714417T,A2714418V,A2714420F,A2714421J,A2714422K,A2714424R,A2714425T,A2714426V,A2714428X,A2714429A,A2714430K,A2714432R,A2714433T,A2714434V,A2714436X,A2714437A,A2714438C,A2714440R,A2714441T,A2714442V,A2714444X,A2714445A,A2714446C,A2714448J,A2714449K,A2714450V,A2714452X,A2714453A,A2714454C,A2714456J,A2714457K,A2714458L,A2714460X,A2714461A,A2714462C,A2714464J,A2714465K,A2714466L,A2714468T,A2714469V,A2714470C,A2335372X,A2335497C,A2335374C,A2335500F,A2335501J,A2335502K,A83748445F,A2334361X,A2334362A,A2334363C,A2334369T,A2334370A,A2334365J,A2334364F,A2713868K,A2713902C,A2334368R,A2334371C,A2334372F,A2334373J,A2334374K,A2334375L,A2334376R,A2334377T,A2334378V,A2334379W,A2334380F,A2334381J,A2715282L,A2715283R,A2715284T,A2715285V,A2715286W,A2715287X,A2715288A,A2715289C,A2715290L,A2715291R,A2715292T,A2715293V,A2715294W,A2715295X,A2715296A,A2715297C,A2715298F,A2715299J,A2715300F,A2334248W,A2334250J,A2715056R,A2715057T,A2715058V,A2715059W,A2715060F,A2715061J,A2715062K,A2715063L,A2715064R,A2715065T,A2715066V,A2715067W,A2715068X,A2715069A,A2715070K,A2715071L,A2715072R,A2715073T,A2715074V,A2529247V,A2478108K,A2478109L,A2478110W,A2478111X,A2714951T,A2714952V,A2714953W,A2714954X,A2714955A,A2714956C,A2714957F,A2714958J,A2714959K,A2714960V,A2714961W,A2714962X,A2714963A,A2714964C,A2714965F,A2714966J,A2714967K,A2714968L,A2714969R,A2529248W,A2478130F,A2478131J,A2478132K,A2715624A,A2715625C,A2715626F,A2715627J,A2715628K,A2715629L,A2715630W,A2715631X,A2715632A,A2715633C,A2715634F,A2715635J,A2715636K,A2715637L,A2715638R,A2715639T,A2715640A,A2715641C,A2715642F,A2529249X,A2478151T,A2478152V,A2478153W,A2714399X,A2714403C,A2714407L,A2714411C,A2714415L,A2714419W,A2714423L,A2714427W,A2714431L,A2714435W,A2714439F,A2714443W,A2714447F,A2714451W,A2714455F,A2714459R,A2714463F,A2714467R,A2714471F,A2529282A,A2478689V,A2478690C,A2478691F,A2478692J,A2713991T,A2713992V,A2713993W,A2713994X,A2713995A,A2713996C,A2713997F,A2713998J,A2713999K,A2714000K,A2714001L,A2714002R,A2714003T,A2714004V,A2714005W,A2714006X,A2714007A,A2714008C,A2714009F,A2529283C,A2478711C,A2478712F,A2478713J,A2715820K,A2715821L,A2715822R,A2715823T,A2715824V,A2715825W,A2715826X,A2715827A,A2715828C,A2715829F,A2715830R,A2715831T,A2715832V,A2715833W,A2715834X,A2715835A,A2715836C,A2715941F,A2715950J,A2529284F,A2478733T,A2478735W,A2714780K,A2714781L,A2714782R,A2714783T,A2714784V,A2714785W,A2714786X,A2714787A,A2714788C,A2714789F,A2714790R,A2714791T,A2714792V,A2714793W,A2714794X,A2714795A,A2714796C,A2714797F,A2714798J,A2529270T,A2528564F,A2528565J,A2528566K
Jun-1990,7383,16156,23330,8319,6231,2072,14789,2051,3066,3672,6916,361,4331,3201,5077,10761,-776,65910,89097,10056,3191,5008,2077,79,7417,3114,-218,2881,1381,855,10594,21911,1786,1540,3327,689,3247,3862,7042,29010,117702,18926,5719,3593,2212,-14041,3914,122163,4202,6272,10473,4277,1270,1985,5944,572,2412,1426,4621,504,3615,668,2276,5181,-386,34365,44838,4161,946,2468,989,37,3494,4307,-334,3973,903,744,9114,14221,967,1019,1985,737,1832,2569,4554,18775,63613,10804,4259,2095,1558,-10618,17,60095,895,2644,3539,1240,2561,3801,4283,2902,7185,886,1269,2155,2961,2096,5058,2273,1036,3309,1863,1155,3018,959,332,1291,1924,1842,3766,433,1081,1515,1115,1123,2238,404,1223,1628,1333,460,1793,801,188,989,2123,548,2671,2126,262,2389,2334,406,2740,169,146,315,575,487,1063,3953,28699,25714,54413,6247,-566,60095,,,,,,,,,,,,,,,,,,,,,,0,0,0,0,0,0,0,0,0,0,0,0,0,0,0,0,0,0,0,0,0,5305,8820,11441,5054,10534,4535,5144,3378,5848,945,6007,2534,3771,2593,6869,7683,6325,941,2938,11748,113050,10278,-1239,122163,,,,,,,,,,,,,,,,,,,,,,,,,,,,,,,,,,,,,,,,,,,,,,,3579,3852,7178,2211,5370,3058,3217,1372,3327,1101,2521,1488,1912,1009,3089,2561,2655,438,1142,4388,55470,4596,28,60095,,,,,,,,,,,,,,,,,,,,,,,,21.1,21.1,12.9,15.1,19.3,15.2,16.4,16.7,16.6,8.5,11.6,11.8,11.6,12.7,13.5,14.8,14.1,14.5,14.5,14.4,14.2,14.9,,,,,,,,,,,,,,,,,,,,,,,
Jun-1991,7526,16534,23838,8452,6301,1969,15465,2100,3099,3862,7197,388,4495,3662,5040,11220,-1058,67619,91321,9383,3471,3592,1955,135,5868,2705,-168,2527,1146,880,9024,19529,1584,1707,3329,731,3407,4065,7253,26836,117170,20035,6860,3976,2206,-14524,4642,122232,4423,6785,11208,4490,1380,1991,6616,596,2535,1636,5061,554,3914,839,2407,5693,-554,37159,48367,4070,847,1755,978,63,2796,3818,-263,3555,587,787,7726,12642,876,1157,2033,785,1971,2756,4790,17432,65799,11301,5170,2449,1661,-11303,-50,61364,880,2036,2916,1280,2279,3559,4400,2355,6755,908,1326,2234,2765,2115,4880,2329,1142,3471,2096,1207,3302,1050,352,1402,1895,1812,3706,470,1302,1773,1192,1174,2366,382,1345,1727,1258,501,1759,772,213,985,2243,655,2898,2241,302,2543,2627,469,3096,212,152,364,632,519,1151,4377,29631,25633,55264,6426,-326,61364,0.0,0.0,0.0,0.0,0.0,0.0,0.0,0.0,0.0,0.0,0.0,0.0,0.0,0.0,0.0,0.0,0.0,0.0,0.0,0.0,0.0,0,0,0,0,0,0,0,0,0,0,0,0,0,0,0,0,0,0,0,0,0,5620,9337,11281,5259,9587,4261,5325,3432,6315,1002,5819,2598,3885,2787,6880,7716,6654,1053,3073,12230,114596,10111,-2576,122232,5.9,5.9,-1.4,4.1,-9.0,-6.0,3.5,1.6,8.0,6.1,-3.1,2.5,3.0,7.5,0.2,0.4,5.2,11.9,4.6,4.1,1.4,-1.6,0.1,0.3,0.4,-0.1,0.2,-0.8,-0.2,0.1,0.0,0.4,0.0,-0.2,0.1,0.1,0.2,0.0,0.0,0.3,0.1,0.1,0.4,-0.1,-1.1,0.1,2957,3595,6688,2255,5197,3206,3504,1472,3308,1285,2645,1575,1851,1001,3422,2716,2984,499,1229,4770,56160,4848,356,61364,-17.4,-6.7,-6.8,2.0,-3.2,4.8,8.9,7.3,-0.6,16.7,4.9,5.8,-3.2,-0.8,10.8,6.1,12.4,14.0,7.6,8.7,1.2,5.5,2.1,22.4,18.2,12.8,14.9,18.7,15.1,17.5,16.6,16.1,9.0,12.2,11.7,10.8,12.1,13.8,14.7,14.3,16.5,14.8,14.7,14.8,14.8,0.0,0.0,0.0,0.0,0.0,0.0,0.0,0.0,0.0,0.0,0.0,0.0,0.0,0.0,0.0,0.0,0.0,0.0,0.0,0.0,0.0,0.0,0.0
Jun-1992,7935,17359,25070,8753,6342,2082,16123,2174,3389,3819,7390,435,4777,3615,5269,11562,-1761,69725,94600,10181,3842,3209,1676,87,5135,2550,-177,2361,836,978,8261,19195,1551,2059,3690,781,3737,4425,7957,27221,120707,21037,8442,4325,2453,-11546,2521,126149,4805,7377,12182,4751,1443,2123,7233,630,2806,1763,5183,646,4276,915,2601,6053,-939,39484,51665,4475,871,1518,868,40,2426,3649,-281,3369,462,825,7082,12429,849,1379,2227,810,2160,2970,5197,17626,69291,11489,6117,2685,1860,-9680,-733,65075,819,1860,2679,1295,2539,3835,4722,2453,7174,910,1387,2297,2617,2137,4753,2286,1093,3379,2263,1210,3472,1284,325,1610,1916,1948,3863,495,1540,2034,1244,1446,2690,452,1116,1568,1472,402,1875,868,177,1045,2702,699,3402,2532,304,2836,2830,481,3311,273,164,437,751,564,1315,4862,31730,26706,58437,6605,33,65075,0.0,0.0,0.0,0.0,0.0,0.0,0.0,0.0,0.0,0.0,0.0,0.0,0.0,0.0,0.0,0.0,0.0,0.0,0.0,0.0,0.0,0,0,0,0,0,0,0,0,0,0,0,0,0,0,0,0,0,0,0,0,0,5501,9649,11307,5441,9454,4242,5563,3616,6498,1084,6033,2605,4036,2965,7930,7941,6826,1165,3105,12693,117989,10160,-2109,126149,-2.1,3.3,0.2,3.5,-1.4,-0.4,4.5,5.4,2.9,8.2,3.7,0.3,3.9,6.4,15.3,2.9,2.6,10.6,1.0,3.8,3.0,0.5,3.2,-0.1,0.3,0.0,0.1,-0.1,0.0,0.2,0.2,0.1,0.1,0.2,0.0,0.1,0.1,0.9,0.2,0.1,0.1,0.0,0.4,0.0,0.4,3.2,2721,3873,7100,2312,5048,3134,3687,1690,3420,1475,3006,1451,2014,1068,3886,3021,3189,588,1407,5321,59412,5000,663,65075,-8.0,7.8,6.2,2.5,-2.9,-2.2,5.2,14.8,3.4,14.8,13.6,-7.9,8.8,6.7,13.5,11.2,6.8,17.8,14.5,11.5,5.8,3.1,6.0,21.1,19.6,13.3,14.4,20.4,15.2,18.2,18.2,16.3,9.1,12.5,12.5,12.2,13.3,15.3,15.6,14.6,17.6,15.5,15.5,15.4,15.4,0.0,0.0,0.0,0.0,0.0,0.0,0.0,0.0,0.0,0.0,0.0,0.0,0.0,0.0,0.0,0.0,0.0,0.0,0.0,0.0,0.0,0.0,0.0
Jun-1993,8181,18134,26054,9044,6091,2020,16834,2267,3486,4120,7787,514,5035,3424,5578,11765,-1694,72333,98179,12448,4116,3203,1858,185,5424,2692,-202,2475,833,1172,8799,21543,1296,2013,3408,787,3968,4636,7913,29523,126709,21848,8667,5140,2450,-11304,2874,134148,5101,7790,12892,5014,1645,2080,7721,668,2906,1879,5492,762,4589,961,2847,6294,-913,41945,54837,5599,974,1512,976,86,2574,4017,-333,3684,495,990,7742,14314,726,1365,2091,921,2323,3243,5334,19648,74486,12592,6763,3251,1965,-10255,-627,70719,762,2243,3006,1444,2958,4402,5115,2666,7781,909,1422,2331,2753,2371,5123,2323,1269,3592,2412,1395,3807,1342,377,1718,1969,2014,3983,566,1534,2100,1322,2155,3477,524,1185,1709,1717,362,2079,996,179,1175,3050,806,3856,2981,370,3350,3011,580,3591,289,214,503,814,620,1433,5149,34299,29870,64168,6951,-401,70719,0.0,0.0,0.0,0.0,0.0,0.0,0.0,0.0,0.0,0.0,0.0,0.0,0.0,0.0,0.0,0.0,0.0,0.0,0.0,0.0,0.0,0,0,0,0,0,0,0,0,0,0,0,0,0,0,0,0,0,0,0,0,0,5886,9409,12176,5693,10591,4373,5797,3803,6728,1229,6318,2961,3855,3047,8460,8652,6974,1257,3202,13275,124394,10580,-942,134148,7.0,-2.5,7.7,4.6,12.0,3.1,4.2,5.2,3.5,13.3,4.7,13.7,-4.5,2.8,6.7,9.0,2.2,7.9,3.1,4.6,5.4,4.1,6.3,0.3,-0.2,0.7,0.2,0.9,0.1,0.2,0.1,0.2,0.1,0.2,0.3,-0.1,0.1,0.4,0.6,0.1,0.1,0.1,0.5,0.3,0.9,6.3,3048,4454,7698,2344,5476,3335,4011,1804,3521,1527,3865,1580,2243,1183,4404,3559,3455,658,1529,5618,65313,5249,157,70719,12.0,15.0,8.4,1.4,8.5,6.4,8.8,6.7,3.0,3.5,28.6,8.9,11.4,10.8,13.3,17.8,8.3,11.9,8.7,5.6,9.9,5.0,8.7,21.1,21.6,13.5,14.5,21.7,15.1,18.3,18.3,16.3,9.2,13.8,13.2,12.7,13.8,16.6,16.9,15.1,18.4,15.9,16.0,15.7,15.9,0.0,0.0,0.0,0.0,0.0,0.0,0.0,0.0,0.0,0.0,0.0,0.0,0.0,0.0,0.0,0.0,0.0,0.0,0.0,0.0,0.0,0.0,0.0
Jun-1994,8598,18339,26758,9167,6189,2150,17664,2356,3722,4250,7986,582,5654,3638,5949,11768,-1621,75759,102360,13814,4443,3391,1862,314,5742,2945,251,3231,878,1281,10383,24681,1031,1526,2628,851,3719,4533,7096,31829,133292,21755,9244,5809,2539,-12403,4110,140780,5475,7994,13469,5201,1822,2194,8288,699,3171,2006,5710,858,5227,1074,3145,6412,-890,44916,58385,6351,1059,1645,986,149,2780,4507,423,4930,495,1067,9273,16683,614,859,1473,960,2186,3147,4619,21303,79688,12107,7265,3678,2040,-11255,-70,74843,807,2678,3486,1365,2644,4008,5480,3217,8697,893,1524,2417,2771,2841,5612,2392,1414,3807,2362,1398,3760,1440,548,1987,1979,2355,4334,560,1805,2365,1376,2438,3814,521,1041,1562,1699,348,2047,995,148,1143,3252,773,4026,3104,348,3452,3283,642,3925,285,234,519,806,630,1436,5460,35371,32486,67857,7612,-625,74843,0.0,0.0,0.0,0.0,0.0,0.0,0.0,0.0,0.0,0.0,0.0,0.0,0.0,0.0,0.0,0.0,0.0,0.0,0.0,0.0,0.0,0,0,0,0,0,0,0,0,0,0,0,0,0,0,0,0,0,0,0,0,0,5799,9505,12913,5978,11522,4819,6148,4109,7019,1350,7280,3220,4230,3168,9078,8811,7273,1309,3180,13949,131870,11217,-2431,140780,-1.5,1.0,6.1,5.0,8.8,10.2,6.1,8.0,4.3,9.9,15.2,8.7,9.7,3.9,7.3,1.8,4.3,4.1,-0.7,5.1,6.0,6.0,4.9,-0.1,0.1,0.5,0.2,0.7,0.3,0.3,0.2,0.2,0.1,0.7,0.2,0.3,0.1,0.5,0.1,0.2,0.0,0.0,0.5,0.5,-1.1,4.9,3520,4066,8669,2446,6066,3556,4005,2094,3803,1722,4274,1479,2204,1156,4527,3684,3799,684,1539,6013,69302,5801,-260,74843,15.5,-8.7,12.6,4.4,10.8,6.6,-0.2,16.1,8.0,12.7,10.6,-6.4,-1.8,-2.3,2.8,3.5,9.9,3.9,0.6,7.0,6.1,10.5,5.8,22.6,20.1,14.1,15.1,22.4,15.0,17.7,18.6,17.3,9.4,13.5,13.5,12.1,13.0,16.5,16.6,16.0,17.9,15.8,16.6,15.6,16.1,0.0,0.0,0.0,0.0,0.0,0.0,0.0,0.0,0.0,0.0,0.0,0.0,0.0,0.0,0.0,0.0,0.0,0.0,0.0,0.0,0.0,0.0,0.0
Jun-1995,8736,18842,27368,9965,6282,2259,18586,2480,3827,4285,8434,635,6057,3773,6381,11998,-2363,79002,106269,14212,4059,5074,2259,221,7771,3645,-145,3496,1064,1528,12284,27328,1361,2973,4435,811,3799,4535,8654,36018,141711,22801,10546,6644,3231,-12740,4041,148682,5608,8455,14062,5775,1967,2312,8838,741,3327,2173,6184,957,5733,1175,3492,6710,-1339,48045,62107,6695,1044,2659,1218,111,3988,5412,-235,5177,609,1265,11039,18778,843,1666,2510,884,2256,3140,5650,24428,86535,12606,8298,4172,2573,-11207,-121,81114,897,2333,3229,1308,2489,3797,6204,3188,9391,876,1456,2332,3008,3542,6549,2739,1528,4267,2589,1634,4223,1695,504,2199,2272,2974,5246,615,1625,2240,1524,3043,4567,592,1022,1615,1978,290,2268,1141,146,1287,3484,736,4219,3190,318,3508,3423,688,4110,321,238,558,928,588,1516,5775,38781,34116,72897,8338,-121,81114,0.0,0.0,0.0,0.0,0.0,0.0,0.0,0.0,0.0,0.0,0.0,0.0,0.0,0.0,0.0,0.0,0.0,0.0,0.0,0.0,0.0,0,0,0,0,0,0,0,0,0,0,0,0,0,0,0,0,0,0,0,0,0,5372,10277,13345,6201,12869,5496,6522,4474,7714,1503,7675,3700,5193,3788,9450,8826,7617,1350,3278,14655,140598,12179,-4224,148682,-7.4,8.1,3.3,3.7,11.7,14.1,6.1,8.9,9.9,11.3,5.4,14.9,22.7,19.6,4.1,0.2,4.7,3.2,3.1,5.1,6.6,8.6,5.6,-0.3,0.5,0.3,0.2,1.0,0.5,0.3,0.3,0.5,0.1,0.3,0.3,0.7,0.4,0.3,0.0,0.2,0.0,0.1,0.5,0.7,-1.3,5.6,3259,3876,9341,2342,7098,3980,4490,2324,4638,1632,5056,1480,2405,1267,4834,3750,3986,731,1635,6503,74626,6368,121,81114,-7.4,-4.7,7.8,-4.3,17.0,11.9,12.1,11.0,22.0,-5.2,18.3,0.1,9.1,9.6,6.8,1.8,4.9,7.0,6.2,8.2,7.7,9.8,8.4,21.8,18.2,14.4,15.6,23.9,16.2,18.4,19.1,18.8,9.2,14.2,13.8,12.0,13.4,16.7,16.6,16.0,17.3,16.3,17.0,15.8,16.4,0.0,0.0,0.0,0.0,0.0,0.0,0.0,0.0,0.0,0.0,0.0,0.0,0.0,0.0,0.0,0.0,0.0,0.0,0.0,0.0,0.0,0.0,0.0
Jun-1996,9303,20223,29282,10336,6324,2315,19380,2513,3671,4347,8743,736,6554,3880,6790,12383,-1720,82709,111809,11276,3468,5397,2201,129,7950,4350,-100,4252,1232,1770,13963,27289,1365,2630,4100,880,4333,5103,8967,36280,147304,24297,10838,7191,3414,-15106,4272,153706,6114,9495,15609,6186,2133,2347,9367,752,3261,2357,6531,1109,6258,1308,3815,7189,-1016,51597,67205,5321,950,2958,1214,68,4240,6364,-158,6205,487,1474,12406,18677,898,1478,2377,942,2580,3522,5899,24576,91781,13741,8664,4603,2761,-12799,-186,85715,890,2607,3497,1647,2921,4567,6687,3112,9798,990,1463,2454,3047,3071,6118,2747,1687,4434,2884,1709,4593,1768,542,2309,2382,2769,5151,687,1801,2488,1711,3035,4746,639,1201,1840,2141,294,2434,1190,158,1348,3840,1016,4856,3425,440,3865,3642,769,4411,410,210,620,1010,629,1639,6019,41734,35453,77187,8714,-186,85715,0.0,0.0,0.0,0.0,0.0,0.0,0.0,0.0,0.0,0.0,0.0,0.0,0.0,0.0,0.0,0.0,0.0,0.0,0.0,0.0,0.0,0,0,0,0,0,0,0,0,0,0,0,0,0,0,0,0,0,0,0,0,0,6352,11405,13791,6155,11638,5717,6583,4253,8177,1636,8453,3956,5276,3925,9793,9052,8015,1385,3325,15112,145441,12598,-4467,153706,18.2,11.0,3.3,-0.7,-9.6,4.0,0.9,-4.9,6.0,8.9,10.1,6.9,1.6,3.6,3.6,2.6,5.2,2.6,1.4,3.1,3.4,3.4,3.4,0.7,0.8,0.3,0.0,-0.8,0.1,0.0,-0.1,0.3,0.1,0.5,0.2,0.1,0.1,0.2,0.2,0.3,0.0,0.0,0.3,0.3,-0.2,3.4,3529,4670,9688,2420,6629,4162,4875,2433,4542,1815,5299,1676,2582,1320,5530,4111,4262,821,1764,6796,78923,6606,186,85715,8.3,20.5,3.7,3.3,-6.6,4.6,8.6,4.7,-2.1,11.2,4.8,13.2,7.4,4.3,14.4,9.6,6.9,12.2,7.9,4.5,5.8,3.7,5.7,19.7,19.3,14.4,16.6,21.2,15.5,18.3,18.9,17.6,9.5,13.7,14.1,11.7,13.3,18.0,17.7,15.9,18.0,16.5,17.2,15.3,16.2,0.0,0.0,0.0,0.0,0.0,0.0,0.0,0.0,0.0,0.0,0.0,0.0,0.0,0.0,0.0,0.0,0.0,0.0,0.0,0.0,0.0,0.0,0.0
Jun-1997,9509,20872,30108,10295,6411,2357,20118,2598,3583,4282,9107,829,6735,4089,7048,13194,-1629,85341,115274,11321,3570,5402,2954,481,9081,5120,128,5272,1242,1829,16376,30494,1321,2565,3987,877,4966,5643,9433,39971,154659,25667,12379,7528,3822,-12679,3154,162127,6330,10039,16369,6295,2329,2386,9870,779,3259,2592,6712,1241,6379,1431,4007,7697,-975,54003,70372,5393,1013,2963,1632,255,4850,7004,192,7196,460,1509,14015,20422,883,1480,2364,887,2887,3773,6137,26559,96931,13708,9483,4871,3004,-11313,-545,91165,1102,2757,3858,1718,2637,4355,6767,3512,10279,1024,1401,2424,3277,3479,6756,3162,1693,4856,3424,1651,5076,2012,492,2503,2765,3063,5828,701,1902,2604,1903,3408,5311,673,1314,1988,2238,325,2563,1219,167,1385,4256,789,5044,3715,372,4087,4057,678,4735,432,209,641,1143,643,1786,6678,45587,37168,82755,8956,-545,91165,0.0,0.0,0.0,0.0,0.0,0.0,0.0,0.0,0.0,0.0,0.0,0.0,0.0,0.0,0.0,0.0,0.0,0.0,0.0,0.0,0.0,0,0,0,0,0,0,0,0,0,0,0,0,0,0,0,0,0,0,0,0,0,7299,11323,13885,6293,12594,5935,6790,4621,8652,1767,9189,4133,5443,3979,10121,9529,8299,1359,3558,15897,152331,12923,-3274,162127,14.9,-0.7,0.7,2.2,8.2,3.8,3.1,8.6,5.8,8.0,8.7,4.5,3.2,1.4,3.3,5.3,3.5,-1.9,7.0,5.2,4.7,2.6,5.5,0.6,-0.1,0.1,0.1,0.6,0.1,0.1,0.2,0.3,0.1,0.5,0.1,0.1,0.0,0.2,0.3,0.2,0.0,0.2,0.5,0.2,0.8,5.5,3887,4362,10128,2316,7356,4474,5215,2644,4858,1888,5877,1800,2700,1357,5789,4339,4611,855,1922,7461,83838,6782,545,91165,10.1,-6.6,4.5,-4.3,11.0,7.5,7.0,8.7,6.9,4.0,10.9,7.4,4.6,2.8,4.7,5.6,8.2,4.2,9.0,9.8,6.2,2.7,6.4,21.6,18.1,14.8,15.9,22.1,16.0,18.2,19.9,18.1,9.2,14.4,13.9,11.5,13.2,17.2,17.3,16.3,17.6,16.9,17.2,15.0,16.4,0.0,0.0,0.0,0.0,0.0,0.0,0.0,0.0,0.0,0.0,0.0,0.0,0.0,0.0,0.0,0.0,0.0,0.0,0.0,0.0,0.0,0.0,0.0
Jun-1998,9920,22109,31706,10353,6622,2587,20903,2949,3617,4139,10021,904,7283,4227,7716,14159,-1908,89935,121459,13331,3738,4912,2842,336,8317,5239,-70,5174,1003,1812,15623,31032,1032,2668,3762,767,5524,5963,9556,40634,161386,28194,13200,7467,3997,-16034,4818,168635,6652,11048,17699,6440,2495,2610,10422,884,3331,2633,7230,1354,6913,1547,4457,8628,-1141,57803,75502,6209,1162,2784,1585,183,4552,7122,-102,7020,494,1490,13556,20926,704,1540,2244,783,3233,4016,6260,27187,102689,16378,10489,4885,3309,-13455,-498,96201,1072,2755,3827,1633,2915,4547,6958,4319,11277,961,1404,2365,3307,3530,6837,3467,1615,5082,3461,1703,5165,2169,578,2747,2612,3543,6155,727,2364,3091,1940,3661,5601,762,1346,2108,2466,319,2785,1380,197,1578,4572,700,5272,3990,303,4293,4318,695,5012,415,334,749,1183,657,1839,7080,47393,40017,87410,9288,-498,96201,0.0,0.0,0.0,0.0,0.0,0.0,0.0,0.0,0.0,0.0,0.0,0.0,0.0,0.0,0.0,0.0,0.0,0.0,0.0,0.0,0.0,0,0,0,0,0,0,0,0,0,0,0,0,0,0,0,0,0,0,0,0,0,8154,11099,14604,6237,13493,6437,7082,5087,8656,1956,9523,4179,5658,4452,10398,9939,8844,1504,3715,16407,159665,13851,-5024,168635,11.7,-2.0,5.2,-0.9,7.1,8.4,4.3,10.1,0.0,10.7,3.6,1.1,3.9,11.9,2.7,4.3,6.6,10.6,4.4,3.2,4.8,7.2,4.0,0.5,-0.1,0.4,0.0,0.6,0.3,0.2,0.3,0.0,0.1,0.2,0.0,0.1,0.3,0.2,0.3,0.3,0.1,0.1,0.3,0.6,-1.1,4.0,3844,4548,11182,2352,7383,4663,5444,2892,4924,2248,6212,1907,2942,1548,6208,4739,4813,988,1984,7864,88687,7016,498,96201,-1.1,4.3,10.4,1.5,0.4,4.2,4.4,9.4,1.4,19.1,5.7,6.0,9.0,14.1,7.2,9.2,4.4,15.6,3.2,5.4,5.8,3.5,5.5,21.5,17.7,15.2,15.0,21.2,16.3,18.5,19.9,17.6,9.8,13.9,13.7,11.4,13.1,17.7,17.8,16.6,17.5,17.1,17.0,14.9,16.4,0.0,0.0,0.0,0.0,0.0,0.0,0.0,0.0,0.0,0.0,0.0,0.0,0.0,0.0,0.0,0.0,0.0,0.0,0.0,0.0,0.0,0.0,0.0
Jun-1999,10395,24090,34050,10583,6902,2779,21697,3139,3928,4464,10806,1026,8016,4469,7982,15460,-2351,95542,129361,12357,3653,5218,3513,402,9383,5719,81,5817,1261,1798,17435,32651,1194,3779,5021,919,5688,6336,11087,43765,172398,29093,14053,7846,4223,-16585,4767,179242,6952,12956,19908,6864,2659,2782,11002,943,3633,2749,7618,1495,7643,1748,4692,9358,-1425,61761,81669,5809,1221,2994,1972,224,5190,7901,117,8019,667,1471,15347,22376,794,2269,3063,967,3448,4415,7478,29855,111524,15907,11486,5175,3643,-14289,-658,102529,1195,3037,4233,1676,3891,5567,7099,4477,11576,969,1464,2433,3451,3435,6886,4080,1842,5923,3665,1842,5507,2260,713,2974,2709,3695,6404,787,2559,3346,1904,3816,5719,814,1180,1994,2855,289,3143,1647,163,1810,4783,803,5586,4129,372,4501,4640,775,5415,447,357,803,1288,698,1986,7363,50399,42771,93170,10017,-658,102529,0.0,0.0,0.0,0.0,0.0,0.0,0.0,0.0,0.0,0.0,0.0,0.0,0.0,0.0,0.0,0.0,0.0,0.0,0.0,0.0,0.0,0,0,0,0,0,0,0,0,0,0,0,0,0,0,0,0,0,0,0,1,0,8815,14666,14916,6513,14143,6847,7435,5574,8673,2096,9809,4178,6162,4831,11704,10436,8911,1563,3901,16858,169522,14515,-4961,179242,8.1,32.1,2.1,4.4,4.8,6.4,5.0,9.6,0.2,7.2,3.0,0.0,8.9,8.5,12.6,5.0,0.8,4.0,5.0,2.7,6.2,4.8,6.3,0.4,2.1,0.2,0.2,0.4,0.2,0.2,0.3,0.0,0.1,0.2,0.0,0.3,0.2,0.8,0.3,0.0,0.0,0.1,0.3,0.4,0.0,6.3,4268,5630,11517,2459,7521,5322,5676,3098,5117,2391,6213,1805,3320,1760,6957,4765,5061,1053,2134,8212,94279,7591,658,102529,11.0,23.8,3.0,4.6,1.9,14.1,4.3,7.1,3.9,6.4,0.0,-5.3,12.9,13.6,12.1,0.5,5.2,6.5,7.5,4.4,6.3,8.2,6.6,22.5,22.1,15.5,15.3,20.2,17.7,18.3,19.4,17.0,9.8,13.0,13.4,11.5,13.0,18.9,16.8,16.3,17.8,17.2,16.9,15.4,16.5,0.0,0.0,0.0,0.0,0.0,0.0,0.0,0.0,0.0,0.0,0.0,0.0,0.0,0.0,0.0,0.0,0.0,0.0,0.0,0.0,0.0,0.0,0.0
Jun-2000,10323,25751,35495,11088,7103,2652,22555,3529,4277,4386,10542,1167,8337,4676,8571,16513,-3243,98565,133795,14284,4090,5126,4408,30,9823,6032,-97,5944,1266,1907,18013,34929,1305,3281,4653,1123,6840,7647,12108,47062,180203,30441,16110,7995,4445,-15962,5186,187308,7203,13665,20868,7266,2843,2600,11578,1064,3921,2979,7652,1624,7937,1884,5203,10209,-2013,64747,85615,6951,1340,2991,2546,17,5555,7965,-132,7832,745,1550,15682,23973,869,1959,2828,1149,4055,5204,8032,32005,117620,16769,13822,5360,3830,-13907,-451,107738,1259,3236,4495,1379,3801,5180,7029,4575,11604,1005,1245,2249,3947,4022,7969,4394,1879,6273,4223,1734,5957,2449,798,3247,2801,3765,6566,806,2642,3447,1846,3821,5667,882,1395,2276,3039,449,3488,1922,156,2079,4960,829,5789,4374,448,4822,4776,927,5702,452,506,959,1460,731,2190,7705,53001,44663,97664,10525,-451,107738,-0.1,0.0,-0.1,0.0,0.0,0.0,0.0,0.0,0.0,0.0,0.0,0.0,0.0,0.0,0.0,0.0,0.0,0.0,0.0,0.0,0.0,0,0,0,0,0,0,0,0,0,0,0,0,0,0,0,0,0,0,0,0,0,9126,17756,14722,6653,16020,7252,7903,5842,8921,2165,9796,4449,6247,5048,12534,10583,9116,1505,4078,17540,177764,14747,-5403,187308,3.5,21.1,-1.3,2.2,13.3,5.9,6.3,4.8,2.9,3.3,-0.1,6.5,1.4,4.5,7.1,1.4,2.3,-3.7,4.5,4.0,4.9,1.6,4.5,0.2,1.7,-0.1,0.1,1.0,0.2,0.3,0.1,0.1,0.0,0.0,0.2,0.0,0.1,0.5,0.1,0.1,0.0,0.1,0.4,0.1,-0.2,4.5,4556,5189,11623,2264,8891,5652,6065,3394,5177,2464,6312,2049,3648,2029,7408,5088,5383,1233,2364,8671,99462,7826,451,107738,6.7,-7.8,0.9,-7.9,18.2,6.2,6.9,9.6,1.2,3.1,1.6,13.5,9.9,15.3,6.5,6.8,6.4,17.1,10.8,5.6,5.5,3.1,5.1,22.1,18.5,15.2,13.8,21.3,17.8,18.7,19.8,16.7,9.8,12.2,13.5,11.4,13.0,19.7,17.2,15.8,17.9,17.7,16.7,14.9,16.3,0.0,0.0,0.0,0.0,0.0,0.0,0.0,0.0,0.0,0.0,0.0,0.0,0.0,0.0,0.0,0.0,0.0,0.0,0.0,0.0,0.0,0.0,0.0
Jun-2001,10947,24263,34892,11955,7221,2929,23367,3414,4582,4879,10944,1335,8802,4687,8779,16896,-2652,104025,138846,12091,3949,4911,3492,174,8813,5745,-369,5375,1424,2197,16874,31862,716,3084,3814,1296,6403,7526,11215,43095,181022,34592,15366,9024,4516,-17123,5132,192765,7980,13560,21539,8056,3200,3002,12259,1160,4297,3281,8258,1993,8664,2005,5779,10899,-1745,71108,92647,6308,1340,2902,2112,102,5116,7687,-497,7190,964,1859,15130,22779,466,1780,2246,1307,3909,5217,7463,30241,122888,21727,15022,6126,4277,-15753,-589,115100,1371,3619,4989,1463,5662,7125,7441,4746,12187,1123,1514,2637,3885,2844,6729,4701,1862,6563,4441,1865,6306,2645,818,3463,3021,3812,6833,860,2834,3695,1951,4110,6062,955,1484,2439,3435,470,3904,2230,178,2407,5246,906,6152,4749,529,5277,5261,933,6194,486,517,1004,1541,744,2285,7558,56805,47006,103811,11878,-589,115100,0.0,0.0,0.0,0.0,0.0,0.0,0.0,0.0,0.0,0.0,0.0,0.0,0.0,0.0,0.0,0.0,0.0,0.0,0.0,0.0,0.0,0,0,0,0,0,0,0,0,0,0,0,0,0,0,0,0,0,0,0,-1,0,9506,20782,15934,6991,14569,7667,8345,5933,9095,2264,10214,4298,6855,5128,11215,10995,9525,1539,4374,18275,183270,14603,-5343,192765,4.2,17.0,8.2,5.1,-9.1,5.7,5.6,1.6,1.9,4.6,4.3,-3.4,9.7,1.6,-10.5,3.9,4.5,2.3,7.3,4.2,3.1,-1.0,2.9,0.2,1.6,0.6,0.2,-0.8,0.2,0.2,0.0,0.1,0.1,0.2,-0.1,0.3,0.0,-0.7,0.2,0.2,0.0,0.2,0.4,-0.1,0.0,2.9,5065,6907,12117,2690,8362,5960,6431,3628,5255,2634,6889,2183,4081,2341,6853,5529,5745,1282,2459,8938,105348,9164,589,115100,11.2,33.1,4.2,18.8,-5.9,5.4,6.0,6.9,1.5,6.9,9.1,6.5,11.9,15.4,-7.5,8.7,6.7,4.0,4.0,3.1,5.9,17.1,6.8,20.5,19.5,15.6,15.2,23.0,18.3,19.0,20.0,16.3,9.9,12.5,13.4,11.1,13.0,17.2,17.2,15.8,17.8,17.7,16.6,15.0,16.3,0.0,0.0,0.0,0.0,0.0,0.0,0.0,0.0,0.0,0.0,0.0,0.0,0.0,0.0,0.0,0.0,0.0,0.0,0.0,0.0,0.0,0.0,0.0
Jun-2002,12150,24787,36787,11940,7021,3170,24262,3545,4865,5295,11380,1439,9143,5006,8280,17436,-3239,106656,143294,15869,5627,4508,3753,512,9016,6647,-440,6205,1511,2415,18516,37475,835,2318,3195,1276,6307,7412,10549,48183,190654,34811,16083,8713,4107,-12969,4823,205841,8850,14332,23183,8518,3238,3227,13094,1247,4663,3725,8531,2159,9055,2204,5636,11736,-2193,74841,98024,8342,2109,2659,2337,294,5289,8906,-589,8317,1127,2077,16810,27261,587,1475,2062,1298,3907,5205,7267,34528,132551,23315,15446,6051,4023,-13629,-1259,127559,1446,4536,5982,1569,6726,8295,7947,5061,13008,1326,2173,3499,4436,3649,8085,5120,2360,7480,4760,2196,6956,2910,749,3659,3236,4070,7306,861,2864,3725,1940,4436,6376,1042,1792,2834,3527,657,4183,2559,258,2818,6204,1072,7276,5055,646,5701,5819,1053,6872,522,535,1057,1725,860,2585,8179,62005,53872,115877,12941,-1259,127559,0.0,0.0,0.0,0.0,0.0,0.0,0.0,0.0,0.0,0.0,0.0,0.0,0.0,0.0,0.0,0.0,0.0,0.0,0.0,0.0,0.0,0,0,0,0,0,0,0,0,0,0,0,0,0,0,0,0,0,0,0,0,0,9300,21583,17619,7565,15388,8396,8883,5971,9928,2261,10770,4911,7784,5765,12716,11351,10268,1577,4500,18608,195360,15260,-5003,205841,-2.2,3.9,10.6,8.2,5.6,9.5,6.4,0.7,9.2,-0.1,5.4,14.3,13.6,12.4,13.4,3.2,7.8,2.5,2.9,1.8,6.6,4.5,6.8,-0.1,0.4,0.9,0.3,0.4,0.4,0.3,0.0,0.4,0.0,0.3,0.3,0.5,0.3,0.8,0.2,0.4,0.0,0.1,0.2,0.3,0.2,6.8,6088,8418,12808,3299,9101,6785,7046,3806,5971,2672,7058,2524,4323,2717,7998,5755,6278,1337,2763,9492,116239,10061,1259,127559,20.2,21.9,5.7,22.6,8.8,13.8,9.6,4.9,13.6,1.4,2.5,15.6,5.9,16.0,16.7,4.1,9.3,4.3,12.4,6.2,10.3,9.8,10.8,20.4,23.0,16.1,17.3,21.2,19.1,19.0,20.7,17.4,9.6,12.4,14.3,11.1,13.5,18.6,17.0,16.1,18.0,18.2,16.6,15.8,16.9,0.0,0.0,0.0,0.0,0.0,0.0,0.0,0.0,0.0,0.0,0.0,0.0,0.0,0.0,0.0,0.0,0.0,0.0,0.0,0.0,0.0,0.0,0.0
Jun-2003,12723,25737,38322,11961,7364,3630,25408,3494,5142,5675,12297,1568,10169,4851,9182,17840,-3541,112762,150971,19010,6158,4672,5192,243,10445,8692,-443,8246,898,2725,22243,44670,738,3289,4046,1515,5193,6774,10696,55627,205880,35799,19255,9002,4390,-19605,5072,212503,9411,15281,24692,8848,3512,3700,14377,1269,4919,4306,9529,2448,9954,2336,6444,12363,-2469,81535,106227,10613,2839,2938,3382,148,6468,11225,-566,10658,653,2321,20100,33553,510,2075,2585,1465,3198,4663,7248,40801,147028,21706,17950,6445,4272,-17914,-293,134751,1296,3470,4765,1621,5831,7452,8300,5412,13713,1262,2322,3583,5063,3791,8855,5307,2930,8237,5066,2291,7357,2591,826,3417,3462,4947,8409,1120,3028,4148,1866,4444,6311,1043,2278,3321,3715,978,4693,3069,288,3357,6023,1003,7026,5156,624,5780,6236,1036,7272,590,549,1139,1811,1017,2828,8556,64598,55621,120219,14824,-293,134751,0.0,0.0,0.0,0.0,0.0,0.0,0.0,0.0,0.0,0.0,0.0,0.0,0.0,0.0,0.0,0.0,0.0,0.0,0.0,0.0,0.0,0,0,0,0,0,0,0,0,0,0,0,0,0,0,0,0,0,0,0,0,0,8065,21562,18207,7725,17391,8802,9395,6288,10842,2483,11135,5627,8275,6091,11468,11656,10507,1692,4888,19130,201690,15838,-5265,212503,-13.3,-0.1,3.3,2.1,13.0,4.8,5.8,5.3,9.2,9.8,3.4,14.6,6.3,5.7,-9.8,2.7,2.3,7.3,8.6,2.8,3.2,3.8,3.2,-0.6,0.0,0.3,0.1,1.0,0.2,0.2,0.2,0.4,0.1,0.2,0.3,0.2,0.2,-0.6,0.1,0.1,0.1,0.2,0.3,0.3,-0.1,3.2,4846,7792,13952,3855,10178,7597,7522,3742,6690,2890,7355,3082,4878,3194,7600,6337,6613,1454,3110,10206,122892,11566,293,134751,-20.4,-7.4,8.9,16.8,11.8,12.0,6.8,-1.7,12.0,8.2,4.2,22.1,12.8,17.6,-5.0,10.1,5.3,8.7,12.5,7.5,5.7,15.0,5.6,20.9,21.3,16.0,19.0,20.8,19.1,19.2,19.9,18.0,9.9,12.4,15.2,11.6,14.2,17.0,17.5,15.8,18.5,19.0,17.0,16.5,16.8,0.0,0.0,0.0,0.0,0.0,0.0,0.0,0.0,0.0,0.0,0.0,0.0,0.0,0.0,0.0,0.0,0.0,0.0,0.0,0.0,0.0,0.0,0.0
Jun-2004,13665,26868,40444,12855,7740,3974,26650,3964,5556,6076,13522,1656,11512,5068,10680,19201,-2735,123587,164038,19062,6674,5470,4651,-36,10411,10164,-244,9914,1598,2977,25404,48829,778,2322,3134,1538,5859,7404,10476,59683,222920,36124,22247,9301,5477,-18515,3832,225939,10282,16418,26700,9710,3810,4081,15964,1501,5227,4690,10493,2624,11005,2510,7810,13367,-1952,90839,117539,11813,3849,3765,3164,-22,6907,11926,-277,11648,1258,2513,22326,37988,538,1457,1995,1391,3695,5086,7080,45068,162608,20392,18698,6745,4826,-16880,-762,148579,1364,3965,5329,1687,5623,7310,8999,6204,15203,1449,2488,3937,6166,4153,10319,5512,3395,8908,5703,2630,8333,2535,1142,3677,3817,5040,8856,1158,3161,4319,2177,4823,6999,1272,2145,3417,4136,1360,5495,3638,313,3951,7021,1120,8141,5354,673,6027,6890,1223,8113,704,676,1380,1972,1201,3174,9451,71553,60787,132340,17001,-762,148579,0.0,0.0,0.0,0.0,0.0,0.0,0.0,0.0,0.0,0.0,0.0,0.0,0.0,0.0,0.0,0.0,0.0,0.0,0.0,0.0,0.0,0,0,0,0,0,0,0,0,0,0,0,0,0,0,0,0,0,0,0,0,0,8900,22080,18617,7714,17848,9323,10440,6507,11718,2524,12113,6203,9397,6458,12190,11977,10879,1870,5165,19923,212727,16880,-3952,225939,10.3,2.4,2.3,-0.1,2.6,5.9,11.1,3.5,8.1,1.7,8.8,10.2,13.6,6.0,6.3,2.8,3.5,10.5,5.7,4.1,5.5,6.6,6.3,0.4,0.2,0.2,0.0,0.2,0.2,0.5,0.1,0.4,0.0,0.5,0.3,0.5,0.2,0.3,0.2,0.2,0.1,0.1,0.4,0.5,0.6,6.3,5425,7365,15217,4114,11285,8187,8438,4089,7585,3026,7877,3334,5834,3823,8540,6681,7214,1652,3475,11305,134465,13352,762,148579,11.9,-5.5,9.1,6.7,10.9,7.8,12.2,9.3,13.4,4.7,7.1,8.2,19.6,19.7,12.4,5.4,9.1,13.7,11.7,10.8,9.4,15.4,10.3,20.6,21.4,16.2,19.2,19.9,19.3,20.2,19.8,18.8,9.8,12.6,16.7,12.7,15.1,17.7,17.6,15.7,19.2,19.3,17.6,17.8,17.3,0.0,0.0,0.0,0.0,0.0,0.0,0.0,0.0,0.0,0.0,0.0,0.0,0.0,0.0,0.0,0.0,0.0,0.0,0.0,0.0,0.0,0.0,0.0
Jun-2005,14305,27647,41896,13032,7981,4391,27912,3888,5956,6529,14655,1807,12639,5144,10583,20794,-3268,130422,172387,19997,5227,5874,5544,-136,11654,11837,-606,11234,1411,3218,28172,51627,967,4033,5027,1712,6905,8592,13466,65243,236877,38653,26008,9552,6403,-18179,3726,238219,11135,17680,28816,9905,4004,4438,17750,1515,5530,5219,11519,2913,11949,2759,7968,14528,-2388,97610,126425,13253,3398,4499,3896,-92,8303,13488,-666,12822,1193,2751,25070,41721,686,2702,3389,1543,4560,6103,9492,51212,177638,26774,22648,7097,5687,-17296,-1147,164729,1344,4583,5928,1840,8599,10439,9884,6840,16724,1701,2470,4171,7585,4316,11901,5848,3452,9300,6192,2606,8797,2895,1132,4027,4209,6091,10300,1361,3408,4769,2637,5402,8039,1788,2186,3974,5124,1290,6414,3919,427,4346,7461,1117,8577,5905,652,6558,7296,1377,8674,665,752,1417,2181,1192,3372,10694,79833,68589,148422,17454,-1147,164729,0.0,0.0,0.0,0.0,0.0,0.0,0.0,0.0,0.0,0.0,0.0,0.0,0.0,0.0,0.0,0.0,0.0,0.0,0.0,0.0,0.0,0,0,0,0,0,0,0,0,0,0,0,0,0,0,0,0,0,0,0,0,0,9695,23175,19073,7651,19611,9747,11087,6767,12472,2706,13149,6678,10080,6991,12905,12452,11385,1990,5174,21120,224798,17123,-3839,238219,8.9,5.0,2.4,-0.8,9.9,4.6,6.2,4.0,6.4,7.2,8.5,7.7,7.3,8.3,5.9,4.0,4.7,6.4,0.2,6.0,5.7,1.4,5.4,0.4,0.5,0.2,0.0,0.8,0.2,0.3,0.1,0.3,0.1,0.5,0.2,0.3,0.2,0.3,0.2,0.2,0.1,0.0,0.5,0.1,0.1,5.4,6030,11182,15860,4324,13095,8619,8949,4321,8381,3337,8859,3896,6843,4361,9129,7193,7768,1737,3707,12616,150208,13374,1147,164729,11.2,51.8,4.2,5.1,16.0,5.3,6.1,5.7,10.5,10.3,12.5,16.8,17.3,14.1,6.9,7.7,7.7,5.1,6.7,11.6,11.7,0.2,10.9,22.7,24.1,16.6,18.8,21.0,19.5,20.4,19.6,18.8,10.2,13.0,17.8,13.6,15.7,18.0,17.5,15.8,19.3,19.7,18.2,17.8,17.9,0.0,0.0,0.0,0.0,0.0,0.0,0.0,0.0,0.0,0.0,0.0,0.0,0.0,0.0,0.0,0.0,0.0,0.0,0.0,0.0,0.0,0.0,0.0
Jun-2006,14469,29687,43978,13222,8182,4853,29051,4112,6069,6815,14655,1961,13312,5441,11490,22309,-2492,137384,181445,20018,5242,7387,7008,-369,14501,14024,-660,13365,1611,3549,33694,57737,1206,5449,6686,1842,6562,8438,14897,72818,253664,38901,28024,9902,6803,-20852,3710,250498,11573,19987,31560,10541,4230,4818,19886,1684,5575,5537,12249,3162,12512,3086,8909,16015,-1875,106329,137889,13718,3636,6056,5007,-278,10785,15866,-710,15155,1407,3149,30498,47852,847,3862,4709,1769,4993,6762,11470,59322,197211,35810,26076,7553,6169,-20013,-1523,186793,1396,4437,5832,2730,15100,17830,10404,7720,18125,2060,2486,4547,8916,4417,13333,6035,3568,9603,6653,2758,9410,3065,1513,4578,5096,6142,11237,1343,3285,4628,3005,6311,9315,2449,2145,4595,5850,1622,7473,4372,539,4912,8254,1202,9456,6432,668,7100,8580,1554,10134,775,743,1518,2392,1161,3553,12120,89808,79493,169301,19015,-1523,186793,0.0,0.0,0.0,0.0,0.0,0.0,0.0,0.0,0.0,0.0,0.0,0.0,0.0,0.0,0.0,0.0,0.0,0.0,0.0,0.0,0.0,0,0,0,0,0,0,0,0,0,0,0,0,0,0,0,0,0,0,0,0,0,9232,22517,20057,8214,21697,10208,11325,7180,12981,2807,14200,7536,11168,7795,13396,12670,12775,2067,5363,21954,236510,17711,-3818,250498,-4.8,-2.8,5.2,7.4,10.6,4.7,2.1,6.1,4.1,3.7,8.0,12.9,10.8,11.5,3.8,1.7,12.2,3.9,3.7,3.9,5.2,3.4,5.2,-0.2,-0.3,0.4,0.2,0.9,0.2,0.1,0.2,0.2,0.0,0.4,0.4,0.5,0.3,0.2,0.1,0.6,0.0,0.1,0.3,0.2,0.0,5.2,5945,17934,17371,4789,14711,9074,9458,4732,8924,3355,10089,4493,8086,4920,10035,7937,9131,1803,3946,14191,170922,14347,1523,186793,-1.4,60.4,9.5,10.7,12.3,5.3,5.7,9.5,6.5,0.5,13.9,15.3,18.2,12.8,9.9,10.3,17.5,3.8,6.5,12.5,13.8,7.3,13.4,21.9,27.3,17.6,20.0,22.0,19.8,20.6,20.3,19.1,10.2,13.4,19.3,14.6,16.4,18.4,17.9,16.9,19.7,20.5,19.0,18.2,18.7,0.0,0.0,0.0,0.0,0.0,0.0,0.0,0.0,0.0,0.0,0.0,0.0,0.0,0.0,0.0,0.0,0.0,0.0,0.0,0.0,0.0,0.0,0.0
Jun-2007,15230,31845,46850,13530,8504,4891,30099,4242,6673,7486,16043,2053,14330,5943,11534,24732,-2762,145706,192633,20729,5702,8482,8981,-291,17682,16040,-888,15161,1272,4050,38721,64200,638,7883,8569,2049,8253,10292,18550,82846,275107,39460,30987,10856,7535,-23545,3977,267333,12947,22503,35450,11600,4611,4897,22103,1806,6219,6429,13970,3333,13463,3464,9295,18078,-2135,117133,152583,14689,4415,7378,6865,-236,14007,17724,-941,16783,1096,3721,35607,54711,464,6144,6608,1963,6431,8394,15002,69713,222296,36025,28728,8505,6877,-21594,-2058,207571,1515,4073,5588,2876,15182,18058,11386,8558,19944,1900,3370,5269,11413,4834,16248,7056,3541,10597,7140,3471,10611,3452,1439,4892,5458,6438,11896,1561,3281,4842,3908,7105,11013,2890,2719,5608,6698,2282,8979,5261,770,6031,8808,1664,10472,6807,990,7796,9963,1841,11804,707,736,1444,2572,1187,3760,13969,101370,87450,188820,20808,-2058,207571,0.0,0.0,0.0,0.0,0.0,0.0,0.0,0.0,0.0,0.0,0.0,0.0,0.0,0.0,0.0,0.0,0.0,0.0,0.0,0.0,0.0,0,0,0,0,0,0,0,0,0,0,0,0,0,0,0,0,0,0,0,0,0,8335,24762,21328,9029,24649,10688,12204,7649,13516,3017,16178,7898,12540,8617,13935,13255,13856,2201,5305,22441,253030,18359,-4094,267333,-9.7,10.0,6.3,9.9,13.6,4.7,7.8,6.5,4.1,7.5,13.9,4.8,12.3,10.5,4.0,4.6,8.5,6.5,-1.1,2.2,7.0,3.7,6.7,-0.4,0.9,0.5,0.3,1.2,0.2,0.4,0.2,0.2,0.1,0.8,0.1,0.5,0.3,0.2,0.2,0.4,0.1,0.0,0.2,0.3,-0.1,6.7,5713,18053,18455,5397,18043,9834,10563,5238,10110,3596,11771,5521,9969,6056,10478,8720,10594,1800,3999,16042,189953,15560,2058,207571,-3.9,0.7,6.2,12.7,22.7,8.4,11.7,10.7,13.3,7.2,16.7,22.9,23.3,23.1,4.4,9.9,16.0,-0.2,1.3,13.0,11.1,8.5,11.1,23.9,23.5,18.3,21.7,23.7,20.2,20.7,21.0,18.6,10.3,13.9,21.1,15.7,17.4,18.3,18.5,17.7,19.4,19.8,19.5,18.4,19.1,0.0,0.0,0.0,0.0,0.0,0.0,0.0,0.0,0.0,0.0,0.0,0.0,0.0,0.0,0.0,0.0,0.0,0.0,0.0,0.0,0.0,0.0,0.0
Jun-2008,15839,33268,48863,14646,8578,4640,31041,4401,7348,8346,17609,2167,15682,6203,11703,26338,-2129,155212,204203,20596,5624,9372,9497,-118,19335,18675,-554,18111,1261,4535,44171,69899,298,9581,9964,2185,9050,11214,20809,90788,294721,41130,35625,11605,8792,-26807,3506,279738,13995,24749,38744,12856,4845,4764,24501,2089,6896,7296,16220,3573,14833,3785,9782,19486,-1706,129220,167963,15671,4848,8467,7552,-96,15923,19487,-560,18927,1220,4349,40419,60938,225,7723,7949,2078,7967,10046,17995,78932,246896,36069,33928,9342,7840,-24812,-2202,223526,1551,3272,4823,3151,15674,18825,11674,9702,21376,2146,3210,5356,12891,5091,17982,7890,3776,11667,7697,3736,11433,4010,1541,5551,6099,5530,11628,1852,3442,5294,3897,7399,11297,2918,3600,6518,8028,2232,10260,6072,789,6862,9038,2163,11202,7214,1229,8443,11384,2040,13424,853,733,1586,2747,1213,3960,15893,111115,92265,203380,22348,-2202,223526,0.0,0.0,0.0,0.0,0.0,0.0,0.0,0.0,0.0,0.0,0.0,0.0,0.0,0.0,0.0,0.0,0.0,0.0,0.0,0.0,0.0,0,0,0,0,0,0,0,0,0,0,0,0,0,0,0,0,0,0,0,0,0,8807,26903,21971,8710,26975,11136,13026,7870,14300,3319,16466,7891,13099,9015,14246,13542,14762,2168,5470,23002,264642,18710,-3594,279738,5.7,8.6,3.0,-3.5,9.4,4.2,6.7,2.9,5.8,10.0,1.8,-0.1,4.5,4.6,2.2,2.2,6.5,-1.5,3.1,2.5,4.6,1.9,4.6,0.2,0.8,0.2,-0.1,0.9,0.2,0.3,0.1,0.3,0.1,0.1,0.0,0.2,0.1,0.1,0.1,0.3,0.0,0.1,0.2,0.1,0.2,4.6,4962,18727,19812,5575,20101,10909,11587,5795,10620,3999,12279,6350,11302,6561,10909,9086,12026,1896,4250,18017,204762,16562,2202,223526,-13.1,3.7,7.4,3.3,11.4,10.9,9.7,10.6,5.0,11.2,4.3,15.0,13.4,8.3,4.1,4.2,13.5,5.4,6.3,12.3,7.8,6.4,7.7,18.0,22.4,18.3,21.1,24.2,20.4,20.8,21.6,18.3,10.7,13.4,21.8,15.9,17.1,18.6,18.3,18.1,18.9,20.0,19.7,18.6,19.0,0.0,0.0,0.0,0.0,0.0,0.0,0.0,0.0,0.0,0.0,0.0,0.0,0.0,0.0,0.0,0.0,0.0,0.0,0.0,0.0,0.0,0.0,0.0
Jun-2009,16678,34642,51087,15352,8667,4813,32036,4435,7469,9229,16365,2267,16175,6558,10904,25447,-2348,156094,207240,18608,3894,9023,14146,-496,23068,18245,-706,17535,1271,4599,46949,69370,305,9298,9685,2287,10715,12958,22358,91799,298751,42878,34729,12148,8876,-29418,2880,283635,15309,27047,42356,14012,5129,4873,27233,2174,7085,8135,14572,3647,15615,4307,9147,20503,-1940,134492,176849,14834,3231,8328,12162,-424,20065,19446,-745,18701,1055,4538,44359,62424,253,8044,8297,2299,9970,12268,20566,82989,259838,57399,36290,10097,8542,-29454,-3545,249503,1534,4580,6114,3789,29233,33023,11936,8459,20395,2086,3572,5658,13389,6487,19876,7888,3623,11511,7661,3900,11561,4406,1701,6107,6314,5686,12000,1860,3507,5367,4046,9278,13325,2892,3266,6158,9736,3028,12764,5741,939,6680,9805,2540,12345,8097,1445,9542,12317,2390,14706,684,853,1537,3028,1381,4408,18474,117210,114342,231551,21496,-3545,249503,0.0,0.0,0.0,0.0,0.0,0.0,0.0,0.0,0.0,0.0,0.0,0.0,0.0,0.0,0.0,0.0,0.0,0.0,0.0,0.0,0.0,0,0,0,0,0,0,0,0,0,0,0,0,0,0,0,0,0,0,0,0,0,10488,26442,20518,9502,27800,11076,12546,7623,14367,3390,16953,7794,13298,8628,14563,14105,15927,2302,5886,23746,268096,18552,-2938,283635,19.1,-1.7,-6.6,9.1,3.1,-0.5,-3.7,-3.1,0.5,2.2,3.0,-1.2,1.5,-4.3,2.2,4.2,7.9,6.2,7.6,3.2,1.3,-0.8,1.4,0.6,-0.2,-0.5,0.3,0.3,0.0,-0.2,-0.1,0.0,0.0,0.2,0.0,0.1,-0.1,0.1,0.2,0.4,0.0,0.1,0.3,-0.1,0.2,1.4,6324,34134,18995,6089,21871,10758,11698,6087,11087,4153,14074,6037,11929,6520,11465,9868,13085,1914,4820,20090,230997,14961,3545,249503,27.5,82.3,-4.1,9.2,8.8,-1.4,1.0,5.0,4.4,3.9,14.6,-4.9,5.5,-0.6,5.1,8.6,8.8,0.9,13.4,11.5,12.8,-9.7,11.6,21.9,29.7,17.9,22.0,24.0,20.1,20.1,21.2,18.8,10.7,13.8,20.5,15.4,17.5,18.0,18.1,18.4,18.5,20.9,19.9,18.1,19.8,0.0,0.0,0.0,0.0,0.0,0.0,0.0,0.0,0.0,0.0,0.0,0.0,0.0,0.0,0.0,0.0,0.0,0.0,0.0,0.0,0.0,0.0,0.0
Jun-2010,17023,35352,52138,15736,8756,5073,33013,4729,7188,9815,17020,2319,16440,7033,11073,25714,-2781,159718,211921,18007,4331,6966,12384,-733,18910,15016,-950,14066,1043,4940,39362,61274,391,7498,7950,3026,13276,16259,24140,85554,296852,47909,36623,11160,9589,-25036,2986,287659,16006,28691,44697,14482,5388,5198,28924,2579,7067,8838,15477,3733,16089,4914,9471,21224,-2352,141031,185729,14477,3291,5985,10875,-616,16244,15185,-978,14206,924,4883,36258,54027,325,6428,6753,2944,11981,14925,21678,75704,261433,44406,34289,9713,8342,-26768,-1762,244391,1440,5090,6529,3718,14297,18015,11998,7937,19936,2392,3679,6071,12745,7204,19949,7840,3817,11657,7893,3951,11844,4634,1617,6251,6530,6029,12559,1767,3773,5540,4145,9096,13241,2686,3633,6319,9595,2797,12392,6262,931,7193,10621,2445,13066,8531,1456,9987,13538,2809,16347,736,877,1613,3215,1429,4644,19276,120287,102142,222429,23724,-1762,244391,0.0,0.0,0.0,0.0,0.0,0.0,0.0,0.0,0.0,0.0,0.0,0.0,0.0,0.0,0.0,0.0,0.0,0.0,0.0,0.0,0.0,0,0,0,0,0,0,0,0,0,0,0,0,0,0,0,0,0,0,0,1,0,10412,27051,20700,9461,26978,11007,12846,7744,14718,3478,16413,7650,15148,8481,15118,14441,17070,2235,5949,23971,272404,18349,-3049,287659,-0.7,2.3,0.9,-0.4,-3.0,-0.6,2.4,1.6,2.4,2.6,-3.2,-1.8,13.9,-1.7,3.8,2.4,7.2,-2.9,1.1,1.0,1.6,-1.1,1.4,0.0,0.2,0.1,0.0,-0.3,0.0,0.1,0.0,0.1,0.0,-0.2,-0.1,0.7,-0.1,0.2,0.1,0.4,0.0,0.0,0.1,-0.1,0.0,1.4,6730,19019,18595,6582,22430,10844,12090,6653,11619,4444,13875,6199,13839,7048,12603,10693,14770,1952,5097,21109,226191,16438,1762,244391,6.4,-44.3,-2.1,8.1,2.6,0.8,3.3,9.3,4.8,7.0,-1.4,2.7,16.0,8.1,9.9,8.4,12.9,2.0,5.7,5.1,-2.1,9.9,-2.0,23.5,19.9,17.9,21.8,23.0,19.4,20.3,21.8,19.1,10.7,13.3,20.0,16.6,17.4,18.6,18.2,18.8,17.9,21.1,19.7,18.3,18.8,0.0,0.0,0.0,0.0,0.0,0.0,0.0,0.0,0.0,0.0,0.0,0.0,0.0,0.0,0.0,0.0,0.0,0.0,0.0,0.0,0.0,0.0,0.0
Jun-2011,17994,38025,55733,16584,8666,5280,33999,4591,7471,10425,18107,2495,16540,7376,11751,26289,-2538,165859,221625,16078,3165,7039,19251,-642,26093,16019,-925,15097,1513,5387,48122,67661,384,6934,7374,3051,11887,14920,22227,89977,310954,45449,39759,11144,11135,-29309,2261,289605,17518,32558,50077,15576,5881,5302,30227,2824,7375,9388,16850,3845,15997,5392,10170,22031,-2211,148646,198723,13116,2628,6068,17410,-547,22931,15478,-905,14573,1470,5352,44326,60069,332,6071,6403,2882,10756,13637,20041,80110,278833,50367,37258,9896,9082,-30458,-2083,260215,1511,5091,6601,4134,19260,23394,12640,7708,20348,2559,3932,6491,14836,6131,20968,8293,3767,12060,8551,3990,12541,4777,1531,6308,7179,6152,13330,1852,3539,5391,4209,9267,13476,2910,3650,6560,10293,2982,13276,6850,1344,8194,11769,2690,14459,9389,1558,10947,14932,2782,17714,758,832,1590,3224,1430,4654,19548,130665,107183,237848,24451,-2083,260215,0.0,0.0,0.0,0.0,0.0,0.0,0.0,0.0,0.0,0.0,0.0,0.0,0.0,0.0,0.0,0.0,0.0,0.0,0.0,0.0,0.0,0,0,0,0,0,0,0,0,0,0,0,0,0,0,0,0,0,0,0,1,1,10609,24183,20851,9814,26990,10646,13184,7871,14498,3649,15962,7499,15821,8917,16226,14456,17409,2245,5604,24724,273243,18683,-2297,289605,1.9,-10.6,0.7,3.7,0.0,-3.3,2.6,1.6,-1.5,4.9,-2.8,-2.0,4.4,5.1,7.3,0.1,2.0,0.5,-5.8,3.1,0.3,1.8,0.7,0.1,-1.0,0.1,0.1,0.0,-0.1,0.1,0.0,-0.1,0.1,-0.2,-0.1,0.2,0.2,0.4,0.0,0.1,0.0,-0.1,0.3,0.1,0.3,0.7,6818,23238,18803,7527,23354,11150,12944,7064,12014,4509,14133,6364,14513,7874,14117,12055,16418,1978,5032,21647,241551,16581,2083,260215,1.3,22.2,1.1,14.4,4.1,2.8,7.1,6.2,3.4,1.5,1.9,2.7,4.9,11.7,12.0,12.7,11.2,1.3,-1.3,2.5,6.8,0.9,6.5,21.1,17.7,18.1,22.2,22.3,18.8,20.4,21.6,18.4,10.9,12.7,19.4,16.1,17.2,19.4,18.8,18.8,17.4,19.7,19.1,17.9,18.4,0.0,0.0,0.0,0.0,0.0,0.0,0.0,0.0,0.0,0.0,0.0,0.0,0.0,0.0,-0.1,0.0,0.0,0.0,0.0,0.0,0.0,0.0,0.0
Jun-2012,19234,38808,57823,17655,8671,5491,34940,3911,7724,11195,18764,2603,17637,7741,11811,26413,-2004,171785,229642,15393,3687,7095,36243,-420,43849,19203,-1005,18202,1165,6056,68672,88842,573,5344,5960,3519,12717,16225,22188,111058,339902,47952,49365,10403,12064,-33591,2407,305645,19142,34474,53615,16758,6095,5568,31566,2700,7648,10131,17943,3919,16902,6002,10575,22727,-1785,156749,210364,12512,2759,6088,32780,-366,38502,18173,-949,17224,1148,6129,63002,78274,514,4867,5381,3243,11609,14852,20233,98507,308871,53869,47723,9467,9741,-34989,-1003,278750,1667,5848,7514,5207,17762,22969,13432,7563,20995,2212,5159,7371,15413,8631,24044,9243,4018,13261,8820,4389,13209,4602,1749,6350,8271,6102,14373,1871,3545,5416,4771,9776,14548,2860,4708,7569,10155,3979,14135,7245,1089,8334,12882,2831,15713,10376,1835,12211,15975,3020,18995,810,955,1765,3770,1598,5368,20285,139582,114842,254425,25329,-1003,278750,0.0,0.0,0.0,0.0,1.5,0.0,0.0,0.0,0.0,0.0,0.1,0.0,0.0,0.0,0.0,0.0,0.0,0.0,0.0,0.0,0.0,0,0,0,0,0,-1,0,0,0,0,0,0,0,0,0,0,-1,0,0,1,-1,11038,25500,21655,9546,32708,11427,13516,8120,15133,3661,17864,8159,16794,8529,16927,14703,18106,2293,6057,25132,289066,19054,-2446,305645,4.0,5.4,3.9,-2.7,21.2,7.3,2.5,3.2,4.4,0.3,11.9,8.8,6.2,-4.3,4.3,1.7,4.0,2.1,8.1,1.6,5.8,2.0,5.5,0.1,0.5,0.3,-0.1,2.0,0.3,0.1,0.1,0.2,0.0,0.7,0.2,0.3,-0.1,0.2,0.1,0.2,0.0,0.2,0.1,0.1,-0.1,5.5,7774,22999,19590,8171,28216,11891,13772,7520,13175,4534,15851,7376,16126,7908,15214,13043,17374,2096,5767,22596,260992,16756,1003,278750,14.0,-1.0,4.2,8.6,20.8,6.6,6.4,6.5,9.7,0.5,12.2,15.9,11.1,0.4,7.8,8.2,5.8,6.0,14.6,4.4,8.0,1.1,7.1,23.0,17.2,18.6,21.4,24.2,19.0,20.2,21.6,18.4,10.8,13.5,19.5,16.3,16.5,19.7,19.3,19.1,17.4,20.4,18.6,18.1,18.6,-0.1,0.0,0.1,0.0,0.0,0.0,0.0,0.0,0.0,0.0,0.0,0.2,0.2,0.0,0.0,0.0,0.0,0.0,0.0,0.0,0.0,0.0,0.0
Jun-2013,19169,38065,57041,17995,8530,5554,35736,3698,8216,12342,19374,2590,17598,8046,11996,26768,-2105,175653,232703,14353,3622,8054,38913,-593,47364,20014,-1063,18955,1161,5941,72681,92002,902,4726,5663,2961,11650,14599,20261,112216,344118,49832,49145,10431,14010,-29122,1925,314029,19189,34338,53527,17310,6286,5669,32937,2897,8035,11423,18467,4069,17026,6638,11053,23962,-1917,163856,217383,12058,2671,6881,36130,-526,42485,18677,-997,17681,1105,6082,67352,82081,812,4427,5239,2717,10779,13496,18734,100815,318198,45720,47225,9680,11466,-31487,-1277,282144,1690,5640,7330,5677,11611,17288,13060,7143,20202,2059,5839,7898,17263,9343,26606,9358,4048,13405,8777,4744,13521,4570,2012,6583,8878,6487,15365,1989,3682,5671,5020,10510,15530,2971,5330,8301,10019,5397,15417,7201,765,7966,13281,2422,15703,10863,1603,12466,16500,3020,19520,780,955,1735,3869,1376,5244,21140,143825,113067,256892,26529,-1277,282144,0.0,0.0,0.0,0.0,-2.4,0.0,0.0,0.0,0.0,0.0,0.0,0.0,0.0,0.0,-0.1,-0.1,0.0,0.0,0.0,0.0,-0.1,0,0,-1,0,0,-1,0,0,0,0,0,0,0,0,0,0,-1,0,-1,-1,-3,10528,29147,21783,9566,33844,11714,13714,8196,15758,3687,18744,8575,17266,8423,16255,14816,18531,2245,6035,25474,296653,19353,-1952,314029,-4.6,14.3,0.6,0.2,3.5,2.5,1.5,0.9,4.1,0.7,4.9,5.1,2.8,-1.2,-4.0,0.8,2.3,-2.1,-0.4,1.4,2.6,1.6,2.7,-0.2,1.2,0.0,0.0,0.4,0.1,0.1,0.0,0.2,0.0,0.3,0.1,0.2,0.0,-0.2,0.0,0.1,0.0,0.0,0.1,0.1,0.2,2.7,7569,17771,19620,9238,29921,12119,13900,7874,13982,4593,16838,7871,16801,7810,14892,13718,18004,2060,5848,23640,264069,16798,1277,282144,-2.6,-22.7,0.2,13.1,6.0,1.9,0.9,4.7,6.1,1.3,6.2,6.7,4.2,-1.2,-2.1,5.2,3.6,-1.7,1.4,4.6,1.2,0.3,1.2,21.6,15.1,19.4,21.3,24.2,18.7,19.9,21.8,18.6,10.8,13.7,19.3,16.1,16.4,18.7,19.3,18.7,17.0,21.0,18.4,17.4,18.4,0.0,0.0,0.0,0.0,0.0,0.0,0.0,0.0,0.0,0.0,0.0,-1.3,0.1,0.0,-0.1,0.0,0.0,0.0,0.0,0.0,-0.1,0.0,-0.1
Jun-2014,20184,36784,56893,17867,8414,5616,36494,3736,8611,12544,18984,2908,18502,8227,12656,27693,-2079,179692,236588,15505,4055,9218,40040,-1638,48605,17293,-1312,15983,1025,5720,70506,91185,1064,4502,5594,2915,11465,14369,19962,111097,346956,53943,42253,10935,13582,-36567,1311,320742,20147,34070,54217,17405,6600,5649,34195,3416,8379,11849,18699,4152,17882,7195,11836,25848,-1946,171158,225375,13415,3351,7933,38091,-1484,44540,16752,-1279,15473,972,5896,66882,83648,983,4266,5249,2691,10700,13391,18640,102288,327663,47856,43601,10414,12264,-38905,-1462,289701,1356,5287,6643,6276,11105,17381,13681,7232,20912,1527,6536,8062,18898,10637,29536,8962,3879,12841,8926,4659,13584,4522,1944,6465,8369,6614,14983,2065,3701,5765,4811,10540,15352,3127,5826,8953,10577,4850,15427,7712,856,8569,13562,2446,16009,11489,1626,13115,17351,2665,20016,1033,904,1937,4254,1281,5535,21480,148498,114067,262565,28598,-1462,289701,0.0,0.0,0.0,0.0,-2.7,0.0,0.0,0.0,0.0,0.0,-0.1,0.0,0.0,0.0,-0.1,0.0,0.0,0.0,0.0,0.0,-0.1,0,0,-1,0,-1,0,-1,-1,0,0,0,0,0,0,0,-1,0,0,0,0,-5,9986,30763,21269,9547,37102,11547,13828,8351,15593,3853,18019,9298,17401,8886,16454,16100,18588,2306,6152,25540,302692,19392,-1325,320742,-5.1,5.5,-2.4,-0.2,9.6,-1.4,0.8,1.9,-1.0,4.5,-3.9,8.4,0.8,5.5,1.2,8.7,0.3,2.7,1.9,0.3,2.0,0.2,2.1,-0.2,0.5,-0.2,0.0,1.0,-0.1,0.0,0.0,-0.1,0.1,-0.2,0.2,0.0,0.1,0.1,0.4,0.0,0.0,0.0,0.0,0.0,0.2,2.1,6864,18089,19466,9370,32952,12039,13840,8060,13986,4686,16587,8587,16856,8261,15140,14339,18076,2173,6054,24417,269842,18396,1462,289701,-9.3,1.8,-0.8,1.4,10.1,-0.7,-0.4,2.4,0.0,2.0,-1.5,9.1,0.3,5.8,1.7,4.5,0.4,5.5,3.5,3.3,2.2,9.5,2.7,19.4,13.5,19.2,21.8,25.4,18.7,19.8,22.0,18.6,10.9,12.9,19.4,16.2,16.5,18.3,19.3,17.9,16.8,20.5,18.1,17.7,18.1,0.0,0.0,0.0,0.0,0.0,0.0,0.0,0.0,0.0,0.0,0.0,-1.3,0.0,0.0,-0.1,0.0,0.0,0.0,0.0,0.0,-0.1,0.0,-0.1
Jun-2015,21113,37545,58605,17906,8086,5592,37213,3722,8820,12594,18755,3265,18887,8329,13516,28630,-2209,182810,241418,17269,4215,9580,23511,-1182,32237,16931,-1398,15534,820,5699,54007,75933,943,3774,4738,2638,9499,12125,16864,92758,333949,61481,39887,11872,11964,-32391,789,323849,21004,35512,56516,17847,6751,5675,35534,3523,8671,12093,18168,4241,18553,7622,12773,26956,-2102,176305,232821,15628,3672,8638,22626,-1097,30168,16685,-1389,15296,803,5829,52096,71396,884,3662,4546,2554,9030,11584,16131,87526,320347,50226,39813,11503,11387,-34420,-704,295752,1457,6225,7682,6226,10801,17027,12592,7596,20188,1805,7139,8943,18273,9285,27557,8902,3918,12821,9019,4750,13769,4696,2034,6730,8193,7240,15433,2247,3677,5924,5288,11355,16643,3282,5911,9193,11065,4525,15589,8238,949,9187,13870,2670,16540,11855,1754,13610,19047,2927,21974,1021,961,1982,4179,1423,5601,21922,151254,117061,268315,28141,-704,295752,0.0,0.0,0.0,0.0,-10.7,0.0,0.0,0.0,0.0,0.0,-0.4,0.0,0.0,0.0,-0.3,-0.1,0.0,0.0,0.0,0.0,0.0,-5,-2,-1,-1,52,0,0,0,16,0,0,0,-1,-1,-4,-1,-1,0,-1,0,51,10364,33124,21127,10077,32312,11572,14190,8659,15367,4223,18484,9172,17533,9074,17054,16396,20691,2309,6401,25496,305385,19290,-793,323849,3.8,7.7,-0.7,5.6,-12.9,0.2,2.6,3.7,-1.4,9.6,2.6,-1.4,0.8,2.1,3.6,1.8,11.3,0.1,4.1,-0.2,0.9,-0.5,1.0,0.1,0.7,0.0,0.2,-1.5,0.0,0.1,0.1,-0.1,0.1,0.1,0.0,0.0,0.1,0.2,0.1,0.7,0.0,0.1,0.0,0.0,0.2,1.0,7969,18338,19747,9470,30037,11752,14031,8418,14421,4879,17538,8790,17174,8684,16041,14934,20479,2221,6220,24963,276107,18940,704,295752,16.1,1.4,1.4,1.1,-8.8,-2.4,1.4,4.4,3.1,4.1,5.7,2.4,1.9,5.1,6.0,4.2,13.3,2.2,2.8,2.2,2.3,3.0,2.1,20.7,17.0,19.3,22.7,22.7,18.2,19.7,21.8,18.5,11.2,12.7,18.9,16.1,16.4,19.0,19.3,18.9,16.6,20.8,18.0,17.4,18.2,0.0,0.0,-0.3,0.1,-0.3,0.0,0.3,0.8,0.4,0.0,0.1,-2.7,0.8,1.2,-0.1,0.0,0.0,-0.1,0.1,0.0,0.0,-1.0,0.0
Jun-2016,23185,38744,61919,18715,7817,5931,37999,3727,9009,13024,18446,3698,18865,8475,13256,29601,-2012,186451,248373,20187,4450,9687,12593,-784,21506,14148,-1264,12884,943,5027,40305,64903,1444,3465,4916,2498,9012,11498,16415,81313,329683,70569,40243,12713,11985,-29226,215,331726,23117,37372,60489,18514,6961,6175,36631,3580,9153,12677,18001,4190,18932,8015,12884,28404,-1941,182175,242664,18817,4209,9034,12202,-745,20492,14675,-1306,13370,1007,5078,39946,62972,1395,3435,4830,2554,8701,11255,16085,79057,321721,51685,39398,12443,12288,-29998,-895,303270,1620,7468,9088,5048,11651,16699,12636,7523,20159,1686,7127,8813,16510,7900,24410,9124,4212,13336,9330,4676,14006,4747,2033,6780,8485,7647,16132,2283,3699,5981,6040,13013,19053,3510,6160,9670,11995,4031,16027,8747,1051,9798,15124,3011,18135,12491,1812,14303,19765,3097,22861,957,1048,2006,4306,1264,5570,22350,154406,120771,275177,28988,-895,303270,0.1,0.0,0.0,0.3,1.7,0.0,-2.0,7.6,0.0,-0.5,-0.2,-0.2,-0.8,-0.7,-0.2,-0.1,0.0,0.0,0.0,0.0,-0.1,77,-49,-41,34,731,-39,-53,50,-687,23,-207,10,26,-2,-12,-124,6,-11,24,-77,-321,9778,38801,20808,10621,27857,11498,14365,8969,15769,4546,20180,9670,18384,9358,17812,16655,21752,2456,6515,25914,311761,20173,-213,331726,-5.7,17.1,-1.5,5.4,-13.8,-0.6,1.2,3.6,2.6,7.7,9.2,5.4,4.9,3.1,4.4,1.6,5.1,6.3,1.8,1.6,2.1,4.6,2.4,-0.2,1.8,-0.1,0.2,-1.4,0.0,0.1,0.1,0.1,0.1,0.5,0.2,0.3,0.1,0.2,0.1,0.3,0.0,0.0,0.1,0.3,0.2,2.4,9484,19080,19823,9624,26180,11646,14275,8762,15183,4932,19227,9242,17706,8837,17379,15729,21631,2353,6194,25502,282787,19588,895,303270,19.0,4.1,0.4,1.6,-12.8,-0.9,1.7,4.1,5.3,1.1,9.6,5.1,3.1,1.8,8.3,5.3,5.6,5.9,-0.4,2.2,2.4,3.4,2.5,23.8,19.7,19.6,23.4,19.9,17.5,19.4,21.7,18.9,11.2,13.2,18.4,16.2,16.5,19.1,19.5,19.1,17.0,20.7,17.9,16.8,18.3,0.9,1.8,-0.2,0.3,-1.5,0.0,-0.1,-0.2,0.5,-0.1,-0.5,-0.9,0.0,0.9,0.2,-0.5,-0.2,0.7,1.3,0.0,0.0,0.1,-0.1
Jun-2017,24834,40847,65679,19164,7748,6201,38876,3729,9183,13552,18583,4078,19161,8647,13464,30580,-2529,190410,256092,20919,4566,9499,11783,-1194,20090,15073,-1422,13651,1428,5161,40406,65821,1709,3243,4953,2888,9375,12265,17218,83037,339129,75527,43203,13486,12276,-34164,1152,339652,24773,39962,64735,19260,7254,6400,38088,3689,9341,13331,18113,4241,19261,8389,13227,29924,-2482,188037,252772,20262,4433,9315,11516,-1168,19663,15195,-1434,13761,1713,5177,40314,65009,1653,3233,4886,2922,9161,12083,16968,81977,334750,70412,41731,13301,12064,-33688,-749,330231,1683,8630,10313,4905,27921,32827,12862,7738,20600,1549,7799,9347,17188,7902,25090,9331,4325,13655,9502,4776,14277,4943,2060,7003,8899,7836,16735,2323,3558,5881,6116,13663,19778,3545,6632,10177,12623,4612,17235,9099,1205,10303,15101,3392,18494,13071,1858,14930,20018,3210,23227,946,1073,2019,4148,1694,5841,23198,157851,143081,300931,30049,-749,330231,0.0,-0.1,-0.1,0.2,0.6,-0.3,-1.0,3.2,-0.9,-0.4,-0.2,2.0,2.5,2.3,0.3,0.1,0.0,0.0,0.0,0.0,0.4,-49,1189,-64,248,307,-33,-42,96,-436,-79,-60,11,26,68,215,-147,149,-54,315,-108,1551,10286,39937,20624,10563,27302,11915,14501,8886,16859,4623,21162,9924,19290,10369,18087,16709,23335,2480,6621,26542,320086,20717,-1157,339652,5.2,2.9,-0.9,-0.6,-2.0,3.6,1.0,-0.9,6.9,1.7,4.9,2.6,4.9,10.8,1.5,0.3,7.3,1.0,1.6,2.4,2.7,2.7,2.4,0.2,0.3,-0.1,0.0,-0.2,0.1,0.0,0.0,0.3,0.0,0.3,0.1,0.3,0.3,0.1,0.0,0.5,0.0,0.0,0.2,0.2,-0.3,2.4,10538,33012,20087,10197,27056,11851,14579,8817,16251,4864,20446,9711,19016,10016,17931,16305,23321,2388,6495,26389,309270,20212,749,330231,11.1,73.0,1.3,6.0,3.3,1.8,2.1,0.6,7.0,-1.4,6.3,5.1,7.4,13.3,3.2,3.7,7.8,1.5,4.9,3.5,9.4,3.2,8.9,22.1,24.7,19.7,23.3,20.3,17.2,19.2,21.4,19.5,11.1,13.4,18.3,16.0,17.8,19.2,19.5,19.5,16.9,20.8,17.8,16.9,18.7,0.8,0.3,2.8,-0.8,-0.8,-0.3,-0.5,-0.3,3.2,-1.4,0.0,0.7,-0.7,1.2,0.2,-0.7,-0.1,2.1,-0.7,0.0,0.3,0.2,0.4
Jun-2018,26275,42860,69135,19625,7819,6578,39810,3737,9473,13961,19024,4308,19783,8832,13560,31214,-2271,195453,264588,20126,4173,10274,14229,-944,23559,16188,-1441,14747,1313,5507,45126,69425,1645,3042,4686,3030,9997,13027,17713,87138,351726,77274,50150,13405,13585,-27190,768,352248,26275,42860,69135,19625,7819,6578,39810,3737,9473,13961,19024,4308,19783,8832,13560,31214,-2271,195453,264588,20126,4173,10274,14229,-944,23559,16188,-1441,14747,1313,5507,45126,69425,1645,3042,4686,3030,9997,13027,17713,87138,351726,77274,50150,13405,13585,-27190,768,352248,1680,8065,9745,5106,34982,40089,13342,8386,21728,1609,8519,10128,18297,8460,26758,9602,4600,14202,9619,4885,14504,5070,2116,7186,9336,7880,17216,2370,3610,5980,6289,13932,20221,3699,6766,10465,13342,4847,18189,10141,1489,11630,15429,3562,18991,13567,1913,15480,21402,3284,24686,1015,1235,2250,4333,1781,6114,24043,165251,154353,319604,31877,767,352248,-0.2,-0.2,-0.2,1.0,-4.7,1.0,0.3,8.1,2.2,1.1,0.7,-1.7,5.8,3.7,1.2,0.2,0.1,0.2,2.5,3.4,0.3,-1333,2595,114,-54,611,44,-600,-36,-809,40,-458,338,-103,387,969,-16,-5,70,519,-171,2101,10043,41834,21071,11042,28957,12300,14829,9057,17938,4948,21293,10044,20068,11408,18408,16887,25285,2665,6824,27203,332104,20911,-768,352248,-2.4,4.7,2.2,4.5,6.1,3.2,2.3,1.9,6.4,7.0,0.6,1.2,4.0,10.0,1.8,1.1,8.4,7.5,3.1,2.5,3.8,0.9,3.7,-0.1,0.6,0.1,0.1,0.5,0.1,0.1,0.1,0.3,0.1,0.0,0.0,0.2,0.3,0.1,0.1,0.6,0.1,0.1,0.2,0.1,0.1,3.7,10043,41834,21071,11042,28957,12300,14829,9057,17938,4948,21293,10044,20068,11408,18408,16887,25285,2665,6824,27203,332104,20911,-768,352248,-4.7,26.7,4.9,8.3,7.0,3.8,1.7,2.7,10.4,1.7,4.1,3.4,5.5,13.9,2.7,3.6,8.4,11.6,5.1,3.1,7.4,3.5,6.7,22.1,27.6,19.7,23.9,20.4,17.4,19.1,21.2,21.0,11.2,13.2,18.4,15.9,18.6,19.2,19.3,19.9,17.7,21.0,17.8,16.8,19.0,-2.8,1.3,-1.3,-4.1,1.1,-0.1,1.2,-2.6,1.2,5.1,-1.5,-0.1,-0.5,0.1,2.4,-0.6,2.9,2.2,-1.3,-0.3,0.2,-1.8,0.3
Jun-2019,28485,43026,71510,20169,7770,7028,40750,3654,9672,14529,19028,4515,20440,8941,13711,31789,-2612,199383,270893,19645,3617,8144,12663,-934,19873,16722,-1319,15403,966,5680,41923,65185,1564,3128,4693,3082,11050,14132,18825,84010,354904,80267,49224,14372,13882,-29090,-303,357044,28872,44162,73034,20708,8314,6933,41687,3462,9793,14880,19673,4320,20437,9143,14062,32464,-2655,203221,276255,19859,3931,8178,13039,-952,20266,17207,-1359,15848,970,5690,42774,66564,1597,3231,4828,3214,11309,14523,19351,85915,362170,90530,52678,14635,14794,-29875,-411,369578,1657,6499,8156,5504,40942,46446,14016,8464,22481,1733,8949,10682,18163,8200,26363,10162,4302,14465,9981,4896,14877,5287,2236,7522,9636,8411,18048,2516,3215,5732,6649,14839,21488,3792,7291,11083,13807,4679,18487,11059,1853,12912,16339,3622,19960,14229,2071,16301,23449,3387,26836,1107,1245,2353,4494,2050,6544,24950,173583,162102,335685,32556,1337,369578,,,,,,,,,,,,,,,,,,,,,,,,,,,,,,,,,,,,,,,,,,,8516,43454,21008,11094,26646,12690,15039,9291,18206,5036,21335,10129,20505,12135,18665,17334,27215,2791,7211,28140,336439,20958,-353,357044,-15.2,3.9,-0.3,0.5,-8.0,3.2,1.4,2.6,1.5,1.8,0.2,0.8,2.2,6.4,1.4,2.6,7.6,4.7,5.7,3.4,1.3,0.2,1.4,-0.4,0.5,0.0,0.0,-0.7,0.1,0.1,0.1,0.1,0.0,0.0,0.0,0.1,0.2,0.1,0.1,0.5,0.0,0.1,0.3,0.0,0.1,1.4,8475,47873,21994,11555,28399,12692,15244,9676,19239,4747,21983,10549,20368,12599,19247,17750,27238,2778,7307,28217,347932,21661,-16,369578,-15.6,14.4,4.4,4.6,-1.9,3.2,2.8,6.8,7.3,-4.1,3.2,5.0,1.5,10.4,4.6,5.1,7.7,4.2,7.1,3.7,4.8,3.6,4.9,20.9,25.8,20.0,23.7,19.4,17.8,19.2,21.7,21.4,11.1,13.0,18.2,15.7,18.8,19.1,19.5,19.9,17.6,21.1,18.0,17.4,19.0,,,,,,,,,,,,,,,,,,,,,,,
