Series ID,A83776171F,A83775739T,A83778763W,A83778331T,A83778619C,A83778187K,A83779051T,A83776227F,A83775795K,A83778819W,A83778387C,A83778675W,A83778243T,A83779107T,A83776179X,A83775747T,A83778771W,A83778339K,A83778627C,A83778195K,A83779059K,A83776235F,A83775803X,A83778827W,A83778395C,A83778683W,A83778251T,A83779115T,A83776211L,A83775779K,A83778803C,A83778371K,A83778659W,A83778227T,A83779091K,A83776187X,A83775755T,A83778779R,A83778347K,A83778635C,A83778203X,A83779067K,A83776219F,A83778811C,A83778667W,A83778235T,A83779099C,A83776203L,A83775771T,A83778795R,A83778363K,A83778651C,A83778219T,A83779083K
1/09/1974,1411503,,1916161,1812020,4102454,3933768,4000676,653226,,978111,946069,2565358,,,410221,,657255,,1769438,,,213861,,388635,,806126,,,235852,,403114,,1007784,,,68807,,140847,,311095,,,25103,87764,209804,,,50612,,149385,,371774,,
1/12/1974,1153580,,1792381,1816895,4010152,3979216,3866140,664362,,1015315,991690,2491367,,,394261,,704879,,1657760,,,142207,,305712,,712563,,,230946,,418009,,1001049,,,47912,,112720,,254825,,,22120,72056,166164,,,61596,,173557,,392868,,
1/03/1975,960929,,1499274,1655094,3406837,3691926,3729255,494135,,855211,930384,2160130,,,319852,,665228,,1475498,,,155986,,301658,,678071,,,194719,,385767,,882962,,,71762,,151421,,300684,,,3977,25182,56507,,,49966,,153958,,340853,,
1/06/1975,1014373,,1679566,1649046,3505847,3493099,3609149,522294,,938046,905946,2445362,,,328048,,617389,,1548983,,,151761,,297051,,711324,,,172455,,363896,,927413,,,58043,,148883,,310599,,,32310,88263,145184,,,39843,,200560,,440568,,
1/09/1975,1035497,,1810305,1723364,3811438,3661872,3489702,410931,,765859,742152,2331499,,,356733,,697983,,1738980,,,164989,,345331,,811909,,,196606,,401040,,1015866,,,54455,,170666,,353483,,,41506,158075,325895,,,36182,,197076,,442965,,
1/12/1975,788346,,1445292,1462136,3359182,3328802,3409086,457226,,883194,858934,2497692,,,340773,,595839,,1673472,,,148637,,291338,,734457,,,148870,,321284,,921127,,,57199,,159669,,338114,,,32062,95992,327853,,,36828,,195987,,453752,,
1/03/1976,709554,,1265632,1401000,2983035,3236634,3306309,489204,,838994,927603,2438461,,,316832,,593469,,1631412,,,105828,,235503,,666712,,,143020,,273205,,947169,,,47490,,132599,,334644,,,36287,119678,458211,,,44151,,187929,,411804,,
1/06/1976,821300,,1438122,1404856,3388793,3371128,3211259,522454,,883989,841630,2711999,,,356733,,684192,,1819475,,,136327,,284520,,820377,,,154719,,276976,,1039439,,,52555,,119699,,327455,,,32062,144860,476394,,,72795,,186623,,423549,,
1/09/1976,707442,,1193304,1141669,3127850,3010082,3136764,514022,,914992,890162,2854807,,,406986,,714576,,1954842,,,143860,,288021,,880274,,,148115,,288100,,1091972,,,74506,,152478,,360920,,,49211,163061,547727,,,70426,,193591,,435534,,
1/12/1976,734269,,1240117,1251910,3157460,3126041,3084492,484113,,788117,764308,2714300,,,351772,,683761,,1896586,,,149005,,282677,,854250,,,157926,,339196,,1135301,,,66908,,113989,,341337,,,32559,180764,446742,,,101439,,228651,,454710,,
1/03/1977,626114,,1055607,1168281,2797969,3036850,3083658,423181,,656950,736280,2311564,,,377438,,685700,,1788051,,,132285,,292813,,771840,,,139624,,280370,,1084114,,,63319,,110816,,297461,,,42749,118182,347994,,,87225,,219070,,424748,,
1/06/1977,718215,,1225356,1194342,3191929,3173094,3080320,529613,,814192,766711,2632832,,,349400,,672986,,1767988,,,150842,,304790,,779689,,,172077,,349944,,1240142,,,55721,,135348,,328199,,,37530,106713,354148,,,88732,,256089,,447519,,
1/09/1977,646604,,1130044,1087942,3101246,2989170,3022255,523885,,864751,842624,2676154,,,439985,,723843,,1933328,,,166643,,305343,,804474,,,193964,,330146,,1122728,,,71551,,173838,,391657,,,46228,133890,277780,,,52120,,176170,,375609,,
1/12/1977,633085,,1093142,1098254,2993214,2958451,3000866,565249,,889871,862300,2587786,,,364066,,661349,,1781524,,,150842,,293550,,722684,,,174341,,334671,,1037643,,,69018,,164744,,369348,,,31067,135884,285613,,,68272,,242152,,418276,,
1/03/1978,639000,,1043588,1152930,2813006,3052940,3038392,425567,,716571,810165,2140195,,,305833,,542828,,1637697,,,162601,,284889,,645851,,,242455,,392744,,1091298,,,68385,,129850,,305394,,,23114,77292,195537,,,46951,,163105,,314965,,
1/06/1978,743775,,1192461,1165475,3178974,3166536,3128697,542499,,980178,916700,2652193,,,329342,,607045,,1830836,,,164989,,310871,,654113,,,237927,,402360,,1073338,,,66063,,149729,,339106,,,36038,124415,250366,,,58150,,211666,,374411,,
1/09/1978,784755,,1283767,1237685,3330266,3206748,3248661,555226,,910540,887276,2441336,,,407633,,638723,,1902871,,,156537,,298709,,667951,,,258682,,446103,,1107462,,,70707,,158188,,341089,,,18889,88263,195257,,,49750,,211448,,361707,,
1/12/1978,841367,,1286719,1291361,3408687,3366024,3398539,593408,,951560,925422,2489642,,,379379,,656824,,1931395,,,148453,,334090,,702443,,,237172,,348812,,1020581,,,58465,,155862,,340097,,,29328,99482,203090,,,27137,,155918,,299625,,
1/03/1979,838621,,1209963,1327410,3335355,3612556,3527489,506067,,788117,887565,2211694,,,361046,,587866,,1779832,,,146800,,262223,,561583,,,220380,,391424,,1059195,,,50022,,112720,,278374,,,21871,80284,158612,,,27783,,145030,,261752,,
1/06/1979,822567,,1249606,1233944,3579180,3588840,3581706,711771,,1087815,1020408,2610597,,,365360,,607907,,1971279,,,154333,,299999,,634904,,,203021,,357108,,1067277,,,63953,,155439,,370587,,,14912,51860,140708,,,37690,,176388,,319520,,
1/09/1979,837354,,1307806,1255226,3736255,3585189,3643042,558567,,920398,895316,2540631,,,489807,,785905,,2252166,,,220108,,352518,,708639,,,254720,,437052,,1188956,,,69229,,190968,,378024,,,36535,87016,194138,,,38767,,159620,,299385,,
1/12/1979,835875,,1251293,1254485,3781827,3722326,3745189,555067,,942179,917641,2515903,,,406770,,643463,,2180615,,,171420,,286916,,641101,,,251512,,411976,,1223080,,,95190,,172780,,384964,,,43494,84273,175116,,,26491,,160927,,291235,,
1/03/1980,705752,,1134894,1239665,3786916,4103369,3964532,507658,,886056,991948,2218020,,,412162,,611786,,2041138,,,141288,,242137,,565713,,,221323,,335425,,1029561,,,51289,,106798,,253090,,,34298,64576,153017,,,15507,,94727,,195355,,
1/06/1980,899036,,1339858,1339020,4022876,4068975,4345397,534067,,838358,791995,2288561,,,451416,,689579,,2365052,,,152679,,243427,,580171,,,250757,,411221,,1126769,,,90758,,169608,,332413,,,42997,77043,168962,,,16153,,112366,,240419,,
1/09/1980,1233006,1148687,1707401,1623703,5113147,4875579,4738736,660067,616937,968890,938360,2699923,2547047,2531766,482258,,684623,666897,2482048,2340088,2335739,182627,170188,288206,276607,654319,614022,621121,279814,259708,392744,366591,1207590,1173376,1111671,75139,,214654,192796,415206,389894,391913,42003,75297,229385,219419,223366,29290,,106704,102475,239220,241243,221100
1/12/1980,1223077,1188574,1823800,1829744,5259349,5158283,4976592,625862,621338,928029,907537,2531238,2469162,2471784,594842,,776207,696630,2526767,2385287,2412023,181708,189113,278439,280908,631393,610956,612978,270946,249704,368233,336580,1105891,1033911,1119117,104899,,188007,174783,406283,378709,354834,50454,89759,231064,224799,232852,22398,,75999,66213,216449,189650,212871
1/03/1981,970012,1059571,1407125,1537960,4412209,4794650,4984314,535817,593667,833907,922591,2182749,2397470,2400293,489591,,657255,716235,2268603,2540328,2515380,159661,177403,261670,292002,567572,610316,586306,274154,308488,386522,435862,1072440,1194464,1154291,70707,,107010,129010,262757,292498,314975,61389,93748,216238,255505,237138,7538,,42682,54834,188883,217594,209775
1/06/1981,1077533,1106990,1562745,1569054,4794833,4885783,4835523,611226,600023,934548,895777,2384597,2353585,2343259,502532,,696906,716825,2569553,2598191,2632134,149005,139768,242137,236491,551669,547145,550853,301513,328080,405753,414915,1171670,1193648,1210021,59731,,113143,118072,278126,275575,280898,65863,107710,239736,229571,235810,21106,,57054,55671,210936,216062,212193
1/09/1981,1169423,1090973,1624952,1540288,4968795,4712786,4722953,613612,572234,923418,884489,2416992,2281883,2334523,575863,,785689,764829,2955348,2792718,2772083,144228,133748,238636,229171,533493,500656,539103,366608,341472,499084,465303,1315350,1278429,1256407,69018,,126677,113856,297709,279998,258036,47720,82279,230224,219527,231311,24121,,66853,64922,214531,216528,223152
1/12/1981,1093165,1061493,1469542,1469336,4678935,4564416,4574024,656726,654310,918808,903657,2438653,2379568,2342492,655879,,857233,770464,3018680,2845573,2896401,157456,164243,264434,266089,603923,584147,562096,361136,331659,487772,446332,1338698,1250032,1272217,60787,,98973,92164,241192,224613,242613,58655,100978,250366,243390,230018,40274,,85581,74294,257677,225872,230098
1/03/1982,1078801,1177557,1363897,1497393,4008996,4382094,4320718,602158,667947,863320,948202,2129268,2338393,2317401,523021,,719533,782143,2679538,2996255,2917086,146065,162107,250614,280548,558485,601366,595042,267550,301323,360502,406217,1130586,1259826,1260205,60154,,83958,101072,206488,229555,226281,58655,87016,187425,222009,229518,31875,,84710,108380,216689,250125,230697
1/06/1982,1092954,1122717,1394683,1399799,3880606,3968524,4013512,613135,599795,887169,860467,2249840,2217511,2235684,585568,,796033,820785,2759550,2794234,2779700,161131,151736,283967,276987,602064,596107,597583,325853,355297,424608,434800,1203998,1229386,1189136,62053,,89034,92630,220121,218186,211564,77793,113445,230784,221647,213465,32090,,84274,81761,205662,209693,222736
1/09/1982,1168366,1092805,1490628,1415596,3937977,3726332,3730556,601522,558869,862207,815150,2233163,2110507,2093967,560118,,764571,742305,2612822,2475945,2514360,154516,142144,267014,257088,613631,576976,567636,304343,283875,369930,343776,1074685,1041851,1062874,44746,,92629,83393,208471,196463,196253,53188,81531,207845,197128,194866,26491,,101042,100045,208539,210765,211948
1/12/1982,1024935,993190,1329947,1322086,3548181,3441947,3458899,564613,567038,793205,785446,2046076,1997636,1964548,581902,,813919,733567,2400344,2254723,2216042,103807,108636,214496,214630,545266,525747,532675,263588,240593,343910,315773,984436,919003,914310,43268,,90937,85002,187896,175060,181461,37281,54603,169242,164348,184022,37474,,128262,110525,248808,218532,210701
1/03/1983,993037,1082281,1295997,1428753,3079501,3384592,3245399,389931,433317,582701,639958,1688195,1855347,1952032,443220,,648851,703115,1767262,1973655,2026538,97193,107805,201412,226498,476075,514749,521811,174341,197705,244357,274835,707851,790344,803924,31238,,67040,80502,163108,180628,180027,45980,67818,173717,206724,185941,22614,,86016,109051,184329,213359,223922
1/06/1983,759829,781755,1092931,1095991,2850944,2919392,3160045,415226,403590,647092,629551,2103391,2066411,2077286,411084,,627301,647891,1928977,1955698,1987992,141655,134071,239373,233462,537624,530485,544865,162832,177119,239643,245608,749159,765679,766770,31660,,75922,78444,192606,190736,190761,40263,72804,189662,182555,199022,42428,,136537,131928,247610,250954,249385
1/09/1983,1004233,941008,1349347,1286546,3542860,3352388,3226663,478385,443163,956807,896304,2495201,2361730,2267680,533589,,811764,786623,2219774,2112941,2068843,150107,137000,259459,250173,644818,608443,577997,197927,184790,278861,258515,813815,786078,802376,32293,,89034,80520,216651,205262,204728,58407,96241,235819,223041,211567,57504,,149603,150486,276853,279133,278276
1/12/1983,991136,958447,1347871,1331942,3562292,3440575,3427979,468363,474233,799406,794932,2429260,2375536,2417805,535531,,842148,762716,2362393,2209938,2221290,122731,128584,227764,226566,627262,602773,608538,231512,210756,312988,288307,948965,887331,878071,34615,,82689,77537,232763,216469,212590,47720,74549,226868,219600,220616,85502,,211230,181947,355475,314218,301668
1/03/1984,828693,901471,1224091,1349731,3220845,3550334,3633347,480613,536323,764587,847121,2271884,2498811,2482085,458533,,724058,778474,2079815,2314952,2337400,124569,138024,188329,212695,570257,617850,642466,193964,220812,272828,306318,868818,971235,941422,27016,,63867,76616,196077,216731,216420,61886,89011,193019,229766,232828,57288,,140893,175896,259595,301610,317642
1/06/1984,952057,981827,1483670,1490401,3819072,3909251,3763752,586249,564721,894800,864858,2608488,2550051,2533060,532511,,792369,823114,2438295,2483379,2386844,156905,149380,258353,252656,718347,707027,682964,182266,198142,278673,285689,946720,969400,989015,23850,,68943,70550,217643,214794,222143,82018,119927,255960,247832,249520,83348,,199689,192664,344209,345564,334938
1/09/1984,1085243,1018651,1526160,1464161,3965582,3766339,3886860,618267,572448,911818,849866,2728040,2588892,2661329,582816,,848636,818048,2427763,2312262,2395418,189760,172589,287803,276940,767031,728360,732114,177718,165610,263397,243915,1058332,1015637,1031046,34348,,83856,76284,247437,236207,232568,98863,144180,290565,274406,274055,69301,,180294,182907,356601,358352,364107
1/12/1984,1043195,1006003,1556514,1525041,4194639,4031924,3985716,613239,625350,933820,933966,2865288,2808774,2805989,707470,,970097,885441,2569963,2404428,2385474,176743,184507,282557,279801,794070,757762,773424,219793,200195,339996,313528,1185774,1114867,1081279,39665,,82835,77872,264317,245032,241987,107224,156307,313507,302260,298305,92632,,255662,222202,443630,396412,405735
1/03/1985,968088,1052115,1435202,1580404,3707770,4087922,4089772,745271,833249,994301,1108973,2776386,3049839,2927776,663514,,930907,992109,2212030,2447104,2419495,180159,198563,269866,306162,756809,822526,798819,202512,231530,316720,356053,1005843,1122553,1148042,37960,,68764,82592,224271,247887,249049,77229,114454,264130,312619,321039,79568,,207804,253699,393300,456571,443405
1/06/1985,1062967,1098160,1659897,1675296,4089907,4188442,4204842,711937,679789,1028681,985181,2923590,2845162,2987041,724814,,967412,1008453,2399511,2452898,2544815,216024,207766,323114,317276,829305,814037,823889,260533,281868,380127,388434,1178228,1209102,1220563,42559,,80506,81369,251660,247163,251701,125062,167563,343631,335157,330369,91331,,275288,266161,473964,472352,466559
1/09/1985,1201971,1130682,1747768,1683664,4494860,4286059,4266938,891930,831613,1180213,1101694,3200134,3049724,2964833,910350,,1272508,1222189,2827811,2696540,2660518,240898,219190,344411,329753,850578,813393,835286,407432,378549,544202,504815,1386372,1321337,1288243,67315,,103909,95321,277746,267207,256329,124712,175936,351338,333074,317383,98975,,261492,264053,469488,468091,474775
1/12/1985,1264045,1214725,1830215,1782446,4523397,4334262,4317688,772770,786468,997482,999713,2993089,2937835,2915910,992437,,1421627,1309444,2999301,2811031,2707555,290599,300467,414272,409330,918706,872046,826824,403817,370319,532452,491481,1402912,1327961,1345916,67189,,102243,96063,271712,250942,266819,100969,132376,289445,277201,291250,113308,,302802,269535,530374,483116,487747
1/03/1986,1145966,1245688,1661543,1821241,3914134,4306147,4367799,679665,761193,879772,985423,2543487,2788599,2879096,785246,,1077197,1135540,2303586,2527665,2633943,222841,244213,307884,350102,712380,772950,799375,314706,359888,434493,487883,1221205,1360518,1376105,59313,,91322,110053,258411,286351,278992,80836,112150,224478,263451,268837,114397,,253439,299203,452969,519573,522239
1/06/1986,1295733,1338647,1942214,1973156,4336219,4440597,4393850,922763,876259,1167508,1109055,2984017,2892573,2842018,699351,,1172856,1229887,2468778,2537822,2467630,252671,245833,373218,368820,775459,761507,758586,367620,395748,527156,537933,1366139,1403541,1361796,84535,,130810,130702,299827,292846,287006,78247,146039,277160,271973,265603,170767,,331606,323702,565041,562367,565071
1/09/1986,1382433,1305871,2191820,2119053,4631896,4441694,4392343,904604,852571,1199440,1125529,3000327,2874405,2841617,833039,,1178459,1125833,2431239,2315882,2335394,262249,239401,356002,338846,762404,734119,732097,375716,347598,541223,502748,1388535,1314092,1314363,83877,,123431,114254,289940,280201,285934,63352,169208,278287,265952,274106,183982,,399206,397979,614311,606465,587490
1/12/1986,1342389,1284201,2189279,2120150,4505011,4302590,4405287,777823,785670,1056297,1058479,2856764,2804413,2872786,886923,,1147997,1064929,2359601,2217889,2263002,245978,251183,353883,349095,764753,721880,733468,339870,314576,480422,444013,1271004,1213313,1260044,82938,,126599,118582,304201,280953,277990,85645,194070,298367,283537,273046,169310,,424669,389429,631249,588512,590045
1/03/1987,1323771,1438826,2109370,2302409,4082755,4479850,4419979,742297,828489,993254,1112370,2692724,2942456,2941381,846251,,1082073,1134906,2171788,2366837,2311542,232001,252830,332420,378057,693245,750528,739869,284651,325922,414228,463743,1140378,1268235,1236037,63259,,95498,115456,242025,268407,272459,81878,141860,226508,263387,257700,174145,,345415,392282,503015,564025,588611
1/06/1987,1413103,1460581,2297813,2347795,4485073,4590885,4536247,991853,944324,1348424,1274637,3193687,3092273,3032361,876601,,1081472,1135595,2299034,2371035,2483707,265156,261091,409077,406927,774473,761596,756864,274719,292130,416720,425633,1210586,1239537,1249308,76706,,118629,117534,280729,273197,269305,80641,131463,232163,228855,240632,205341,,438544,435604,611250,613254,595559
1/09/1987,1674370,1588871,2485726,2409594,4729483,4558869,4791474,1031524,980722,1357980,1284864,3193534,3072451,3111634,1294779,1227037,1554536,1480896,2987868,2847917,2713141,289291,265120,409417,388982,783480,757321,779756,348674,323465,500692,464663,1338961,1265533,1273467,66525,65586,120271,112346,272762,263646,266008,72288,122210,235611,227306,234116,243247,225990,438408,430282,611270,597279,602211
1/12/1987,2016887,1917384,2982493,2831096,5551640,5248072,5042494,1017022,1013860,1309968,1309216,3182852,3131453,3135872,1233355,1143599,1458690,1364667,3047131,2843563,2942591,324727,327613,479140,458479,864953,823494,800497,393029,363006,516306,485744,1368018,1306122,1287186,88514,81385,125933,116356,284562,268703,265926,61528,122895,251544,246193,234315,209288,203587,448438,421017,629353,591417,586425
1/03/1988,1693098,1821820,2520982,2715743,4925862,5323869,5249109,902137,999391,1152092,1293385,2946329,3233195,3141892,1212309,1279126,1411565,1487237,2955062,3190882,3121921,261195,284966,388383,438340,746372,815093,816545,318941,359155,431279,486574,1192751,1312468,1305693,50992,60786,88467,108331,233087,264016,270063,65473,107222,207203,228199,225090,171153,189545,343916,379321,498977,548686,545376
1/06/1988,1715469,1771747,2430899,2463665,5071234,5147410,5380068,997684,954394,1289366,1221941,3212699,3098315,3213852,1097327,1188008,1309830,1401821,3120346,3228045,3234912,283860,281374,431046,422184,815163,814060,826034,353980,368998,480860,492156,1289685,1305292,1341888,74473,72747,121163,118800,290263,284309,278558,59108,99342,201632,194293,201119,143923,148489,324977,325120,488583,490801,489509
1/09/1988,2074362,1974228,2796355,2721401,5874865,5691138,5511002,1087291,1039449,1390056,1328218,3490803,3386608,3406567,1089263,1023384,1324069,1252886,3472261,3304769,3319468,325381,300563,462982,435933,877212,843753,832915,411561,381767,539746,501999,1512937,1427740,1403797,73837,72994,129048,120176,297575,287659,290576,49614,88065,180711,177571,171804,124739,111119,265293,257316,455552,440676,444577
1/12/1988,2135037,2007902,2749240,2594813,6018457,5670540,5759795,1315193,1302389,1608707,1596175,3810043,3737998,3691376,1027328,951744,1295063,1205987,3651456,3404847,3407726,306546,305733,441867,422824,892460,851600,848165,379201,349791,511055,479480,1566943,1501459,1498451,78445,70645,134967,124180,317845,300070,302741,39363,71278,153213,149389,152093,157773,148650,243048,228976,428304,405273,427554
1/03/1989,2031655,2185069,2614739,2809697,5560487,5999947,6037566,1230913,1347891,1509192,1699601,3579595,3945992,3929521,1026808,1082987,1215411,1283989,3241165,3481390,3531044,295438,320077,384496,432003,800374,867558,892328,340944,381687,457928,514286,1436912,1567163,1610212,64021,75525,106044,129014,282517,318317,310711,34353,62549,125654,137992,147445,156099,172678,247943,269410,424649,460199,433141
1/06/1989,2325916,2399770,3004517,3038940,6228543,6320726,6256518,1454464,1398131,1814068,1698028,4213602,4023443,4000940,1064377,1149661,1306477,1398158,3521379,3695254,3615827,360508,361501,483010,481596,927304,934439,942353,443845,462307,585152,598116,1717027,1737458,1699419,79437,76577,134929,131617,317381,309273,315395,38696,84243,166246,160872,153532,157633,163798,246792,247373,422313,424671,436464
1/09/1989,2565378,2459472,3188828,3120849,6537087,6374846,6330974,1430134,1369376,1778333,1718887,4056210,3965271,3989290,1215848,1156143,1484730,1421977,3723923,3565735,3623360,445783,419412,570566,533402,1075504,1032439,963432,508393,475364,644087,606794,1828661,1741412,1717876,83905,83020,136736,128273,323262,313281,314152,39524,94699,168255,164854,162342,175686,159323,258761,251458,454268,439112,428244
1/12/1989,2471656,2318223,3263820,3095320,6599327,6235023,6245118,1446599,1420052,1782921,1748938,3983800,3881250,3926947,1170197,1102149,1500411,1413366,3714044,3483760,3420995,344299,341432,446227,430825,932167,895065,949918,510058,472934,660068,619636,1727706,1653965,1671349,97171,88148,135084,126698,323998,309660,302614,53408,87750,163023,158595,161179,131982,126713,240603,228783,418554,397351,411008
1/03/1990,2103841,2283467,2740983,2943576,5541480,5974208,6052337,1392270,1518589,1682070,1899198,3556337,3937611,3846824,875023,943059,1116799,1198966,2962294,3219073,3112924,286546,312034,382089,428840,858411,923777,923067,417976,467223,507382,567186,1408852,1543542,1582285,65577,76680,86331,104448,253712,283103,282106,33004,77801,148349,160872,154720,91234,107570,200644,218704,380247,411036,394983
1/06/1990,2281173,2360886,2994457,3028341,5986949,6080767,5915723,1361487,1322474,1782392,1658694,3795246,3607460,3725362,707725,767441,886757,954387,2420641,2552334,2852540,294488,298237,429266,435080,922827,937629,916443,388933,409839,609408,627328,1526615,1552916,1476190,66887,65692,80079,78811,253447,248375,257783,28801,77827,145733,141039,150450,78127,83424,179179,180243,364407,369976,383220
1/09/1990,2205084,2123886,2920370,2868592,5751422,5624738,5924308,1382857,1342833,1777527,1743966,3655901,3608889,3488281,906374,865602,1134177,1089959,3048143,2921144,2695684,317459,302316,447289,415368,936169,901125,929842,334840,315396,489755,466721,1366498,1312385,1363085,50508,49835,80313,75465,250563,244600,237057,26657,99279,166944,162603,156563,95412,86247,204311,197965,390568,379185,379452
1/12/1990,2598344,2414872,3403708,3229498,6550467,6185670,6007516,1091641,1084447,1528268,1500683,3255697,3163700,3156687,725410,677449,968557,903923,2791348,2588432,2640446,314593,307455,435009,421599,973315,936898,927227,309708,286100,487417,455223,1315158,1255768,1267442,50264,46104,70110,66176,232521,224720,224880,20251,83032,165301,160759,174793,74768,69563,221293,208262,415794,393181,385108
1/03/1991,2151962,2356681,2883546,3100736,5606506,6042590,6003845,779643,892606,1092511,1244276,2456980,2730442,2820050,607084,656636,779169,835829,2365463,2573553,2615312,248864,267828,349867,390404,847231,908408,886626,243535,271189,387094,427825,1127765,1224966,1202843,34615,39961,55054,65429,197458,215694,226191,22926,117569,186331,201273,185835,52772,63357,194317,213160,345746,377314,390958
1/06/1991,2101930,2161881,2957673,2966470,5711358,5766754,5752766,872314,806570,1292077,1201458,2741371,2606916,2574301,577647,616828,815349,867542,2517628,2639453,2605497,227684,231002,334280,339074,799334,809618,796738,221828,237227,381188,395685,1154702,1171004,1170049,48752,48239,74839,73246,241493,237021,232205,37770,116471,195387,189328,178060,79712,83497,244504,245038,407973,410401,385673
1/09/1991,1995745,1922360,2839566,2794967,5510142,5386126,5361535,727774,726612,1100079,1091892,2467348,2455814,2470405,620849,586045,938668,899936,2807415,2676405,2685484,149494,142370,232203,214839,684638,666785,702123,214381,204155,375433,362648,1150029,1110726,1129913,61843,59872,92633,86640,261414,253834,238439,21161,74388,145606,142382,165908,77130,70428,192011,186608,369725,357468,377679
1/12/1991,1641932,1512243,2314563,2198049,5218543,4925922,5118908,710298,698356,1037378,1007548,2582269,2480433,2466625,626224,575456,990063,917550,2971124,2738212,2742304,140323,135013,218957,211376,678560,649596,658075,196057,183107,326422,305923,1181535,1131016,1091505,51979,47466,72067,67919,231980,223131,247994,21266,90481,167268,164467,161158,87535,80916,199356,188919,403398,379172,377540
1/03/1992,1539495,1707008,2176409,2352415,4813062,5201033,5062074,613829,697679,893371,1018220,2211981,2452593,2504578,650823,706689,888922,954800,2592102,2838826,2788573,141729,151848,205965,229495,641712,684413,661737,123918,136495,244320,266645,984444,1059078,1087639,52163,58572,72526,84435,242366,262673,255314,15101,59197,169328,179446,169562,48066,59912,133663,150380,347789,384028,384483
1/06/1992,1428378,1463940,2162670,2147778,5050043,5078709,5102861,894955,824210,1168050,1081219,2776782,2649540,2547508,544472,574177,810487,855855,2676459,2793658,2862349,126958,129274,216258,217674,678438,682554,690954,133434,144031,246007,256967,1089301,1104489,1132513,54547,54622,90203,88436,282032,278154,256564,14168,66333,168710,164617,172119,51610,53085,147662,146786,397021,397266,387863
1/09/1992,1447790,1392111,2064888,2021433,5337288,5194099,5208697,668570,663893,955092,953586,2504229,2498782,2570406,606858,571335,856902,820418,3143989,2983925,2981526,157573,152104,263857,248512,715840,699442,709664,193346,181735,322730,310691,1303634,1262015,1222018,48043,45721,60436,56134,233351,227435,252425,23093,65313,178773,173465,164206,68060,63135,149241,145211,386999,373897,376192
1/12/1992,1509316,1390724,2149974,2033164,5497148,5191916,5260011,755329,733628,1023708,981509,2727759,2586641,2575658,650164,596164,908078,839715,3409826,3147468,3121235,163823,158493,307525,297952,791689,759267,721143,203323,184988,322821,298179,1366305,1302266,1318127,41793,38379,59598,55731,258900,249223,244064,12426,61784,147470,145735,155069,69634,62009,140163,130199,381968,355134,361274
1/03/1993,1149936,1296239,2115155,2304062,5070803,5509128,5262707,616575,698137,803328,912450,2368378,2609714,2579992,554558,611162,833999,897160,2926308,3217071,3196523,100317,107661,199801,225532,644375,692806,740530,225923,241062,341984,364390,1320478,1406053,1387022,39430,44201,54226,63009,237867,255062,242367,27039,65928,146879,158490,150422,51078,64123,119352,136258,314174,353877,349619
1/06/1993,1145716,1173685,1921830,1893187,4937764,4947860,5216271,740685,685501,916187,850771,2650415,2555644,2588136,609882,642801,826874,868561,3093241,3224900,3216051,111445,114900,252854,252040,767894,768284,755088,207338,222145,350794,365067,1408557,1428641,1447548,35600,36565,56583,55969,233321,231719,247681,19997,67022,152774,148206,159114,49954,49458,111959,109047,342457,342691,343836
1/09/1993,1240586,1183119,1995178,1945805,5423893,5263277,5135428,632312,627713,853712,858011,2617053,2615631,2582238,667776,630452,863227,826547,3338054,3156623,3232660,106642,102514,240999,232052,792204,784005,751061,258660,241499,382543,369210,1564230,1521710,1518827,37199,34641,67172,62329,260534,255278,253175,26904,72766,182647,176904,177654,50324,47855,120498,118122,353062,338923,337383
1/12/1993,1302976,1209743,2093450,2001163,5449461,5181296,5126449,589575,563858,849398,800625,2755169,2585146,2621083,688187,630594,896046,828993,3649952,3387822,3288655,97126,92783,213199,203870,734893,698141,720861,312319,285800,444052,412160,1675056,1597218,1597175,42335,39054,80719,75734,287372,274769,263975,44743,97589,210310,207902,194226,43358,37523,132311,122710,367504,338394,335620
1/03/1994,935079,1060645,1611250,1777930,4577182,4993162,5200819,578062,653621,794212,896508,2442979,2690156,2698731,560397,622728,784705,847208,3007478,3321481,3420355,88949,94496,171982,195363,633398,683826,687257,286049,304606,403082,429740,1574743,1668008,1673689,32036,35569,54867,63956,242214,259340,271831,29105,74090,173887,189374,198165,36947,46530,104440,121563,294456,337226,353697
1/06/1994,1248654,1273788,1955707,1930687,5487067,5499869,5308354,722113,676871,1005945,948124,2905072,2829341,2795596,665841,698428,920006,961236,3464470,3594029,3593074,93685,96611,196176,191070,675763,670285,685267,289433,314556,378799,397367,1705979,1733072,1722812,46081,48387,83178,83918,279902,280635,272463,26462,96503,208189,200853,193816,65005,63727,162487,157341,377896,378376,375864
1/09/1994,1268900,1186420,1816241,1751692,5520314,5341542,5422664,662611,657077,919766,923698,2845334,2840966,2866903,826291,777649,1110203,1065202,4013053,3802362,3733893,111606,106204,199244,195337,717393,716724,692188,337145,319859,412468,402713,1766181,1732811,1734988,50525,46144,85478,78962,272390,266454,268339,16942,75949,180786,175755,188146,51898,51130,151369,148640,429095,411216,382832
1/12/1994,1377451,1283250,1875334,1794410,5864340,5596056,5512819,740661,704074,1078692,1009185,3131392,2925844,2868042,874282,796554,1213481,1122606,4012661,3745314,3770752,109445,104562,205279,193517,717678,677903,680172,296042,274807,389598,364877,1771796,1700546,1696988,53514,49079,78801,73227,274348,260986,257727,19283,85658,207696,204833,184607,60318,51942,145388,133211,367621,338638,362030
1/03/1995,1220183,1375481,1713820,1897209,4997000,5449225,5652955,621581,698682,921657,1030381,2568864,2832025,2873466,759122,843072,1022412,1111997,3303211,3671696,3652910,98605,120618,180461,205387,586555,636882,644288,261889,280182,313519,334566,1539372,1624087,1613115,47362,53003,63044,73493,224278,242210,246574,32307,66516,158161,172736,195865,38199,47793,128044,150377,287456,339321,326474
1/06/1995,1573403,1594787,2267306,2229389,5949467,5944297,5795542,819119,784140,1192964,1149815,2914996,2861751,2940109,908885,951305,1206043,1252335,3334494,3444047,3440134,149948,138219,241946,232689,623846,613963,600583,244112,264341,312964,326392,1477892,1497797,1504687,47413,50587,74584,76225,236896,238262,242393,38385,76855,220840,214158,217829,48271,47822,157307,149880,299264,294261,307755
1/09/1995,1770382,1645603,2338546,2245842,6050056,5861300,5753808,958230,950799,1295683,1302215,3096220,3091457,2999731,911041,855786,1239836,1191692,3359350,3200690,3187278,123021,125999,206584,205148,549785,550800,569811,273616,259698,327487,319001,1420690,1402468,1405089,69991,63712,101808,93420,255444,248508,239839,60394,128371,267943,264086,230511,49257,49790,144500,143605,312586,303489,308735
1/12/1995,1667520,1580601,2244559,2157011,5688494,5444237,5554270,1006285,950101,1419504,1320880,3233385,3015332,2962059,988811,904663,1264802,1171911,3163846,2958682,2998756,146794,130438,241379,224910,601136,561678,555618,326534,303426,371197,346315,1399563,1339830,1353504,68981,63182,103452,95466,249037,234170,235954,41095,101905,216832,212845,232674,69748,59773,176502,162703,355612,326314,305108
1/03/1996,1412296,1590146,1854939,2061025,4893656,5340782,5385437,758167,847611,1040213,1155621,2509287,2766162,2823665,812637,907124,1077882,1182476,2596972,2889710,2936621,106594,128010,205568,233651,500117,549411,546514,294269,311607,354712,375910,1283261,1345070,1346422,49757,56400,74813,87557,210705,229343,234088,61703,97978,199753,221952,233220,43500,53194,121718,144288,248594,295461,298084
1/06/1996,1702528,1736377,2223637,2197803,5367664,5353550,5358839,882056,856226,1136777,1113461,2738770,2704711,2707843,854512,899428,1142028,1178469,2980076,3051162,2974359,147427,139388,261144,250967,565807,554956,544030,313071,332759,423384,435553,1371296,1387442,1359550,60281,65716,97463,101093,232065,235231,236802,93800,152817,269934,255578,243950,65846,65594,153489,145614,283298,274825,297991
1/09/1996,1959284,1821311,2480320,2371308,5730801,5543482,5409639,918959,896548,1186958,1174289,2816680,2776122,2821171,958194,901393,1299360,1253086,3147590,3006485,3050057,138746,137867,239983,239860,518771,519468,547475,319785,304280,432440,419678,1382343,1367755,1392033,88701,80726,131426,121356,258108,248462,240537,102140,158709,265609,261183,256237,63637,65584,177009,179864,324069,322382,310677
1/12/1996,1694812,1624704,2178454,2092563,5517960,5281410,5451642,1130517,1047391,1430858,1313343,3195038,2965504,3053530,1049601,967830,1379856,1285373,3332416,3116650,3100058,198121,176669,315152,293184,637945,594691,569613,401192,377250,507468,477968,1502574,1435066,1442158,73437,67290,111367,103521,245384,231507,236645,76694,134267,250194,241892,250968,87213,74380,217994,198780,371677,338048,323984
1/03/1997,1601571,1779161,2136678,2357104,5211061,5660130,5507727,1263236,1394327,1559162,1711315,3189634,3500371,3225756,822704,917923,1099294,1215297,2834651,3151477,3121778,166063,194024,244208,275281,534279,586414,605495,331429,355026,459108,489672,1470209,1536966,1514477,58745,67553,85042,100757,205099,227126,223176,53897,111243,222608,248501,238242,56804,67947,149691,177617,257934,307466,324026
1/06/1997,1718247,1748737,2366941,2341419,5600381,5575180,5667641,933199,907646,1218267,1196298,3114803,3074159,3241121,800659,844011,1099495,1124249,3074917,3114962,3142641,230116,224487,298910,289928,660502,650923,642301,313119,328968,466729,478427,1548552,1563890,1588233,58163,63476,81056,83255,204782,206279,205776,38598,105746,230501,217335,225782,61552,61295,191120,179554,330641,316425,310471
1/09/1997,2066988,1931929,2660705,2548537,6086586,5893922,5964321,930495,906719,1240531,1221318,3300892,3241603,3196098,848670,789557,1148622,1100040,3344175,3182179,3188377,244070,237818,305043,305814,666016,665889,663650,372264,353971,543858,528234,1671717,1658478,1633150,58624,53538,74097,68555,193052,187563,193123,49557,92499,231481,225957,220541,67760,69124,180219,184993,301277,303973,293269
1/12/1997,2172775,2103418,2762635,2665356,6634451,6360002,6260470,863010,801512,1170640,1079134,3413094,3182615,3260903,832703,765454,1249037,1165043,3502250,3286389,3313870,255957,230332,322083,299024,717084,669499,660763,367592,350547,524618,499643,1719990,1646760,1656330,62965,57933,82077,75738,196805,185701,185734,43629,94459,225611,217326,226697,81527,69581,163132,148705,292762,267316,282604
1/03/1998,1850150,2021231,2416627,2640513,6062238,6542366,6453632,836419,934055,1116679,1233714,3183843,3497951,3450016,761252,842179,1132525,1241328,3108793,3444013,3438557,192783,222273,242350,270194,598642,643780,646069,329512,354545,451838,483485,1570927,1637988,1641812,46805,53538,68351,79778,170895,187961,180052,42750,91432,224733,253177,245398,73499,84119,141770,163092,238798,277286,282533
1/06/1998,1889565,1922900,2423513,2409074,6472335,6459319,6575045,1004059,991697,1264227,1257910,3699668,3675328,3661165,754439,799874,1322731,1346505,3515666,3558303,3475753,181397,183783,245448,239892,614268,616842,645584,328002,338308,429243,438196,1620130,1639539,1597985,43359,46743,67435,67887,173663,173191,179267,65668,118572,280350,265714,273512,61877,61839,207622,195954,323640,307903,286886
1/09/1998,2095069,1985211,2606107,2517287,6832812,6650207,6740614,1143413,1119468,1414461,1389270,3860989,3787982,3856890,867640,806970,1258453,1251985,3420997,3321032,3384756,218058,211703,263108,263989,686194,683420,654721,318396,299327,383799,368534,1528835,1518271,1571472,49151,45217,78889,75301,174208,172395,181502,58752,133921,306106,297439,299527,76293,76871,158981,161825,287883,289737,300799
1/12/1998,2466245,2392494,3029849,2924651,7338255,7152488,6954298,1255050,1177946,1590742,1482786,4339703,4081669,3956787,838390,788714,1331126,1231628,3471202,3264461,3213805,195009,177762,258373,239233,696700,653326,647995,333251,317796,407855,387645,1675381,1599368,1595613,55971,50762,108766,102146,215168,203175,182197,41241,127879,335126,321915,304526,96078,84756,186649,167101,322301,291196,316041
1/03/1999,1961664,2113620,2568916,2781910,6621086,7018145,7136313,900447,1011405,1221073,1355777,3583766,3940173,3996787,658083,786495,987023,1170454,2637219,3016182,3054573,140071,158888,210463,231468,596991,635206,641247,331058,356304,398410,424313,1617953,1680963,1680877,45707,52257,58640,69624,151495,167751,180443,41096,93134,240994,276470,282175,74654,83673,192830,215391,323558,368404,318805
1/06/1999,2196700,2228353,2902898,2883923,7247093,7218406,7213335,1000208,990299,1349949,1348391,4012966,3987599,4019807,862360,844293,1260160,1182695,3064740,2992484,2992043,115979,120764,187648,184903,606763,614696,650545,400846,410124,478996,488568,1754771,1778337,1762765,50406,52999,77532,76756,175306,172855,175101,50839,100505,254135,240538,239009,91687,93413,133812,127955,303768,288174,310715
1/09/1999,2354366,2271703,3019468,2955464,7489478,7326187,7223329,1042218,1017653,1353571,1319122,4259706,4115029,4056624,870830,816720,1190238,1175807,3117842,3010601,3021054,185261,177648,273202,273056,749107,738390,680536,435914,408779,537164,511009,1870778,1846310,1805445,69730,65717,84100,82295,184718,184183,171490,37796,56255,207796,199495,203549,64332,65271,100699,104616,272261,274576,288015
1/12/1999,2240450,2165826,2937347,2827172,7378174,7178420,7389178,1094671,1029615,1367854,1284396,4355341,4208512,4300162,866776,820950,1248231,1174644,3443315,3242681,3292873,159191,145026,235893,218712,733240,690182,742888,351991,340354,481968,459199,1895739,1805404,1921019,59039,53545,73150,68110,180739,169973,187238,36040,60576,191512,181664,194180,94979,87668,137346,127316,334796,313586,287567
1/03/2000,2002016,2134625,2544166,2741463,6896210,7304637,7420923,870216,975546,1105737,1229600,3993424,4353924,4521979,643150,753566,926371,1078691,3038679,3402701,3557652,134473,148540,227097,247786,729097,770816,784034,306845,333628,440988,471434,1932678,2004590,2022031,46485,53730,63205,73853,176117,193640,202549,41019,71283,177854,206620,199645,50108,54891,74118,81388,230870,264469,316167
1/06/2000,2053038,2077717,2614706,2591587,7688974,7643591,6954906,1037066,1021357,1363207,1357251,5105963,5036970,4459417,763357,752878,1246135,1181832,4102444,4046296,3498677,163455,171165,252798,249437,866024,878079,764082,361560,373550,536436,554914,2194583,2237474,1966560,63099,65361,83367,79565,252843,246621,199214,47463,79205,218841,208224,196796,68047,69635,155175,154018,390641,375936,319418
1/09/2000,1721169,1688804,2111352,2089071,5721918,5625880,5986038,968607,938426,1269529,1220840,3941627,3783803,4149654,775341,713794,1160875,1128632,2931015,2807839,3111880,128939,123581,212683,213645,613400,604525,698263,264231,243243,444959,416773,1600225,1567102,1759383,47508,45320,64421,62581,148618,147193,181474,32319,75706,177857,173161,171355,64389,63600,159196,163795,294139,298011,293154
1/12/2000,1438516,1387563,1828577,1758887,4941007,4817731,4995061,1002854,943582,1311797,1232844,3856091,3738467,3851853,759360,725036,1124978,1066348,2743280,2605973,2727894,178066,162851,269989,252019,670977,636341,627298,266259,254613,433132,411634,1577296,1506646,1549170,49139,43934,71578,65360,164879,153437,162958,32959,61798,140544,134091,143971,30707,28259,109614,99164,223625,207246,253954
1/03/2001,1234412,1307105,1592382,1704651,4356133,4610696,4528970,911231,1022441,1226018,1367219,3646702,3983044,3817712,627764,726911,990489,1130241,2462251,2750356,2684576,148931,162201,223709,243126,588305,624711,610491,263221,281447,409268,435777,1500659,1561453,1492937,43535,50669,78380,90645,165326,184234,158367,25824,55528,108721,127477,136262,55448,57461,124445,130186,239732,261455,229457
1/06/2001,1271957,1282582,1778815,1758517,4688717,4653469,4677788,1005198,983443,1307658,1294100,4000323,3939431,3995913,711157,707881,1078151,1029272,2945023,2917401,2910351,149004,156307,250664,248254,629310,636414,645590,330622,345029,448081,471255,1493889,1536868,1571785,37920,38178,65324,61118,158714,152673,166605,48780,89776,170749,163142,148106,55472,56696,99867,99976,240045,230829,249529
1/09/2001,1322020,1307795,1809358,1797904,5056345,4979163,5032563,1023526,989988,1358772,1297396,4320204,4141783,4106369,771970,698174,1146168,1097764,3387195,3216682,3134960,171435,166019,259432,260898,688940,680402,690108,360765,331976,490938,458769,1665456,1622145,1625708,39975,38422,62357,61527,166490,166328,170090,24622,68059,163015,158823,170774,70346,68758,119878,122515,271105,272023,273768
1/12/2001,1507154,1446405,1988946,1908557,5874329,5601776,5464228,1067652,1006163,1419502,1341662,4381908,4262245,4272878,660041,624949,1052048,996928,3389280,3211375,3387719,222573,204104,326675,305781,805845,765591,748756,372227,360066,482965,464135,1786893,1721219,1648670,57038,51030,78320,73467,207318,195470,184246,59036,102854,197065,185606,183515,116942,113002,168357,158585,329093,314651,284638
1/03/2002,1422612,1493501,1874005,1991989,5441600,5794233,5838018,953783,1073580,1224431,1375426,4114610,4485201,4571738,763496,869696,1146298,1286083,3442457,3790712,3636748,196463,212373,279607,303771,756628,802624,804742,275570,296666,360403,385213,1556265,1615658,1667178,44125,52094,61174,72306,171927,190614,205988,83157,109563,179668,202581,180163,66886,67815,102831,106279,241075,264636,288097
1/06/2002,1406602,1410687,1948105,1921965,6165617,6162719,6165915,1197525,1172756,1530088,1518310,4995714,4923207,4876640,723837,726526,1173313,1137050,3803212,3803375,3819837,191552,199527,308279,303543,828976,831774,842709,272259,292112,354410,380599,1629198,1678791,1720499,63160,62752,103237,97787,241487,234809,220510,58518,73485,155285,148023,173991,68168,72768,106612,110299,306338,296301,291122
1/09/2002,1518034,1509253,2053395,2043941,6499068,6396301,6480199,1350489,1299869,1854207,1762369,5449264,5211043,5107753,910124,827319,1169806,1118750,4096208,3891592,3935472,238451,232246,331999,332202,899091,889282,863144,431712,395775,542898,503497,1927805,1866088,1822886,64448,62782,87634,86120,224912,224339,226964,51975,76334,174295,170242,169947,70749,68217,112333,113388,316972,313392,323542
1/12/2002,1783650,1713452,2329987,2247505,7141967,6856759,6707656,1274044,1200463,1644407,1558573,5151402,5015459,5139215,817396,780708,1149345,1095714,4179809,3978550,3963497,225554,207623,318865,298806,899130,857783,879879,448095,428617,535136,511816,1981465,1917776,1904820,62784,56611,86809,81633,234845,221519,221856,69162,91261,204518,189894,171000,86792,85011,142858,136128,374483,363589,368688
1/03/2003,1635757,1713681,2050581,2168190,6342350,6750440,6749807,1141550,1289719,1432718,1621436,4726175,5177813,5003185,703619,809663,966596,1091498,3690053,4070763,3965992,212469,227411,306430,331632,846358,898592,896727,420430,444956,500523,528636,1858017,1927637,1928361,45143,54054,69761,81338,200062,220767,215296,38440,56775,135648,158486,171315,88866,87209,168046,171137,393678,421511,387701
1/06/2003,1762491,1763547,2215548,2189876,6669133,6649018,6720341,1255612,1231644,1544461,1533417,4819527,4742053,4877630,731766,745215,1012547,992332,3871651,3896814,4042605,243733,252928,364582,359236,936631,935553,923389,384509,415398,455220,489828,1823703,1879489,1907642,59202,58131,78832,73946,216286,209481,225922,45339,71990,171804,167642,169580,71726,77696,132963,135546,377597,364239,380952
1/09/2003,1862816,1858508,2282644,2276360,6830657,6721926,6789759,1216815,1160489,1560090,1466829,5100571,4862958,4918632,935934,858775,1201066,1153368,4396770,4192015,4270156,241325,232137,334888,328754,965295,950085,969996,492766,456016,588736,547475,2026395,1954050,1903402,63560,61690,96008,93369,260785,258283,252841,56627,86525,184156,179440,176662,79026,76262,123365,122762,355357,347718,359958
1/12/2003,1950495,1874048,2377342,2292189,7256362,6990768,6940650,1399349,1311776,1730318,1632980,5300025,5133061,5127990,1014518,958959,1352873,1278585,4988254,4733037,4546637,311609,290427,402903,382405,1066565,1020100,1017636,429125,413094,539221,517781,1886444,1838974,1924583,77858,70373,107421,102273,304438,288288,284358,62089,86445,201468,186077,184635,58373,58124,129555,127001,370093,364402,348172
1/03/2004,1787864,1874861,2182824,2301236,6691810,7108695,7007681,1202691,1367739,1498890,1703653,4919213,5412760,5307434,818480,937765,1117439,1263828,4240423,4683827,4715591,303257,322477,384245,414384,1016344,1083524,1058298,391713,416336,499648,528010,1951862,2024943,1949448,60838,72420,76030,88638,279137,306015,302321,58804,83823,162961,185954,182949,60789,59881,121472,123578,310687,333832,347945
1/06/2004,1793186,1786944,2174947,2147971,6869827,6827266,6947551,1429876,1408728,1788217,1774054,5462288,5373318,5330129,965967,979399,1298842,1274439,4658318,4674885,4717596,299176,310325,403062,399556,1068287,1062783,1090090,341822,369980,464846,499185,1902114,1948849,1957536,79275,77047,96353,91532,312142,303916,305084,58696,83379,178914,176028,176260,45144,49064,117106,118157,359224,349408,338910
1/09/2004,1681050,1676412,2083110,2081550,6928631,6824470,6753296,1374532,1301425,1682815,1570990,5335279,5071873,5250164,1011053,935963,1291175,1244039,4935048,4723027,4680229,371125,354607,484075,470619,1130158,1108732,1097616,387981,361491,544999,508030,2021647,1948537,1974075,85193,82094,96343,92940,300663,298134,300594,40741,64244,182937,175935,180628,69050,66840,123719,122443,342474,332161,325183
1/12/2004,1916579,1853163,2331735,2261803,6824787,6620245,6544897,1604976,1502388,1921993,1813694,5571589,5390125,5204540,1077385,1007224,1383905,1296592,4953576,4678831,4721411,374122,356879,481163,466303,1173660,1131883,1112464,424708,406281,565663,543488,2035746,1997993,2014083,89027,82099,97470,94413,324110,310693,304704,43786,73864,207484,189875,201737,50413,48914,101680,99768,308843,306115,322983
1/03/2005,1699803,1790209,2019886,2130218,5862182,6234556,6476488,1235776,1424856,1541119,1773787,4560816,5085462,5273497,906255,1041164,1149221,1314438,4301806,4778173,4815101,283240,304053,358336,386947,1001130,1070486,1134913,405636,426837,560226,587541,2036560,2113945,2073255,67279,79672,90149,104269,274880,302407,327879,37602,92218,215203,241716,221399,79793,79442,129014,134003,314747,337394,338766
1/06/2005,2057047,2034695,2468416,2429577,6620673,6557003,6473862,1478039,1464654,1807997,1795453,5508224,5428449,5363347,1107500,1117841,1435831,1405063,4985455,4995854,4926444,369375,382323,462371,462076,1215306,1209153,1131462,397697,421413,550203,582031,2080515,2113993,2111071,97012,94646,172354,164693,381544,369964,347175,49159,109931,233769,231867,229931,75077,79138,173561,171760,391224,381618,364563
1/09/2005,2149769,2146712,2597326,2608993,6725118,6650972,6431656,1681187,1588390,2044650,1910039,5723074,5433797,5322190,1262906,1182318,1549943,1495887,5197728,4979722,4972291,357411,337773,414173,397472,1121854,1096258,1111356,432875,409175,583457,548491,2173705,2096475,2129006,84656,80040,142155,134691,371661,365601,349727,31751,92562,217554,209507,227451,107116,102506,185882,179614,414950,396660,397125
1/12/2005,2146034,2077403,2516408,2437900,6266780,6070250,6295532,1505841,1410937,1894318,1795420,5353419,5169537,5178893,1356018,1258224,1672760,1556110,5286349,4990900,4990985,356508,342197,414243,403914,1084123,1045736,1093703,420872,403843,596664,575876,2238103,2209348,2181570,82076,76294,125623,121259,318446,305399,340226,44006,108937,265336,246839,231947,148068,141504,236632,234198,426626,420787,455375
1/03/2006,1988678,2102440,2368427,2491734,5781117,6139021,6100752,1191299,1385950,1535766,1780090,4366291,4907882,5059704,1136585,1304804,1445018,1652188,4448487,4959258,5056381,351777,376873,403711,432686,1060673,1133672,1102767,371283,393865,525538,552942,2133436,2220710,2275544,77763,89983,132086,148707,317000,346302,327761,39472,84004,206225,231178,249001,160005,161957,308883,326196,501582,539173,513852
1/06/2006,2013378,1971305,2439065,2382599,6200702,6113475,5985612,1476959,1470009,1884200,1873384,5223593,5155162,5125482,1370846,1381009,1887266,1850802,5318973,5321657,5218524,374749,383603,438411,436465,1136133,1127116,1126759,492965,511112,665672,694021,2416108,2434820,2364028,75964,74141,123205,118411,339243,329049,323600,94648,127480,274413,276003,255889,234347,243569,410322,401710,621424,607962,576480
1/09/2006,1907129,1903139,2331206,2350914,5913215,5848227,6050504,1664973,1566761,2176420,2033163,5663466,5351901,5271622,1455747,1376822,1903963,1834730,5577021,5323790,5408138,391437,369763,465115,446414,1173595,1141487,1130201,494473,475427,665111,631800,2481975,2400209,2421840,73735,67884,114237,107084,315716,309237,322604,78498,115060,266740,254702,256840,224820,214892,337083,321351,565100,534665,624613
1/12/2006,2085356,2011180,2636425,2552971,6328803,6122089,6118966,1717576,1607583,2143360,2038800,5524338,5317330,5314417,1574087,1463884,2092499,1953703,5961072,5624459,5557461,345544,332825,396944,387875,1120517,1082255,1112068,553194,528694,709752,684212,2492590,2462951,2474830,89011,83258,125641,122262,341375,329721,329107,75610,115009,248195,231360,252842,261550,250229,490054,483721,744684,732786,633728
1/03/2007,2142411,2273902,2717749,2847978,6149107,6519581,6206052,1334857,1556327,1684886,1950706,4703817,5305640,5311584,1242221,1419882,1637007,1867423,5028678,5590029,5602117,325316,353170,387923,416429,1065862,1142442,1100376,537940,571462,674123,711069,2424969,2537373,2556275,88962,101332,110951,123467,322623,349484,346694,80295,116936,252096,280473,246128,227864,242973,321490,351856,528419,582428,604712
1/06/2007,2045169,1991844,2510111,2443627,5939143,5840370,6256977,1585257,1571991,1967362,1949358,5337348,5254098,5373834,1435621,1447089,1996398,1974012,5586663,5615154,5560602,305746,312286,357410,356673,1060698,1054488,1102605,615558,625582,783888,805793,2668261,2667263,2643332,122554,121788,149523,147538,373039,364311,358346,65291,93703,217720,218217,247565,225062,231201,328079,319778,538324,526648,562067
1/09/2007,2420106,2419371,2941029,2989168,6519756,6486141,6219924,2000271,1875015,2424758,2262031,6012852,5665381,5503283,1590941,1503326,2061325,1976555,5752158,5442645,5508605,349815,333886,421733,407395,1169318,1137501,1105381,634512,611600,884543,841965,2831395,2737555,2692721,123160,111875,145500,135821,363064,353910,358240,102169,131537,274437,259601,252260,198397,189408,342015,323614,571198,539376,528847
1/12/2007,2269016,2182534,2796599,2699418,6401572,6174837,6176727,1947585,1812403,2327633,2217380,5792873,5561664,5667647,1619801,1504270,2119163,1985540,5858657,5536793,5571587,307525,296643,411748,403673,1165340,1127298,1119784,678549,652000,837788,806687,2695130,2658498,2739248,109848,104325,133412,129352,367603,356917,353543,97226,135323,280989,266130,259228,216954,206582,355334,350336,571094,559615,527259
1/03/2008,2002585,2142209,2463597,2580654,5629805,5981366,6116168,1728543,2012608,2016937,2318804,5131824,5802863,5781269,1466225,1653055,1766238,1989558,5227122,5777993,5788339,240459,263377,349109,373860,1025925,1103759,1153948,655591,697193,886869,938249,2692326,2830654,2801993,95272,109417,122209,134096,327491,352807,357086,75359,111894,234449,261366,264844,164804,181172,271460,302858,443702,497316,541387
1/06/2008,2333106,2280700,2822178,2754163,6216729,6125518,6045865,2081133,2057506,2469022,2440134,6068063,5975703,5883100,1677395,1693711,2074044,2069118,5873465,5953972,5952602,336780,340673,475141,472803,1252643,1244668,1193297,772259,780117,939099,961397,2929430,2921575,2902955,106944,109607,137571,139423,371375,365899,375674,71945,120354,258390,261168,262919,205650,208643,366045,358047,574068,563756,570952
1/09/2008,2090246,2079103,2558857,2603014,6039702,6003301,6053494,2088796,1965339,2443588,2285367,6205588,5844514,6025041,1864769,1771685,2260178,2151983,6481056,6122038,5919546,355513,341435,460277,448389,1251515,1217951,1242879,900239,864306,1070517,1016993,3035665,2932855,2987336,151797,138160,183453,171269,413748,402584,392158,93517,133931,274580,259948,261369,269078,254408,458160,434334,684501,646102,589543
1/12/2008,2224829,2128229,2728587,2620213,6277441,6042336,5948612,2096997,1954382,2458533,2351116,6530144,6281627,6163362,1788269,1684245,2307911,2171441,5726015,5447300,5668711,389206,370378,499636,486583,1313086,1268804,1265543,933044,911531,1129445,1099967,3123510,3084891,3007116,140346,134935,177678,172417,416005,405352,391140,97750,138367,277626,264948,253451,203238,194825,350641,344392,564767,552256,575127
1/03/2009,1945238,2099720,2471110,2593948,5412621,5755185,5736451,1682122,1969576,2091252,2393937,5519234,6234228,6234405,1379332,1550455,2047320,2281744,4983976,5525213,5344361,360628,394335,477471,508464,1202012,1294999,1263202,806347,855419,989734,1047298,2778154,2924614,2946404,97001,112426,137449,149725,336049,359908,375151,72527,118657,210075,236561,245956,176916,198733,286232,322033,469487,529521,542105
1/06/2009,2008933,1962195,2433327,2374706,5584553,5513495,5568711,1861202,1839821,2398239,2361193,6349093,6243690,6167106,1370695,1396679,2095475,2105716,4903078,4999574,5158302,318435,317634,487672,481620,1250080,1234939,1271913,755277,763650,976493,1001932,2878103,2873073,2849193,96748,100372,140709,145878,365733,363691,363969,60865,108220,237889,238713,245251,153800,155067,296353,290626,558235,549111,546024
1/09/2009,1940014,1924153,2420793,2460090,5677813,5622255,5670575,1629042,1543731,2162334,2023648,6370953,6007300,6097012,1254803,1189317,2231343,2112511,5504213,5169542,5160011,310784,303136,536385,524979,1339131,1308066,1309629,643278,607745,896412,841534,2825462,2726461,2796112,114089,102881,173290,158921,391777,377667,376674,70886,126788,281215,267301,252572,209164,194818,322776,303877,617222,581751,589447
1/12/2009,2147772,2045552,3003744,2859083,6329422,6046266,6176333,1684022,1561718,2374326,2257491,6428570,6157409,6282115,1280264,1207822,2336174,2201583,5701291,5398647,5343797,315620,300703,661364,641118,1443637,1391389,1389358,702281,691122,1076281,1046733,2950525,2910471,2873912,103790,97132,190639,180356,415486,400991,409666,63068,137052,273768,258833,268139,158531,152204,335336,326015,681136,661492,645336
1/03/2010,1836447,2006900,3243282,3431691,6475783,6897574,6813711,1292814,1514136,2157282,2447708,5926365,6669021,6608481,1097473,1216981,2126627,2348535,4992883,5499793,5655199,226715,248940,661622,702569,1371408,1478733,1473852,724775,760321,1080036,1130355,2864336,2993681,3058606,94027,108607,202475,217316,423864,450002,442780,42141,102855,253649,284721,290647,155249,173424,345222,382095,614412,685456,706555
1/06/2010,2096174,2043802,3603242,3520197,7447169,7364093,7163287,1554645,1540939,2485760,2450856,7134722,7026880,6851157,1182761,1201182,2385248,2416763,5905234,6035639,5855810,267813,268154,769002,759706,1553309,1529297,1529531,805646,816791,1282966,1317072,3291072,3300783,3238611,110091,113378,215759,225569,465735,468203,460247,69039,136717,324025,321802,314226,206805,209302,467633,458981,783141,767212,751331
1/09/2010,2204908,2173608,3306068,3344007,7153710,7044667,7106698,1483868,1411157,2434113,2287388,7116191,6720891,6845666,1303317,1236503,2727440,2592291,6148477,5803963,5782522,267921,263256,741863,732096,1547830,1523923,1510813,962597,903264,1480766,1390157,3500603,3367623,3316201,116942,106106,231313,212772,471869,452731,457568,69145,157997,355890,337314,331760,200555,188466,428519,408384,825235,782959,772530
1/12/2010,2156414,2050228,3180870,3019392,6948779,6657160,6775112,1443400,1338604,2285138,2189743,7010739,6746368,6692625,1271554,1203739,2555574,2429064,5773243,5501826,5472428,317766,303032,708451,692054,1547411,1496247,1459746,723295,721729,1292811,1271263,3269848,3235203,3301220,107734,100482,214182,205997,448638,435597,440689,60844,126934,339653,320975,329795,208381,201471,414495,403953,761011,745368,767403
1/03/2011,1922401,2116040,2564989,2744134,6140399,6569942,6430840,1067311,1254041,1809003,2064368,5831961,6568722,6625736,1027909,1136814,1946191,2159385,4457247,4954702,5144255,228953,251098,484110,518787,1189862,1295891,1411613,727175,764977,1212381,1275126,3137885,3276316,3258129,83713,98117,174569,191016,399882,426000,414536,43380,100719,294398,333623,316922,136257,153626,328248,361601,693473,765424,738386
1/06/2011,1941392,1885237,2522652,2467046,6053726,6024844,6175833,1304047,1294825,2013390,2000145,6690613,6613524,6683125,1370148,1395871,2422152,2470617,4950089,5068564,4956647,393158,390411,705138,696625,1525874,1494916,1373616,795569,818667,1271377,1320788,3209430,3238625,3256652,87976,91658,146098,156378,378290,384350,389013,46907,91329,296764,294794,314203,150602,152233,309213,306536,714270,700238,713785
1/09/2011,1968925,1941002,2481271,2501765,6113563,5984814,5912199,1533969,1449565,2278340,2134908,7256163,6870690,6737659,1407457,1337246,2353164,2236844,5157078,4879942,4859592,354463,344133,573175,560214,1322779,1303473,1364850,1106058,1027662,1627598,1527875,3425371,3289536,3283168,107994,101387,162378,149677,367000,353551,367935,83681,144173,344988,326659,326984,165051,156074,320060,308418,728382,695103,709201
1/12/2011,1883223,1813699,2431825,2314514,5968696,5744043,5622416,1561156,1437369,2252430,2153747,6965330,6706352,6731881,1409662,1333995,2356860,2233440,4990380,4726279,4832870,373515,353233,596469,579162,1376889,1324979,1360351,859298,857554,1474572,1443517,3312754,3271963,3270223,105293,99639,154935,149600,383316,372967,352975,105175,180827,389227,369092,355520,161476,150527,347750,332989,754235,744931,744614
1/03/2012,1418800,1568254,1827750,1974461,4939983,5311479,5452233,1320270,1536834,1916716,2170729,5897459,6608782,6614717,1226300,1351873,1983700,2193209,4345522,4816978,4752391,473289,505886,683853,722867,1308215,1409961,1321393,949276,995935,1500713,1573918,3150082,3275657,3225250,52911,62474,110604,121182,310864,330709,341358,87836,170236,336452,375802,396577,184223,204000,348407,377292,718511,776973,781775
1/06/2012,1733990,1681984,2188609,2138715,5474833,5456740,5573798,1593735,1585362,2226197,2214300,6655180,6588309,6588412,1209819,1230125,2030994,2061226,4721298,4791079,4645753,400180,398195,590258,581513,1260024,1229494,1254571,1006404,1039884,1461551,1519124,3031704,3082754,3159292,79624,82322,137900,145358,323361,327314,327992,196648,250273,436649,435763,423061,217993,218142,402584,400102,847716,831836,780778
1/09/2012,1738426,1720470,2245649,2259955,6182761,6023235,5945643,1621892,1521637,2128080,1980019,6905883,6532364,6710613,1323049,1254747,1957960,1850675,4554838,4312161,4549415,377939,360956,577678,557312,1168391,1143733,1165534,1043573,961814,1538697,1442787,3310761,3181017,3129592,69535,65880,133138,122707,327429,317629,312507,247157,291107,471502,449358,425794,168630,163074,276742,271078,706766,683113,735156
1/12/2012,2054052,1997656,2602728,2488079,6692887,6476168,6306512,1789906,1657657,2357801,2257395,7320502,7073982,6803019,1367683,1285365,2108185,1986183,4910134,4640071,4555522,391851,373686,568916,551071,1177435,1132819,1143399,1043645,1033669,1462125,1428680,3148638,3107076,3149439,80349,75344,124493,121042,308191,299863,297036,214129,239731,413128,393805,422795,208459,193231,325466,308147,721364,710330,680256
1/03/2013,1591705,1752301,2114493,2297667,5913759,6348800,6512057,1407884,1641584,1918551,2176748,6036016,6730531,6792325,1274910,1398841,1899033,2098527,4238750,4695316,4675342,359969,390970,567106,611001,1105398,1200947,1203910,992232,1051088,1366121,1443718,3115317,3242376,3211253,60145,68564,103628,113040,259008,276292,284270,216592,240311,377824,420636,427501,149200,167147,245893,266913,568444,611430,642573
1/06/2013,2045179,1958935,2661009,2578178,6728136,6669339,6611251,1485969,1484774,2106981,2097252,6660782,6586308,6700252,1461996,1488684,2113347,2143141,4725013,4781187,4788195,398755,402901,660323,654639,1315302,1289028,1276642,955798,988677,1306075,1357835,3216254,3260500,3283866,73362,73603,113437,117907,279976,280821,283379,287287,328356,484091,482747,456045,137204,140041,249895,251858,645509,637210,610870
1/09/2013,1943900,1939466,2643585,2663091,6970965,6801301,6747316,1650043,1551404,2409141,2247963,7119092,6753316,6642677,1516256,1441940,2352731,2228465,5085956,4831313,4811932,445943,424259,705253,683328,1350896,1323661,1296873,1086676,1006199,1386423,1300286,3519341,3392619,3380458,87733,84173,146329,135500,307179,296529,288708,219388,262359,484557,461099,495224,135367,134352,242630,241321,586810,573468,570180
1/12/2013,1877133,1828805,2819017,2698508,7055925,6828087,6973770,1676438,1565383,2335104,2247174,6854767,6641538,6716438,1570713,1476336,2245685,2127329,5112398,4845554,4859719,387188,368307,613247,591733,1335227,1287223,1281250,1046329,1028331,1463848,1420022,3486642,3434841,3451699,90149,85642,135811,134278,297725,291522,289511,225317,337423,561078,534225,514169,144233,133073,220009,205962,528930,517976,541840
1/03/2014,1920339,2083644,2656925,2876490,6820496,7327017,7264091,1320347,1530043,1941381,2197709,6133551,6799548,6787580,1297300,1427650,1801196,1997360,4407265,4875446,4936994,325146,354793,471630,517856,1118961,1219921,1292760,925529,999437,1346540,1439684,3388704,3533099,3475180,75785,84478,113110,122799,268208,286107,290779,189893,266293,462482,514443,496050,93605,103314,160395,173580,514524,545995,534212
1/06/2014,2222247,2111704,3024972,2906410,7701826,7592808,7565145,1622768,1622765,2320116,2312896,7032652,6945660,6844204,1569224,1607568,2076600,2123059,5027908,5081213,4973229,444368,455286,660482,657695,1414446,1388726,1346644,895183,919748,1226261,1263080,3391812,3425941,3459437,69935,69309,120438,123111,293157,292110,299539,182469,248992,435860,434209,444239,87261,89726,151983,154154,551494,544320,551644
1/09/2014,2249872,2269909,3032135,3065646,7961669,7793993,7755611,1813490,1694091,2485169,2315928,7245345,6875290,7008379,1688423,1620089,2153290,2043130,5277720,5004219,5012696,506436,479574,672622,653041,1454550,1424167,1412695,1048948,981921,1406979,1326301,3559791,3437265,3466535,105127,102577,147582,138482,338207,328844,314552,143433,187163,393393,373219,386780,110861,109139,186302,185799,597472,581403,568758
1/12/2014,2253507,2195566,3006318,2886881,8064859,7831509,7890076,1755356,1636282,2379523,2281630,7386409,7186554,7239824,1665653,1559915,2060428,1956186,5147241,4885956,5046153,483000,453627,650533,616010,1459672,1399339,1415667,1006240,976230,1386064,1338160,3586131,3528299,3510280,81559,78881,118931,118543,327839,322110,332766,162010,194622,380436,362444,361239,138721,125650,216808,198368,586347,569785,580693
1/03/2015,2214163,2372103,2817718,3032884,7452706,8006201,8040704,1663575,1914674,2232569,2519795,7008878,7719539,7493281,1364111,1497630,1655644,1825914,4827584,5324689,5075737,414168,458071,531616,590082,1296718,1412474,1362743,863254,946142,1166052,1269334,3436526,3592701,3581918,86398,93948,120246,129407,324939,344283,344154,117715,157861,321215,361048,358622,135157,145265,193879,208924,551339,583411,579922
1/06/2015,2564598,2444562,3172229,3042988,8492668,8340200,8180708,1951334,1938707,2474841,2454749,7660790,7520040,7715265,1365725,1406279,1744047,1788179,4966245,5003925,5155917,378712,391045,513951,509591,1264160,1239121,1313670,922532,936681,1242900,1268200,3567048,3591230,3643354,105382,103060,145731,146057,369081,364829,349077,142626,186017,363150,361483,355767,164947,169632,237716,241614,582632,583191,560792
1/09/2015,2269421,2308855,2791231,2833575,8460229,8294839,8427910,2158672,2036923,2701886,2550579,8220232,7867899,7794888,1586363,1521515,2008136,1894820,5578048,5267504,5320676,439048,421119,556608,545237,1346452,1319781,1282586,1026559,978107,1383362,1315560,3763165,3657658,3594767,92488,90964,127230,120253,342479,333968,354618,142475,174335,364315,348659,350501,153751,151361,212917,212596,535872,522040,546530
1/12/2015,2669192,2599665,3232922,3117461,8952268,8705181,8869978,2091351,1979644,2549788,2464856,8129752,7986895,7886525,1699167,1588475,2039002,1934870,5901664,5631145,5577877,419565,391238,594887,556502,1326851,1269395,1266840,904036,877630,1261612,1219823,3582017,3523188,3442565,101708,99993,145320,144002,369679,364770,358424,128349,181431,355466,338124,347781,154977,141330,262693,236665,575773,549285,563046
1/03/2016,2542598,2681019,3093655,3302761,8944507,9561056,9342774,1542666,1779407,1913739,2164827,7034449,7711479,7968626,1411971,1530473,1769133,1924953,5332279,5847113,5801919,297662,333751,431131,484166,1141621,1245532,1253683,659228,730678,954188,1052930,2914134,3066378,3254342,100460,106975,161785,173138,348605,369157,359885,139628,184120,320601,358364,347677,132419,142074,239952,259821,578279,614319,596163
1/06/2016,2975457,2867128,3631390,3495401,9952962,9748890,9659093,1825245,1821960,2294359,2279510,8524921,8343080,7997906,1541076,1598114,2010112,2071740,5814739,5880968,5866144,276111,286277,476184,472905,1256427,1236643,1237450,772025,775434,1155097,1165947,3184853,3196945,3087619,104041,100765,155219,152160,355231,348099,353741,111684,186584,341826,337060,339400,136241,142623,246342,252823,648727,653007,631474
1/09/2016,2404726,2445926,3018888,3063156,9678315,9505085,9717130,1824517,1709075,2286548,2152467,8221110,7880210,8156613,1519621,1445280,1919902,1802226,6085828,5728665,5815327,280496,267557,461401,454643,1263489,1239401,1234525,741993,714617,1217394,1159772,3037103,2956291,2936801,94923,93656,175201,168150,354382,344609,347245,96996,197558,333491,326967,321215,139867,136513,231994,230050,631474,607465,664201
1/12/2016,2485254,2404837,3112190,3000533,10080516,9835509,9664004,2068690,1947047,2603056,2482254,8540969,8385555,8424756,1646899,1538817,1934038,1840788,6067678,5851060,5729125,349895,320765,534188,495620,1312943,1256178,1250402,709376,687580,1096710,1060430,2818646,2759744,2790714,101470,100290,167973,164979,348350,344361,350332,84869,178475,305623,288356,301835,153598,141237,248867,221651,751080,723660,679779
1/03/2017,2296335,2397762,2833709,3004948,9007940,9616344,9686094,1930655,2197251,2587323,2897326,8156172,8908383,8693243,1504997,1611837,1769968,1911839,5041552,5536277,5642067,292752,324329,428724,480751,1147058,1250287,1283810,612980,672932,958092,1057136,2485424,2630310,2679342,111640,118309,173041,186989,344502,366951,350791,62828,164678,263622,294046,283323,148716,157803,255165,276864,653520,696335,672189
1/06/2017,2293341,2231132,3105890,3002040,9923716,9733549,9817310,2199758,2170246,2896776,2841656,9024520,8768624,8822839,1624870,1700453,1860206,1929261,5571359,5650416,5609765,392741,403233,591079,584378,1401906,1379529,1331456,803055,792275,1250904,1245761,2730997,2725825,2667755,118535,114312,178839,174937,351356,342669,348221,74973,173688,276260,269626,266031,132340,138969,206309,213770,595576,604190,660387
1/09/2017,2480494,2521056,3277884,3321793,10268585,10093109,10033109,2471973,2325488,3214255,3045199,9188171,8820287,8764038,1791491,1697136,2069399,1941178,5944448,5574176,5643729,343662,328778,523544,514718,1384188,1355627,1390293,798732,775760,1212931,1156552,2737810,2664727,2701424,95481,94367,153177,148773,342385,334141,345992,69370,137881,245502,240364,254767,166061,160062,260075,255744,702761,672292,658463
1/12/2017,2703670,2605774,3549293,3420968,10596132,10343736,10302858,2351176,2234353,3162160,3028797,8845504,8706980,8907428,1885522,1780384,2212683,2113230,5979600,5765542,5691573,429216,393648,654800,603616,1534875,1463368,1462058,940651,912889,1278406,1241059,2781231,2714100,2719270,101504,100604,184461,180398,374218,371397,353735,74653,173151,279319,262269,255565,203953,189276,339348,302229,754783,713713,680408
1/03/2018,2314835,2406656,3098771,3275452,9828011,10460021,10515040,1931740,2202426,2690194,3026857,8466333,9246488,9270876,1664709,1776366,1987719,2133590,5125267,5628086,5631735,351993,390693,613867,683138,1405069,1532807,1530236,834424,902666,1077125,1183374,2569160,2723058,2653149,81432,86762,128266,141051,332882,355410,373812,52457,145328,232968,260649,264518,166446,174983,257601,281348,625833,674456,713922
1/06/2018,2476242,2441756,3469463,3377197,10921787,10717649,10696739,2476571,2469193,3419485,3385242,10175781,9902034,9619139,1477555,1565392,1868709,1950511,5385763,5467275,5429887,387763,399514,665498,656237,1622660,1594990,1575264,822757,805249,1048386,1035863,2534938,2521254,2531386,96236,92922,182199,177880,416642,405178,396964,70141,162817,282460,276968,267280,196799,208938,317406,335109,726235,749151,749953
1/09/2018,2508202,2531732,3500002,3527192,11082223,10859079,10907272,2466730,2315328,3420216,3248412,10012443,9613969,9811178,1585722,1497861,1942929,1822486,5567936,5196532,5208498,437938,419774,682718,671993,1586221,1555019,1566947,709345,695001,928777,888126,2383903,2326689,2405245,99417,97733,190497,185568,425771,415363,411735,58694,138830,253280,249040,256473,199163,190310,345340,338215,856765,820601,790947
1/12/2018,2788746,2679323,3962035,3809294,11230554,10988735,10972518,2560089,2428705,3512330,3356881,9964776,9830649,9784675,1437708,1365398,1788775,1712211,5117860,4941405,5076567,468550,431575,685762,639291,1610022,1538600,1525608,690560,674693,932797,907942,2455791,2401900,2344214,99855,98203,204893,197695,424833,422345,418220,61113,157488,258186,243610,236608,182115,170052,347144,311160,835851,786609,804458
1/03/2019,2870120,2974998,4031120,4247552,10361463,11014346,10826613,2262305,2565112,3007625,3381491,8986357,9815238,9732262,1306823,1390371,1634181,1752701,4743623,5219604,5068195,417595,461929,549433,612646,1348506,1471392,1485345,667489,712551,896164,977378,2188266,2314979,2342379,96986,103833,150387,167122,373256,401511,418465,34050,105725,186657,209200,213225,169254,178417,254506,281111,735589,798164,781578
1/06/2019,2917814,2898830,4023526,3932329,10439726,10251365,10486594,2362729,2342707,3254064,3207384,9817670,9521226,9697248,1209310,1285932,1680710,1759139,4884884,4956528,5072465,443688,454493,644855,639040,1475691,1455529,1469379,732848,717996,1008185,992483,2351105,2335500,2323033,106495,102984,174757,170137,446664,431261,416623,51306,122681,197262,193533,196174,169556,181309,232347,248851,713748,736522,753351
1/09/2019,3023988,3033148,4301173,4316765,10460826,10264905,10102579,2729294,2563537,3534498,3358924,10198732,9798964,9640877,1558166,1463579,2145036,2009604,5538600,5161381,5002408,484984,464442,670328,656387,1519088,1484940,1466912,752910,740877,1067272,1025426,2360293,2305075,2275067,120502,117486,188816,183338,423994,412164,409354,41115,99023,188011,184146,184809,232337,219923,290410,280135,773394,735087,733538
1/12/2019,2988400,2877198,4243408,4090390,9891082,9659393,9756644,2597624,2476398,3445014,3296710,9645775,9530457,9600231,1462188,1393236,2071534,1981479,4932462,4761829,4876601,451928,419232,666260,622417,1533156,1464159,1471126,735117,721856,997358,974498,2230967,2181273,2222583,110744,109157,170588,164008,387092,386656,399067,67339,113732,193992,181411,179957,221380,206924,285595,254287,767875,722896,719330
